Performance1,,,,,,Performance2,,,,,,Performance3
Run 1,,,,,,Run 1,,,,,,Run 1
-----,,,,,,-----,,,,,,-----
Iteration 1: SSE = 11439.34,,,,,,Iteration 1: SSE = 11439.34,,,,,,Iteration 1: SSE = 11439.34
Iteration 2: SSE = 10512.67,,,,,,Iteration 2: SSE = 10512.67,,,,,,Iteration 2: SSE = 10512.67
Iteration 3: SSE = 9152.61,,,,,,Iteration 3: SSE = 9152.61,,,,,,Iteration 3: SSE = 9152.61
Iteration 4: SSE = 9071.033,,,,,,Iteration 4: SSE = 9071.033,,,,,,Iteration 4: SSE = 9071.033
Iteration 5: SSE = 9063.718,,,,,,Iteration 5: SSE = 9063.718,,,,,,Iteration 5: SSE = 9063.718
,,,,,,,,,,,,
Run 2,,,,,,Run 2,,,,,,Run 2
-----,,,,,,-----,,,,,,-----
Iteration 1: SSE = 11439.34,,,,,,Iteration 1: SSE = 11439.34,,,,,,Iteration 1: SSE = 11439.34
Iteration 2: SSE = 10512.67,,,,,,Iteration 2: SSE = 10512.67,,,,,,Iteration 2: SSE = 10512.67
Iteration 3: SSE = 9152.61,,,,,,Iteration 3: SSE = 9152.61,,,,,,Iteration 3: SSE = 9152.61
Iteration 4: SSE = 9071.033,,,,,,Iteration 4: SSE = 9071.033,,,,,,Iteration 4: SSE = 9071.033
Iteration 5: SSE = 9063.718,,,,,,Iteration 5: SSE = 9063.718,,,,,,Iteration 5: SSE = 9063.718
,,,,,,,,,,,,
Run 3,,,,,,Run 3,,,,,,Run 3
-----,,,,,,-----,,,,,,-----
Iteration 1: SSE = 11439.34,,,,,,Iteration 1: SSE = 11439.34,,,,,,Iteration 1: SSE = 11439.34
Iteration 2: SSE = 10512.67,,,,,,Iteration 2: SSE = 10512.67,,,,,,Iteration 2: SSE = 10512.67
Iteration 3: SSE = 9152.61,,,,,,Iteration 3: SSE = 9152.61,,,,,,Iteration 3: SSE = 9152.61
Iteration 4: SSE = 9071.033,,,,,,Iteration 4: SSE = 9071.033,,,,,,Iteration 4: SSE = 9071.033
Iteration 5: SSE = 9063.718,,,,,,Iteration 5: SSE = 9063.718,,,,,,Iteration 5: SSE = 9063.718
,,,,,,,,,,,,
Run 4,,,,,,Run 4,,,,,,Run 4
-----,,,,,,-----,,,,,,-----
Iteration 1: SSE = 11439.34,,,,,,Iteration 1: SSE = 11439.34,,,,,,Iteration 1: SSE = 11439.34
Iteration 2: SSE = 10512.67,,,,,,Iteration 2: SSE = 10512.67,,,,,,Iteration 2: SSE = 10512.67
Iteration 3: SSE = 9152.61,,,,,,Iteration 3: SSE = 9152.61,,,,,,Iteration 3: SSE = 9152.61
Iteration 4: SSE = 9071.033,,,,,,Iteration 4: SSE = 9071.033,,,,,,Iteration 4: SSE = 9071.033
Iteration 5: SSE = 9063.718,,,,,,Iteration 5: SSE = 9063.718,,,,,,Iteration 5: SSE = 9063.718
,,,,,,,,,,,,
Run 5,,,,,,Run 5,,,,,,Run 5
-----,,,,,,-----,,,,,,-----
Iteration 1: SSE = 11439.34,,,,,,Iteration 1: SSE = 11439.34,,,,,,Iteration 1: SSE = 11439.34
Iteration 2: SSE = 10512.67,,,,,,Iteration 2: SSE = 10512.67,,,,,,Iteration 2: SSE = 10512.67
Iteration 3: SSE = 9152.61,,,,,,Iteration 3: SSE = 9152.61,,,,,,Iteration 3: SSE = 9152.61
Iteration 4: SSE = 9071.033,,,,,,Iteration 4: SSE = 9071.033,,,,,,Iteration 4: SSE = 9071.033
Iteration 5: SSE = 9063.718,,,,,,Iteration 5: SSE = 9063.718,,,,,,Iteration 5: SSE = 9063.718
,,,,,,,,,,,,
Run 6,,,,,,Run 6,,,,,,Run 6
-----,,,,,,-----,,,,,,-----
Iteration 1: SSE = 11439.34,,,,,,Iteration 1: SSE = 11439.34,,,,,,Iteration 1: SSE = 11439.34
Iteration 2: SSE = 10512.67,,,,,,Iteration 2: SSE = 10512.67,,,,,,Iteration 2: SSE = 10512.67
Iteration 3: SSE = 9152.61,,,,,,Iteration 3: SSE = 9152.61,,,,,,Iteration 3: SSE = 9152.61
Iteration 4: SSE = 9071.033,,,,,,Iteration 4: SSE = 9071.033,,,,,,Iteration 4: SSE = 9071.033
Iteration 5: SSE = 9063.718,,,,,,Iteration 5: SSE = 9063.718,,,,,,Iteration 5: SSE = 9063.718
,,,,,,,,,,,,
Run 7,,,,,,Run 7,,,,,,Run 7
-----,,,,,,-----,,,,,,-----
Iteration 1: SSE = 11439.34,,,,,,Iteration 1: SSE = 11439.34,,,,,,Iteration 1: SSE = 11439.34
Iteration 2: SSE = 10512.67,,,,,,Iteration 2: SSE = 10512.67,,,,,,Iteration 2: SSE = 10512.67
Iteration 3: SSE = 9152.61,,,,,,Iteration 3: SSE = 9152.61,,,,,,Iteration 3: SSE = 9152.61
Iteration 4: SSE = 9071.033,,,,,,Iteration 4: SSE = 9071.033,,,,,,Iteration 4: SSE = 9071.033
Iteration 5: SSE = 9063.718,,,,,,Iteration 5: SSE = 9063.718,,,,,,Iteration 5: SSE = 9063.718
,,,,,,,,,,,,
Run 8,,,,,,Run 8,,,,,,Run 8
-----,,,,,,-----,,,,,,-----
Iteration 1: SSE = 11439.34,,,,,,Iteration 1: SSE = 11439.34,,,,,,Iteration 1: SSE = 11439.34
Iteration 2: SSE = 10512.67,,,,,,Iteration 2: SSE = 10512.67,,,,,,Iteration 2: SSE = 10512.67
Iteration 3: SSE = 9152.61,,,,,,Iteration 3: SSE = 9152.61,,,,,,Iteration 3: SSE = 9152.61
Iteration 4: SSE = 9071.033,,,,,,Iteration 4: SSE = 9071.033,,,,,,Iteration 4: SSE = 9071.033
Iteration 5: SSE = 9063.718,,,,,,Iteration 5: SSE = 9063.718,,,,,,Iteration 5: SSE = 9063.718
,,,,,,,,,,,,
Run 9,,,,,,Run 9,,,,,,Run 9
-----,,,,,,-----,,,,,,-----
Iteration 1: SSE = 11439.34,,,,,,Iteration 1: SSE = 11439.34,,,,,,Iteration 1: SSE = 11439.34
Iteration 2: SSE = 10512.67,,,,,,Iteration 2: SSE = 10512.67,,,,,,Iteration 2: SSE = 10512.67
Iteration 3: SSE = 9152.61,,,,,,Iteration 3: SSE = 9152.61,,,,,,Iteration 3: SSE = 9152.61
Iteration 4: SSE = 9071.033,,,,,,Iteration 4: SSE = 9071.033,,,,,,Iteration 4: SSE = 9071.033
Iteration 5: SSE = 9063.718,,,,,,Iteration 5: SSE = 9063.718,,,,,,Iteration 5: SSE = 9063.718
,,,,,,,,,,,,
Run 10,,,,,,Run 10,,,,,,Run 10
-----,,,,,,-----,,,,,,-----
Iteration 1: SSE = 11439.34,,,,,,Iteration 1: SSE = 11439.34,,,,,,Iteration 1: SSE = 11439.34
Iteration 2: SSE = 10512.67,,,,,,Iteration 2: SSE = 10512.67,,,,,,Iteration 2: SSE = 10512.67
Iteration 3: SSE = 9152.61,,,,,,Iteration 3: SSE = 9152.61,,,,,,Iteration 3: SSE = 9152.61
Iteration 4: SSE = 9071.033,,,,,,Iteration 4: SSE = 9071.033,,,,,,Iteration 4: SSE = 9071.033
Iteration 5: SSE = 9063.718,,,,,,Iteration 5: SSE = 9063.718,,,,,,Iteration 5: SSE = 9063.718
,,,,,,,,,,,,
Run 11,,,,,,Run 11,,,,,,Run 11
-----,,,,,,-----,,,,,,-----
Iteration 1: SSE = 11439.34,,,,,,Iteration 1: SSE = 11439.34,,,,,,Iteration 1: SSE = 11439.34
Iteration 2: SSE = 10512.67,,,,,,Iteration 2: SSE = 10512.67,,,,,,Iteration 2: SSE = 10512.67
Iteration 3: SSE = 9152.61,,,,,,Iteration 3: SSE = 9152.61,,,,,,Iteration 3: SSE = 9152.61
Iteration 4: SSE = 9071.033,,,,,,Iteration 4: SSE = 9071.033,,,,,,Iteration 4: SSE = 9071.033
Iteration 5: SSE = 9063.718,,,,,,Iteration 5: SSE = 9063.718,,,,,,Iteration 5: SSE = 9063.718
,,,,,,,,,,,,
Run 12,,,,,,Run 12,,,,,,Run 12
-----,,,,,,-----,,,,,,-----
Iteration 1: SSE = 11439.34,,,,,,Iteration 1: SSE = 11439.34,,,,,,Iteration 1: SSE = 11439.34
Iteration 2: SSE = 10512.67,,,,,,Iteration 2: SSE = 10512.67,,,,,,Iteration 2: SSE = 10512.67
Iteration 3: SSE = 9152.61,,,,,,Iteration 3: SSE = 9152.61,,,,,,Iteration 3: SSE = 9152.61
Iteration 4: SSE = 9071.033,,,,,,Iteration 4: SSE = 9071.033,,,,,,Iteration 4: SSE = 9071.033
Iteration 5: SSE = 9063.718,,,,,,Iteration 5: SSE = 9063.718,,,,,,Iteration 5: SSE = 9063.718
,,,,,,,,,,,,
Run 13,,,,,,Run 13,,,,,,Run 13
-----,,,,,,-----,,,,,,-----
Iteration 1: SSE = 11439.34,,,,,,Iteration 1: SSE = 11439.34,,,,,,Iteration 1: SSE = 11439.34
Iteration 2: SSE = 10512.67,,,,,,Iteration 2: SSE = 10512.67,,,,,,Iteration 2: SSE = 10512.67
Iteration 3: SSE = 9152.61,,,,,,Iteration 3: SSE = 9152.61,,,,,,Iteration 3: SSE = 9152.61
Iteration 4: SSE = 9071.033,,,,,,Iteration 4: SSE = 9071.033,,,,,,Iteration 4: SSE = 9071.033
Iteration 5: SSE = 9063.718,,,,,,Iteration 5: SSE = 9063.718,,,,,,Iteration 5: SSE = 9063.718
,,,,,,,,,,,,
Run 14,,,,,,Run 14,,,,,,Run 14
-----,,,,,,-----,,,,,,-----
Iteration 1: SSE = 11439.34,,,,,,Iteration 1: SSE = 11439.34,,,,,,Iteration 1: SSE = 11439.34
Iteration 2: SSE = 10512.67,,,,,,Iteration 2: SSE = 10512.67,,,,,,Iteration 2: SSE = 10512.67
Iteration 3: SSE = 9152.61,,,,,,Iteration 3: SSE = 9152.61,,,,,,Iteration 3: SSE = 9152.61
Iteration 4: SSE = 9071.033,,,,,,Iteration 4: SSE = 9071.033,,,,,,Iteration 4: SSE = 9071.033
Iteration 5: SSE = 9063.718,,,,,,Iteration 5: SSE = 9063.718,,,,,,Iteration 5: SSE = 9063.718
,,,,,,,,,,,,
Run 15,,,,,,Run 15,,,,,,Run 15
-----,,,,,,-----,,,,,,-----
Iteration 1: SSE = 11439.34,,,,,,Iteration 1: SSE = 11439.34,,,,,,Iteration 1: SSE = 11439.34
Iteration 2: SSE = 10512.67,,,,,,Iteration 2: SSE = 10512.67,,,,,,Iteration 2: SSE = 10512.67
Iteration 3: SSE = 9152.61,,,,,,Iteration 3: SSE = 9152.61,,,,,,Iteration 3: SSE = 9152.61
Iteration 4: SSE = 9071.033,,,,,,Iteration 4: SSE = 9071.033,,,,,,Iteration 4: SSE = 9071.033
Iteration 5: SSE = 9063.718,,,,,,Iteration 5: SSE = 9063.718,,,,,,Iteration 5: SSE = 9063.718
,,,,,,,,,,,,
Run 16,,,,,,Run 16,,,,,,Run 16
-----,,,,,,-----,,,,,,-----
Iteration 1: SSE = 11439.34,,,,,,Iteration 1: SSE = 11439.34,,,,,,Iteration 1: SSE = 11439.34
Iteration 2: SSE = 10512.67,,,,,,Iteration 2: SSE = 10512.67,,,,,,Iteration 2: SSE = 10512.67
Iteration 3: SSE = 9152.61,,,,,,Iteration 3: SSE = 9152.61,,,,,,Iteration 3: SSE = 9152.61
Iteration 4: SSE = 9071.033,,,,,,Iteration 4: SSE = 9071.033,,,,,,Iteration 4: SSE = 9071.033
Iteration 5: SSE = 9063.718,,,,,,Iteration 5: SSE = 9063.718,,,,,,Iteration 5: SSE = 9063.718
,,,,,,,,,,,,
Run 17,,,,,,Run 17,,,,,,Run 17
-----,,,,,,-----,,,,,,-----
Iteration 1: SSE = 11439.34,,,,,,Iteration 1: SSE = 11439.34,,,,,,Iteration 1: SSE = 11439.34
Iteration 2: SSE = 10512.67,,,,,,Iteration 2: SSE = 10512.67,,,,,,Iteration 2: SSE = 10512.67
Iteration 3: SSE = 9152.61,,,,,,Iteration 3: SSE = 9152.61,,,,,,Iteration 3: SSE = 9152.61
Iteration 4: SSE = 9071.033,,,,,,Iteration 4: SSE = 9071.033,,,,,,Iteration 4: SSE = 9071.033
Iteration 5: SSE = 9063.718,,,,,,Iteration 5: SSE = 9063.718,,,,,,Iteration 5: SSE = 9063.718
,,,,,,,,,,,,
Run 18,,,,,,Run 18,,,,,,Run 18
-----,,,,,,-----,,,,,,-----
Iteration 1: SSE = 11439.34,,,,,,Iteration 1: SSE = 11439.34,,,,,,Iteration 1: SSE = 11439.34
Iteration 2: SSE = 10512.67,,,,,,Iteration 2: SSE = 10512.67,,,,,,Iteration 2: SSE = 10512.67
Iteration 3: SSE = 9152.61,,,,,,Iteration 3: SSE = 9152.61,,,,,,Iteration 3: SSE = 9152.61
Iteration 4: SSE = 9071.033,,,,,,Iteration 4: SSE = 9071.033,,,,,,Iteration 4: SSE = 9071.033
Iteration 5: SSE = 9063.718,,,,,,Iteration 5: SSE = 9063.718,,,,,,Iteration 5: SSE = 9063.718
,,,,,,,,,,,,
Run 19,,,,,,Run 19,,,,,,Run 19
-----,,,,,,-----,,,,,,-----
Iteration 1: SSE = 11439.34,,,,,,Iteration 1: SSE = 11439.34,,,,,,Iteration 1: SSE = 11439.34
Iteration 2: SSE = 10512.67,,,,,,Iteration 2: SSE = 10512.67,,,,,,Iteration 2: SSE = 10512.67
Iteration 3: SSE = 9152.61,,,,,,Iteration 3: SSE = 9152.61,,,,,,Iteration 3: SSE = 9152.61
Iteration 4: SSE = 9071.033,,,,,,Iteration 4: SSE = 9071.033,,,,,,Iteration 4: SSE = 9071.033
Iteration 5: SSE = 9063.718,,,,,,Iteration 5: SSE = 9063.718,,,,,,Iteration 5: SSE = 9063.718
,,,,,,,,,,,,
Run 20,,,,,,Run 20,,,,,,Run 20
-----,,,,,,-----,,,,,,-----
Iteration 1: SSE = 11349.12,,,,,,Iteration 1: SSE = 11349.12,,,,,,Iteration 1: SSE = 11349.12
Iteration 2: SSE = 9974.188,,,,,,Iteration 2: SSE = 9974.188,,,,,,Iteration 2: SSE = 9974.188
Iteration 3: SSE = 9223.63,,,,,,Iteration 3: SSE = 9223.63,,,,,,Iteration 3: SSE = 9223.63
Iteration 4: SSE = 9079.074,,,,,,Iteration 4: SSE = 9079.074,,,,,,Iteration 4: SSE = 9079.074
Iteration 5: SSE = 9069.675,,,,,,Iteration 5: SSE = 9069.675,,,,,,Iteration 5: SSE = 9069.675
Iteration 6: SSE = 9063.718,,,,,,Iteration 6: SSE = 9063.718,,,,,,Iteration 6: SSE = 9063.718
,,,,,,,,,,,,
Run 21,,,,,,Run 21,,,,,,Run 21
-----,,,,,,-----,,,,,,-----
Iteration 1: SSE = 11349.12,,,,,,Iteration 1: SSE = 11349.12,,,,,,Iteration 1: SSE = 11349.12
Iteration 2: SSE = 9974.188,,,,,,Iteration 2: SSE = 9974.188,,,,,,Iteration 2: SSE = 9974.188
Iteration 3: SSE = 9223.63,,,,,,Iteration 3: SSE = 9223.63,,,,,,Iteration 3: SSE = 9223.63
Iteration 4: SSE = 9079.074,,,,,,Iteration 4: SSE = 9079.074,,,,,,Iteration 4: SSE = 9079.074
Iteration 5: SSE = 9069.675,,,,,,Iteration 5: SSE = 9069.675,,,,,,Iteration 5: SSE = 9069.675
Iteration 6: SSE = 9063.718,,,,,,Iteration 6: SSE = 9063.718,,,,,,Iteration 6: SSE = 9063.718
,,,,,,,,,,,,
Run 22,,,,,,Run 22,,,,,,Run 22
-----,,,,,,-----,,,,,,-----
Iteration 1: SSE = 11349.12,,,,,,Iteration 1: SSE = 11349.12,,,,,,Iteration 1: SSE = 11349.12
Iteration 2: SSE = 9974.188,,,,,,Iteration 2: SSE = 9974.188,,,,,,Iteration 2: SSE = 9974.188
Iteration 3: SSE = 9223.63,,,,,,Iteration 3: SSE = 9223.63,,,,,,Iteration 3: SSE = 9223.63
Iteration 4: SSE = 9079.074,,,,,,Iteration 4: SSE = 9079.074,,,,,,Iteration 4: SSE = 9079.074
Iteration 5: SSE = 9069.675,,,,,,Iteration 5: SSE = 9069.675,,,,,,Iteration 5: SSE = 9069.675
Iteration 6: SSE = 9063.718,,,,,,Iteration 6: SSE = 9063.718,,,,,,Iteration 6: SSE = 9063.718
,,,,,,,,,,,,
Run 23,,,,,,Run 23,,,,,,Run 23
-----,,,,,,-----,,,,,,-----
Iteration 1: SSE = 11349.12,,,,,,Iteration 1: SSE = 11349.12,,,,,,Iteration 1: SSE = 11349.12
Iteration 2: SSE = 9974.188,,,,,,Iteration 2: SSE = 9974.188,,,,,,Iteration 2: SSE = 9974.188
Iteration 3: SSE = 9223.63,,,,,,Iteration 3: SSE = 9223.63,,,,,,Iteration 3: SSE = 9223.63
Iteration 4: SSE = 9079.074,,,,,,Iteration 4: SSE = 9079.074,,,,,,Iteration 4: SSE = 9079.074
Iteration 5: SSE = 9069.675,,,,,,Iteration 5: SSE = 9069.675,,,,,,Iteration 5: SSE = 9069.675
Iteration 6: SSE = 9063.718,,,,,,Iteration 6: SSE = 9063.718,,,,,,Iteration 6: SSE = 9063.718
,,,,,,,,,,,,
Run 24,,,,,,Run 24,,,,,,Run 24
-----,,,,,,-----,,,,,,-----
Iteration 1: SSE = 11349.12,,,,,,Iteration 1: SSE = 11349.12,,,,,,Iteration 1: SSE = 11349.12
Iteration 2: SSE = 9974.188,,,,,,Iteration 2: SSE = 9974.188,,,,,,Iteration 2: SSE = 9974.188
Iteration 3: SSE = 9223.63,,,,,,Iteration 3: SSE = 9223.63,,,,,,Iteration 3: SSE = 9223.63
Iteration 4: SSE = 9079.074,,,,,,Iteration 4: SSE = 9079.074,,,,,,Iteration 4: SSE = 9079.074
Iteration 5: SSE = 9069.675,,,,,,Iteration 5: SSE = 9069.675,,,,,,Iteration 5: SSE = 9069.675
Iteration 6: SSE = 9063.718,,,,,,Iteration 6: SSE = 9063.718,,,,,,Iteration 6: SSE = 9063.718
,,,,,,,,,,,,
Run 25,,,,,,Run 25,,,,,,Run 25
-----,,,,,,-----,,,,,,-----
Iteration 1: SSE = 11349.12,,,,,,Iteration 1: SSE = 11349.12,,,,,,Iteration 1: SSE = 11349.12
Iteration 2: SSE = 9974.188,,,,,,Iteration 2: SSE = 9974.188,,,,,,Iteration 2: SSE = 9974.188
Iteration 3: SSE = 9223.63,,,,,,Iteration 3: SSE = 9223.63,,,,,,Iteration 3: SSE = 9223.63
Iteration 4: SSE = 9079.074,,,,,,Iteration 4: SSE = 9079.074,,,,,,Iteration 4: SSE = 9079.074
Iteration 5: SSE = 9069.675,,,,,,Iteration 5: SSE = 9069.675,,,,,,Iteration 5: SSE = 9069.675
Iteration 6: SSE = 9063.718,,,,,,Iteration 6: SSE = 9063.718,,,,,,Iteration 6: SSE = 9063.718
,,,,,,,,,,,,
Run 26,,,,,,Run 26,,,,,,Run 26
-----,,,,,,-----,,,,,,-----
Iteration 1: SSE = 11349.12,,,,,,Iteration 1: SSE = 11349.12,,,,,,Iteration 1: SSE = 11349.12
Iteration 2: SSE = 9974.188,,,,,,Iteration 2: SSE = 9974.188,,,,,,Iteration 2: SSE = 9974.188
Iteration 3: SSE = 9223.63,,,,,,Iteration 3: SSE = 9223.63,,,,,,Iteration 3: SSE = 9223.63
Iteration 4: SSE = 9079.074,,,,,,Iteration 4: SSE = 9079.074,,,,,,Iteration 4: SSE = 9079.074
Iteration 5: SSE = 9069.675,,,,,,Iteration 5: SSE = 9069.675,,,,,,Iteration 5: SSE = 9069.675
Iteration 6: SSE = 9063.718,,,,,,Iteration 6: SSE = 9063.718,,,,,,Iteration 6: SSE = 9063.718
,,,,,,,,,,,,
Run 27,,,,,,Run 27,,,,,,Run 27
-----,,,,,,-----,,,,,,-----
Iteration 1: SSE = 11349.12,,,,,,Iteration 1: SSE = 11349.12,,,,,,Iteration 1: SSE = 11349.12
Iteration 2: SSE = 9974.188,,,,,,Iteration 2: SSE = 9974.188,,,,,,Iteration 2: SSE = 9974.188
Iteration 3: SSE = 9223.63,,,,,,Iteration 3: SSE = 9223.63,,,,,,Iteration 3: SSE = 9223.63
Iteration 4: SSE = 9079.074,,,,,,Iteration 4: SSE = 9079.074,,,,,,Iteration 4: SSE = 9079.074
Iteration 5: SSE = 9069.675,,,,,,Iteration 5: SSE = 9069.675,,,,,,Iteration 5: SSE = 9069.675
Iteration 6: SSE = 9063.718,,,,,,Iteration 6: SSE = 9063.718,,,,,,Iteration 6: SSE = 9063.718
,,,,,,,,,,,,
Run 28,,,,,,Run 28,,,,,,Run 28
-----,,,,,,-----,,,,,,-----
Iteration 1: SSE = 11349.12,,,,,,Iteration 1: SSE = 11349.12,,,,,,Iteration 1: SSE = 11349.12
Iteration 2: SSE = 9974.188,,,,,,Iteration 2: SSE = 9974.188,,,,,,Iteration 2: SSE = 9974.188
Iteration 3: SSE = 9223.63,,,,,,Iteration 3: SSE = 9223.63,,,,,,Iteration 3: SSE = 9223.63
Iteration 4: SSE = 9079.074,,,,,,Iteration 4: SSE = 9079.074,,,,,,Iteration 4: SSE = 9079.074
Iteration 5: SSE = 9069.675,,,,,,Iteration 5: SSE = 9069.675,,,,,,Iteration 5: SSE = 9069.675
Iteration 6: SSE = 9063.718,,,,,,Iteration 6: SSE = 9063.718,,,,,,Iteration 6: SSE = 9063.718
,,,,,,,,,,,,
Run 29,,,,,,Run 29,,,,,,Run 29
-----,,,,,,-----,,,,,,-----
Iteration 1: SSE = 11349.12,,,,,,Iteration 1: SSE = 11349.12,,,,,,Iteration 1: SSE = 11349.12
Iteration 2: SSE = 9974.188,,,,,,Iteration 2: SSE = 9974.188,,,,,,Iteration 2: SSE = 9974.188
Iteration 3: SSE = 9223.63,,,,,,Iteration 3: SSE = 9223.63,,,,,,Iteration 3: SSE = 9223.63
Iteration 4: SSE = 9079.074,,,,,,Iteration 4: SSE = 9079.074,,,,,,Iteration 4: SSE = 9079.074
Iteration 5: SSE = 9069.675,,,,,,Iteration 5: SSE = 9069.675,,,,,,Iteration 5: SSE = 9069.675
Iteration 6: SSE = 9063.718,,,,,,Iteration 6: SSE = 9063.718,,,,,,Iteration 6: SSE = 9063.718
,,,,,,,,,,,,
Run 30,,,,,,Run 30,,,,,,Run 30
-----,,,,,,-----,,,,,,-----
Iteration 1: SSE = 11349.12,,,,,,Iteration 1: SSE = 11349.12,,,,,,Iteration 1: SSE = 11349.12
Iteration 2: SSE = 9974.188,,,,,,Iteration 2: SSE = 9974.188,,,,,,Iteration 2: SSE = 9974.188
Iteration 3: SSE = 9223.63,,,,,,Iteration 3: SSE = 9223.63,,,,,,Iteration 3: SSE = 9223.63
Iteration 4: SSE = 9079.074,,,,,,Iteration 4: SSE = 9079.074,,,,,,Iteration 4: SSE = 9079.074
Iteration 5: SSE = 9069.675,,,,,,Iteration 5: SSE = 9069.675,,,,,,Iteration 5: SSE = 9069.675
Iteration 6: SSE = 9063.718,,,,,,Iteration 6: SSE = 9063.718,,,,,,Iteration 6: SSE = 9063.718
,,,,,,,,,,,,
Run 31,,,,,,Run 31,,,,,,Run 31
-----,,,,,,-----,,,,,,-----
Iteration 1: SSE = 11349.12,,,,,,Iteration 1: SSE = 11349.12,,,,,,Iteration 1: SSE = 11349.12
Iteration 2: SSE = 9974.188,,,,,,Iteration 2: SSE = 9974.188,,,,,,Iteration 2: SSE = 9974.188
Iteration 3: SSE = 9223.63,,,,,,Iteration 3: SSE = 9223.63,,,,,,Iteration 3: SSE = 9223.63
Iteration 4: SSE = 9079.074,,,,,,Iteration 4: SSE = 9079.074,,,,,,Iteration 4: SSE = 9079.074
Iteration 5: SSE = 9069.675,,,,,,Iteration 5: SSE = 9069.675,,,,,,Iteration 5: SSE = 9069.675
Iteration 6: SSE = 9063.718,,,,,,Iteration 6: SSE = 9063.718,,,,,,Iteration 6: SSE = 9063.718
,,,,,,,,,,,,
Run 32,,,,,,Run 32,,,,,,Run 32
-----,,,,,,-----,,,,,,-----
Iteration 1: SSE = 11349.12,,,,,,Iteration 1: SSE = 11349.12,,,,,,Iteration 1: SSE = 11349.12
Iteration 2: SSE = 9974.188,,,,,,Iteration 2: SSE = 9974.188,,,,,,Iteration 2: SSE = 9974.188
Iteration 3: SSE = 9223.63,,,,,,Iteration 3: SSE = 9223.63,,,,,,Iteration 3: SSE = 9223.63
Iteration 4: SSE = 9079.074,,,,,,Iteration 4: SSE = 9079.074,,,,,,Iteration 4: SSE = 9079.074
Iteration 5: SSE = 9069.675,,,,,,Iteration 5: SSE = 9069.675,,,,,,Iteration 5: SSE = 9069.675
Iteration 6: SSE = 9063.718,,,,,,Iteration 6: SSE = 9063.718,,,,,,Iteration 6: SSE = 9063.718
,,,,,,,,,,,,
Run 33,,,,,,Run 33,,,,,,Run 33
-----,,,,,,-----,,,,,,-----
Iteration 1: SSE = 11349.12,,,,,,Iteration 1: SSE = 11349.12,,,,,,Iteration 1: SSE = 11349.12
Iteration 2: SSE = 9974.188,,,,,,Iteration 2: SSE = 9974.188,,,,,,Iteration 2: SSE = 9974.188
Iteration 3: SSE = 9223.63,,,,,,Iteration 3: SSE = 9223.63,,,,,,Iteration 3: SSE = 9223.63
Iteration 4: SSE = 9079.074,,,,,,Iteration 4: SSE = 9079.074,,,,,,Iteration 4: SSE = 9079.074
Iteration 5: SSE = 9069.675,,,,,,Iteration 5: SSE = 9069.675,,,,,,Iteration 5: SSE = 9069.675
Iteration 6: SSE = 9063.718,,,,,,Iteration 6: SSE = 9063.718,,,,,,Iteration 6: SSE = 9063.718
,,,,,,,,,,,,
Run 34,,,,,,Run 34,,,,,,Run 34
-----,,,,,,-----,,,,,,-----
Iteration 1: SSE = 11349.12,,,,,,Iteration 1: SSE = 11349.12,,,,,,Iteration 1: SSE = 11349.12
Iteration 2: SSE = 9974.188,,,,,,Iteration 2: SSE = 9974.188,,,,,,Iteration 2: SSE = 9974.188
Iteration 3: SSE = 9223.63,,,,,,Iteration 3: SSE = 9223.63,,,,,,Iteration 3: SSE = 9223.63
Iteration 4: SSE = 9079.074,,,,,,Iteration 4: SSE = 9079.074,,,,,,Iteration 4: SSE = 9079.074
Iteration 5: SSE = 9069.675,,,,,,Iteration 5: SSE = 9069.675,,,,,,Iteration 5: SSE = 9069.675
Iteration 6: SSE = 9063.718,,,,,,Iteration 6: SSE = 9063.718,,,,,,Iteration 6: SSE = 9063.718
,,,,,,,,,,,,
Run 35,,,,,,Run 35,,,,,,Run 35
-----,,,,,,-----,,,,,,-----
Iteration 1: SSE = 11349.12,,,,,,Iteration 1: SSE = 11349.12,,,,,,Iteration 1: SSE = 11349.12
Iteration 2: SSE = 9974.188,,,,,,Iteration 2: SSE = 9974.188,,,,,,Iteration 2: SSE = 9974.188
Iteration 3: SSE = 9223.63,,,,,,Iteration 3: SSE = 9223.63,,,,,,Iteration 3: SSE = 9223.63
Iteration 4: SSE = 9079.074,,,,,,Iteration 4: SSE = 9079.074,,,,,,Iteration 4: SSE = 9079.074
Iteration 5: SSE = 9069.675,,,,,,Iteration 5: SSE = 9069.675,,,,,,Iteration 5: SSE = 9069.675
Iteration 6: SSE = 9063.718,,,,,,Iteration 6: SSE = 9063.718,,,,,,Iteration 6: SSE = 9063.718
,,,,,,,,,,,,
Run 36,,,,,,Run 36,,,,,,Run 36
-----,,,,,,-----,,,,,,-----
Iteration 1: SSE = 11349.12,,,,,,Iteration 1: SSE = 11349.12,,,,,,Iteration 1: SSE = 11349.12
Iteration 2: SSE = 9974.188,,,,,,Iteration 2: SSE = 9974.188,,,,,,Iteration 2: SSE = 9974.188
Iteration 3: SSE = 9223.63,,,,,,Iteration 3: SSE = 9223.63,,,,,,Iteration 3: SSE = 9223.63
Iteration 4: SSE = 9079.074,,,,,,Iteration 4: SSE = 9079.074,,,,,,Iteration 4: SSE = 9079.074
Iteration 5: SSE = 9069.675,,,,,,Iteration 5: SSE = 9069.675,,,,,,Iteration 5: SSE = 9069.675
Iteration 6: SSE = 9063.718,,,,,,Iteration 6: SSE = 9063.718,,,,,,Iteration 6: SSE = 9063.718
,,,,,,,,,,,,
Run 37,,,,,,Run 37,,,,,,Run 37
-----,,,,,,-----,,,,,,-----
Iteration 1: SSE = 11321.15,,,,,,Iteration 1: SSE = 11321.15,,,,,,Iteration 1: SSE = 11321.15
Iteration 2: SSE = 9122.513,,,,,,Iteration 2: SSE = 9122.513,,,,,,Iteration 2: SSE = 9122.513
Iteration 3: SSE = 9059.317,,,,,,Iteration 3: SSE = 9059.317,,,,,,Iteration 3: SSE = 9059.317
Iteration 4: SSE = 9058.679,,,,,,Iteration 4: SSE = 9058.679,,,,,,Iteration 4: SSE = 9058.679
,,,,,,,,,,,,
Run 38,,,,,,Run 38,,,,,,Run 38
-----,,,,,,-----,,,,,,-----
Iteration 1: SSE = 11321.15,,,,,,Iteration 1: SSE = 11321.15,,,,,,Iteration 1: SSE = 11321.15
Iteration 2: SSE = 9122.513,,,,,,Iteration 2: SSE = 9122.513,,,,,,Iteration 2: SSE = 9122.513
Iteration 3: SSE = 9059.317,,,,,,Iteration 3: SSE = 9059.317,,,,,,Iteration 3: SSE = 9059.317
Iteration 4: SSE = 9058.679,,,,,,Iteration 4: SSE = 9058.679,,,,,,Iteration 4: SSE = 9058.679
,,,,,,,,,,,,
Run 39,,,,,,Run 39,,,,,,Run 39
-----,,,,,,-----,,,,,,-----
Iteration 1: SSE = 11321.15,,,,,,Iteration 1: SSE = 11321.15,,,,,,Iteration 1: SSE = 11321.15
Iteration 2: SSE = 9122.513,,,,,,Iteration 2: SSE = 9122.513,,,,,,Iteration 2: SSE = 9122.513
Iteration 3: SSE = 9059.317,,,,,,Iteration 3: SSE = 9059.317,,,,,,Iteration 3: SSE = 9059.317
Iteration 4: SSE = 9058.679,,,,,,Iteration 4: SSE = 9058.679,,,,,,Iteration 4: SSE = 9058.679
,,,,,,,,,,,,
Run 40,,,,,,Run 40,,,,,,Run 40
-----,,,,,,-----,,,,,,-----
Iteration 1: SSE = 11321.15,,,,,,Iteration 1: SSE = 11321.15,,,,,,Iteration 1: SSE = 11321.15
Iteration 2: SSE = 9122.513,,,,,,Iteration 2: SSE = 9122.513,,,,,,Iteration 2: SSE = 9122.513
Iteration 3: SSE = 9059.317,,,,,,Iteration 3: SSE = 9059.317,,,,,,Iteration 3: SSE = 9059.317
Iteration 4: SSE = 9058.679,,,,,,Iteration 4: SSE = 9058.679,,,,,,Iteration 4: SSE = 9058.679
,,,,,,,,,,,,
Run 41,,,,,,Run 41,,,,,,Run 41
-----,,,,,,-----,,,,,,-----
Iteration 1: SSE = 11321.15,,,,,,Iteration 1: SSE = 11321.15,,,,,,Iteration 1: SSE = 11321.15
Iteration 2: SSE = 9122.513,,,,,,Iteration 2: SSE = 9122.513,,,,,,Iteration 2: SSE = 9122.513
Iteration 3: SSE = 9059.317,,,,,,Iteration 3: SSE = 9059.317,,,,,,Iteration 3: SSE = 9059.317
Iteration 4: SSE = 9058.679,,,,,,Iteration 4: SSE = 9058.679,,,,,,Iteration 4: SSE = 9058.679
,,,,,,,,,,,,
Run 42,,,,,,Run 42,,,,,,Run 42
-----,,,,,,-----,,,,,,-----
Iteration 1: SSE = 11321.15,,,,,,Iteration 1: SSE = 11321.15,,,,,,Iteration 1: SSE = 11321.15
Iteration 2: SSE = 9122.513,,,,,,Iteration 2: SSE = 9122.513,,,,,,Iteration 2: SSE = 9122.513
Iteration 3: SSE = 9059.317,,,,,,Iteration 3: SSE = 9059.317,,,,,,Iteration 3: SSE = 9059.317
Iteration 4: SSE = 9058.679,,,,,,Iteration 4: SSE = 9058.679,,,,,,Iteration 4: SSE = 9058.679
,,,,,,,,,,,,
Run 43,,,,,,Run 43,,,,,,Run 43
-----,,,,,,-----,,,,,,-----
Iteration 1: SSE = 11321.15,,,,,,Iteration 1: SSE = 11321.15,,,,,,Iteration 1: SSE = 11321.15
Iteration 2: SSE = 9122.513,,,,,,Iteration 2: SSE = 9122.513,,,,,,Iteration 2: SSE = 9122.513
Iteration 3: SSE = 9059.317,,,,,,Iteration 3: SSE = 9059.317,,,,,,Iteration 3: SSE = 9059.317
Iteration 4: SSE = 9058.679,,,,,,Iteration 4: SSE = 9058.679,,,,,,Iteration 4: SSE = 9058.679
,,,,,,,,,,,,
Run 44,,,,,,Run 44,,,,,,Run 44
-----,,,,,,-----,,,,,,-----
Iteration 1: SSE = 11321.15,,,,,,Iteration 1: SSE = 11321.15,,,,,,Iteration 1: SSE = 11321.15
Iteration 2: SSE = 9122.513,,,,,,Iteration 2: SSE = 9122.513,,,,,,Iteration 2: SSE = 9122.513
Iteration 3: SSE = 9059.317,,,,,,Iteration 3: SSE = 9059.317,,,,,,Iteration 3: SSE = 9059.317
Iteration 4: SSE = 9058.679,,,,,,Iteration 4: SSE = 9058.679,,,,,,Iteration 4: SSE = 9058.679
,,,,,,,,,,,,
Run 45,,,,,,Run 45,,,,,,Run 45
-----,,,,,,-----,,,,,,-----
Iteration 1: SSE = 11321.15,,,,,,Iteration 1: SSE = 11321.15,,,,,,Iteration 1: SSE = 11321.15
Iteration 2: SSE = 9122.513,,,,,,Iteration 2: SSE = 9122.513,,,,,,Iteration 2: SSE = 9122.513
Iteration 3: SSE = 9059.317,,,,,,Iteration 3: SSE = 9059.317,,,,,,Iteration 3: SSE = 9059.317
Iteration 4: SSE = 9058.679,,,,,,Iteration 4: SSE = 9058.679,,,,,,Iteration 4: SSE = 9058.679
,,,,,,,,,,,,
Run 46,,,,,,Run 46,,,,,,Run 46
-----,,,,,,-----,,,,,,-----
Iteration 1: SSE = 11321.15,,,,,,Iteration 1: SSE = 11321.15,,,,,,Iteration 1: SSE = 11321.15
Iteration 2: SSE = 9122.513,,,,,,Iteration 2: SSE = 9122.513,,,,,,Iteration 2: SSE = 9122.513
Iteration 3: SSE = 9059.317,,,,,,Iteration 3: SSE = 9059.317,,,,,,Iteration 3: SSE = 9059.317
Iteration 4: SSE = 9058.679,,,,,,Iteration 4: SSE = 9058.679,,,,,,Iteration 4: SSE = 9058.679
,,,,,,,,,,,,
Run 47,,,,,,Run 47,,,,,,Run 47
-----,,,,,,-----,,,,,,-----
Iteration 1: SSE = 11321.15,,,,,,Iteration 1: SSE = 11321.15,,,,,,Iteration 1: SSE = 11321.15
Iteration 2: SSE = 9122.513,,,,,,Iteration 2: SSE = 9122.513,,,,,,Iteration 2: SSE = 9122.513
Iteration 3: SSE = 9059.317,,,,,,Iteration 3: SSE = 9059.317,,,,,,Iteration 3: SSE = 9059.317
Iteration 4: SSE = 9058.679,,,,,,Iteration 4: SSE = 9058.679,,,,,,Iteration 4: SSE = 9058.679
,,,,,,,,,,,,
Run 48,,,,,,Run 48,,,,,,Run 48
-----,,,,,,-----,,,,,,-----
Iteration 1: SSE = 11321.15,,,,,,Iteration 1: SSE = 11321.15,,,,,,Iteration 1: SSE = 11321.15
Iteration 2: SSE = 9122.513,,,,,,Iteration 2: SSE = 9122.513,,,,,,Iteration 2: SSE = 9122.513
Iteration 3: SSE = 9059.317,,,,,,Iteration 3: SSE = 9059.317,,,,,,Iteration 3: SSE = 9059.317
Iteration 4: SSE = 9058.679,,,,,,Iteration 4: SSE = 9058.679,,,,,,Iteration 4: SSE = 9058.679
,,,,,,,,,,,,
Run 49,,,,,,Run 49,,,,,,Run 49
-----,,,,,,-----,,,,,,-----
Iteration 1: SSE = 11321.15,,,,,,Iteration 1: SSE = 11321.15,,,,,,Iteration 1: SSE = 11321.15
Iteration 2: SSE = 9122.513,,,,,,Iteration 2: SSE = 9122.513,,,,,,Iteration 2: SSE = 9122.513
Iteration 3: SSE = 9059.317,,,,,,Iteration 3: SSE = 9059.317,,,,,,Iteration 3: SSE = 9059.317
Iteration 4: SSE = 9058.679,,,,,,Iteration 4: SSE = 9058.679,,,,,,Iteration 4: SSE = 9058.679
,,,,,,,,,,,,
Run 50,,,,,,Run 50,,,,,,Run 50
-----,,,,,,-----,,,,,,-----
Iteration 1: SSE = 11321.15,,,,,,Iteration 1: SSE = 11321.15,,,,,,Iteration 1: SSE = 11321.15
Iteration 2: SSE = 9122.513,,,,,,Iteration 2: SSE = 9122.513,,,,,,Iteration 2: SSE = 9122.513
Iteration 3: SSE = 9059.317,,,,,,Iteration 3: SSE = 9059.317,,,,,,Iteration 3: SSE = 9059.317
Iteration 4: SSE = 9058.679,,,,,,Iteration 4: SSE = 9058.679,,,,,,Iteration 4: SSE = 9058.679
,,,,,,,,,,,,
Run 51,,,,,,Run 51,,,,,,Run 51
-----,,,,,,-----,,,,,,-----
Iteration 1: SSE = 11321.15,,,,,,Iteration 1: SSE = 11321.15,,,,,,Iteration 1: SSE = 11321.15
Iteration 2: SSE = 9122.513,,,,,,Iteration 2: SSE = 9122.513,,,,,,Iteration 2: SSE = 9122.513
Iteration 3: SSE = 9059.317,,,,,,Iteration 3: SSE = 9059.317,,,,,,Iteration 3: SSE = 9059.317
Iteration 4: SSE = 9058.679,,,,,,Iteration 4: SSE = 9058.679,,,,,,Iteration 4: SSE = 9058.679
,,,,,,,,,,,,
Run 52,,,,,,Run 52,,,,,,Run 52
-----,,,,,,-----,,,,,,-----
Iteration 1: SSE = 11321.15,,,,,,Iteration 1: SSE = 11321.15,,,,,,Iteration 1: SSE = 11321.15
Iteration 2: SSE = 9122.513,,,,,,Iteration 2: SSE = 9122.513,,,,,,Iteration 2: SSE = 9122.513
Iteration 3: SSE = 9059.317,,,,,,Iteration 3: SSE = 9059.317,,,,,,Iteration 3: SSE = 9059.317
Iteration 4: SSE = 9058.679,,,,,,Iteration 4: SSE = 9058.679,,,,,,Iteration 4: SSE = 9058.679
,,,,,,,,,,,,
Run 53,,,,,,Run 53,,,,,,Run 53
-----,,,,,,-----,,,,,,-----
Iteration 1: SSE = 11321.15,,,,,,Iteration 1: SSE = 11321.15,,,,,,Iteration 1: SSE = 11321.15
Iteration 2: SSE = 9122.513,,,,,,Iteration 2: SSE = 9122.513,,,,,,Iteration 2: SSE = 9122.513
Iteration 3: SSE = 9059.317,,,,,,Iteration 3: SSE = 9059.317,,,,,,Iteration 3: SSE = 9059.317
Iteration 4: SSE = 9058.679,,,,,,Iteration 4: SSE = 9058.679,,,,,,Iteration 4: SSE = 9058.679
,,,,,,,,,,,,
Run 54,,,,,,Run 54,,,,,,Run 54
-----,,,,,,-----,,,,,,-----
Iteration 1: SSE = 11321.15,,,,,,Iteration 1: SSE = 11321.15,,,,,,Iteration 1: SSE = 11321.15
Iteration 2: SSE = 9122.513,,,,,,Iteration 2: SSE = 9122.513,,,,,,Iteration 2: SSE = 9122.513
Iteration 3: SSE = 9059.317,,,,,,Iteration 3: SSE = 9059.317,,,,,,Iteration 3: SSE = 9059.317
Iteration 4: SSE = 9058.679,,,,,,Iteration 4: SSE = 9058.679,,,,,,Iteration 4: SSE = 9058.679
,,,,,,,,,,,,
Run 55,,,,,,Run 55,,,,,,Run 55
-----,,,,,,-----,,,,,,-----
Iteration 1: SSE = 11321.15,,,,,,Iteration 1: SSE = 11321.15,,,,,,Iteration 1: SSE = 11321.15
Iteration 2: SSE = 9122.513,,,,,,Iteration 2: SSE = 9122.513,,,,,,Iteration 2: SSE = 9122.513
Iteration 3: SSE = 9059.317,,,,,,Iteration 3: SSE = 9059.317,,,,,,Iteration 3: SSE = 9059.317
Iteration 4: SSE = 9058.679,,,,,,Iteration 4: SSE = 9058.679,,,,,,Iteration 4: SSE = 9058.679
,,,,,,,,,,,,
Run 56,,,,,,Run 56,,,,,,Run 56
-----,,,,,,-----,,,,,,-----
Iteration 1: SSE = 11321.15,,,,,,Iteration 1: SSE = 11321.15,,,,,,Iteration 1: SSE = 11321.15
Iteration 2: SSE = 9122.513,,,,,,Iteration 2: SSE = 9122.513,,,,,,Iteration 2: SSE = 9122.513
Iteration 3: SSE = 9059.317,,,,,,Iteration 3: SSE = 9059.317,,,,,,Iteration 3: SSE = 9059.317
Iteration 4: SSE = 9058.679,,,,,,Iteration 4: SSE = 9058.679,,,,,,Iteration 4: SSE = 9058.679
,,,,,,,,,,,,
Run 57,,,,,,Run 57,,,,,,Run 57
-----,,,,,,-----,,,,,,-----
Iteration 1: SSE = 11321.15,,,,,,Iteration 1: SSE = 11321.15,,,,,,Iteration 1: SSE = 11321.15
Iteration 2: SSE = 9122.513,,,,,,Iteration 2: SSE = 9122.513,,,,,,Iteration 2: SSE = 9122.513
Iteration 3: SSE = 9059.317,,,,,,Iteration 3: SSE = 9059.317,,,,,,Iteration 3: SSE = 9059.317
Iteration 4: SSE = 9058.679,,,,,,Iteration 4: SSE = 9058.679,,,,,,Iteration 4: SSE = 9058.679
,,,,,,,,,,,,
Run 58,,,,,,Run 58,,,,,,Run 58
-----,,,,,,-----,,,,,,-----
Iteration 1: SSE = 11321.15,,,,,,Iteration 1: SSE = 11321.15,,,,,,Iteration 1: SSE = 11321.15
Iteration 2: SSE = 9122.513,,,,,,Iteration 2: SSE = 9122.513,,,,,,Iteration 2: SSE = 9122.513
Iteration 3: SSE = 9059.317,,,,,,Iteration 3: SSE = 9059.317,,,,,,Iteration 3: SSE = 9059.317
Iteration 4: SSE = 9058.679,,,,,,Iteration 4: SSE = 9058.679,,,,,,Iteration 4: SSE = 9058.679
,,,,,,,,,,,,
Run 59,,,,,,Run 59,,,,,,Run 59
-----,,,,,,-----,,,,,,-----
Iteration 1: SSE = 11321.15,,,,,,Iteration 1: SSE = 11321.15,,,,,,Iteration 1: SSE = 11321.15
Iteration 2: SSE = 9122.513,,,,,,Iteration 2: SSE = 9122.513,,,,,,Iteration 2: SSE = 9122.513
Iteration 3: SSE = 9059.317,,,,,,Iteration 3: SSE = 9059.317,,,,,,Iteration 3: SSE = 9059.317
Iteration 4: SSE = 9058.679,,,,,,Iteration 4: SSE = 9058.679,,,,,,Iteration 4: SSE = 9058.679
,,,,,,,,,,,,
Run 60,,,,,,Run 60,,,,,,Run 60
-----,,,,,,-----,,,,,,-----
Iteration 1: SSE = 11321.15,,,,,,Iteration 1: SSE = 11321.15,,,,,,Iteration 1: SSE = 11321.15
Iteration 2: SSE = 9122.513,,,,,,Iteration 2: SSE = 9122.513,,,,,,Iteration 2: SSE = 9122.513
Iteration 3: SSE = 9059.317,,,,,,Iteration 3: SSE = 9059.317,,,,,,Iteration 3: SSE = 9059.317
Iteration 4: SSE = 9058.679,,,,,,Iteration 4: SSE = 9058.679,,,,,,Iteration 4: SSE = 9058.679
,,,,,,,,,,,,
Run 61,,,,,,Run 61,,,,,,Run 61
-----,,,,,,-----,,,,,,-----
Iteration 1: SSE = 11321.15,,,,,,Iteration 1: SSE = 11321.15,,,,,,Iteration 1: SSE = 11321.15
Iteration 2: SSE = 9122.513,,,,,,Iteration 2: SSE = 9122.513,,,,,,Iteration 2: SSE = 9122.513
Iteration 3: SSE = 9059.317,,,,,,Iteration 3: SSE = 9059.317,,,,,,Iteration 3: SSE = 9059.317
Iteration 4: SSE = 9058.679,,,,,,Iteration 4: SSE = 9058.679,,,,,,Iteration 4: SSE = 9058.679
,,,,,,,,,,,,
Run 62,,,,,,Run 62,,,,,,Run 62
-----,,,,,,-----,,,,,,-----
Iteration 1: SSE = 11321.15,,,,,,Iteration 1: SSE = 11321.15,,,,,,Iteration 1: SSE = 11321.15
Iteration 2: SSE = 9122.513,,,,,,Iteration 2: SSE = 9122.513,,,,,,Iteration 2: SSE = 9122.513
Iteration 3: SSE = 9059.317,,,,,,Iteration 3: SSE = 9059.317,,,,,,Iteration 3: SSE = 9059.317
Iteration 4: SSE = 9058.679,,,,,,Iteration 4: SSE = 9058.679,,,,,,Iteration 4: SSE = 9058.679
,,,,,,,,,,,,
Run 63,,,,,,Run 63,,,,,,Run 63
-----,,,,,,-----,,,,,,-----
Iteration 1: SSE = 11321.15,,,,,,Iteration 1: SSE = 11321.15,,,,,,Iteration 1: SSE = 11321.15
Iteration 2: SSE = 9122.513,,,,,,Iteration 2: SSE = 9122.513,,,,,,Iteration 2: SSE = 9122.513
Iteration 3: SSE = 9059.317,,,,,,Iteration 3: SSE = 9059.317,,,,,,Iteration 3: SSE = 9059.317
Iteration 4: SSE = 9058.679,,,,,,Iteration 4: SSE = 9058.679,,,,,,Iteration 4: SSE = 9058.679
,,,,,,,,,,,,
Run 64,,,,,,Run 64,,,,,,Run 64
-----,,,,,,-----,,,,,,-----
Iteration 1: SSE = 11321.15,,,,,,Iteration 1: SSE = 11321.15,,,,,,Iteration 1: SSE = 11321.15
Iteration 2: SSE = 9122.513,,,,,,Iteration 2: SSE = 9122.513,,,,,,Iteration 2: SSE = 9122.513
Iteration 3: SSE = 9059.317,,,,,,Iteration 3: SSE = 9059.317,,,,,,Iteration 3: SSE = 9059.317
Iteration 4: SSE = 9058.679,,,,,,Iteration 4: SSE = 9058.679,,,,,,Iteration 4: SSE = 9058.679
,,,,,,,,,,,,
Run 65,,,,,,Run 65,,,,,,Run 65
-----,,,,,,-----,,,,,,-----
Iteration 1: SSE = 11321.15,,,,,,Iteration 1: SSE = 11321.15,,,,,,Iteration 1: SSE = 11321.15
Iteration 2: SSE = 9122.513,,,,,,Iteration 2: SSE = 9122.513,,,,,,Iteration 2: SSE = 9122.513
Iteration 3: SSE = 9059.317,,,,,,Iteration 3: SSE = 9059.317,,,,,,Iteration 3: SSE = 9059.317
Iteration 4: SSE = 9058.679,,,,,,Iteration 4: SSE = 9058.679,,,,,,Iteration 4: SSE = 9058.679
,,,,,,,,,,,,
Run 66,,,,,,Run 66,,,,,,Run 66
-----,,,,,,-----,,,,,,-----
Iteration 1: SSE = 11321.15,,,,,,Iteration 1: SSE = 11321.15,,,,,,Iteration 1: SSE = 11321.15
Iteration 2: SSE = 9122.513,,,,,,Iteration 2: SSE = 9122.513,,,,,,Iteration 2: SSE = 9122.513
Iteration 3: SSE = 9059.317,,,,,,Iteration 3: SSE = 9059.317,,,,,,Iteration 3: SSE = 9059.317
Iteration 4: SSE = 9058.679,,,,,,Iteration 4: SSE = 9058.679,,,,,,Iteration 4: SSE = 9058.679
,,,,,,,,,,,,
Run 67,,,,,,Run 67,,,,,,Run 67
-----,,,,,,-----,,,,,,-----
Iteration 1: SSE = 11250.29,,,,,,Iteration 1: SSE = 11250.29,,,,,,Iteration 1: SSE = 11250.29
Iteration 2: SSE = 9521.312,,,,,,Iteration 2: SSE = 9521.312,,,,,,Iteration 2: SSE = 9521.312
Iteration 3: SSE = 9131.679,,,,,,Iteration 3: SSE = 9131.679,,,,,,Iteration 3: SSE = 9131.679
Iteration 4: SSE = 9063.07,,,,,,Iteration 4: SSE = 9063.07,,,,,,Iteration 4: SSE = 9063.07
Iteration 5: SSE = 9058.679,,,,,,Iteration 5: SSE = 9058.679,,,,,,Iteration 5: SSE = 9058.679
,,,,,,,,,,,,
Run 68,,,,,,Run 68,,,,,,Run 68
-----,,,,,,-----,,,,,,-----
Iteration 1: SSE = 11250.29,,,,,,Iteration 1: SSE = 11250.29,,,,,,Iteration 1: SSE = 11250.29
Iteration 2: SSE = 9521.312,,,,,,Iteration 2: SSE = 9521.312,,,,,,Iteration 2: SSE = 9521.312
Iteration 3: SSE = 9131.679,,,,,,Iteration 3: SSE = 9131.679,,,,,,Iteration 3: SSE = 9131.679
Iteration 4: SSE = 9063.07,,,,,,Iteration 4: SSE = 9063.07,,,,,,Iteration 4: SSE = 9063.07
Iteration 5: SSE = 9058.679,,,,,,Iteration 5: SSE = 9058.679,,,,,,Iteration 5: SSE = 9058.679
,,,,,,,,,,,,
Run 69,,,,,,Run 69,,,,,,Run 69
-----,,,,,,-----,,,,,,-----
Iteration 1: SSE = 11250.29,,,,,,Iteration 1: SSE = 11250.29,,,,,,Iteration 1: SSE = 11250.29
Iteration 2: SSE = 9521.312,,,,,,Iteration 2: SSE = 9521.312,,,,,,Iteration 2: SSE = 9521.312
Iteration 3: SSE = 9131.679,,,,,,Iteration 3: SSE = 9131.679,,,,,,Iteration 3: SSE = 9131.679
Iteration 4: SSE = 9063.07,,,,,,Iteration 4: SSE = 9063.07,,,,,,Iteration 4: SSE = 9063.07
Iteration 5: SSE = 9058.679,,,,,,Iteration 5: SSE = 9058.679,,,,,,Iteration 5: SSE = 9058.679
,,,,,,,,,,,,
Run 70,,,,,,Run 70,,,,,,Run 70
-----,,,,,,-----,,,,,,-----
Iteration 1: SSE = 11250.29,,,,,,Iteration 1: SSE = 11250.29,,,,,,Iteration 1: SSE = 11250.29
Iteration 2: SSE = 9521.312,,,,,,Iteration 2: SSE = 9521.312,,,,,,Iteration 2: SSE = 9521.312
Iteration 3: SSE = 9131.679,,,,,,Iteration 3: SSE = 9131.679,,,,,,Iteration 3: SSE = 9131.679
Iteration 4: SSE = 9063.07,,,,,,Iteration 4: SSE = 9063.07,,,,,,Iteration 4: SSE = 9063.07
Iteration 5: SSE = 9058.679,,,,,,Iteration 5: SSE = 9058.679,,,,,,Iteration 5: SSE = 9058.679
,,,,,,,,,,,,
Run 71,,,,,,Run 71,,,,,,Run 71
-----,,,,,,-----,,,,,,-----
Iteration 1: SSE = 11250.29,,,,,,Iteration 1: SSE = 11250.29,,,,,,Iteration 1: SSE = 11250.29
Iteration 2: SSE = 9521.312,,,,,,Iteration 2: SSE = 9521.312,,,,,,Iteration 2: SSE = 9521.312
Iteration 3: SSE = 9131.679,,,,,,Iteration 3: SSE = 9131.679,,,,,,Iteration 3: SSE = 9131.679
Iteration 4: SSE = 9063.07,,,,,,Iteration 4: SSE = 9063.07,,,,,,Iteration 4: SSE = 9063.07
Iteration 5: SSE = 9058.679,,,,,,Iteration 5: SSE = 9058.679,,,,,,Iteration 5: SSE = 9058.679
,,,,,,,,,,,,
Run 72,,,,,,Run 72,,,,,,Run 72
-----,,,,,,-----,,,,,,-----
Iteration 1: SSE = 11250.29,,,,,,Iteration 1: SSE = 11250.29,,,,,,Iteration 1: SSE = 11250.29
Iteration 2: SSE = 9521.312,,,,,,Iteration 2: SSE = 9521.312,,,,,,Iteration 2: SSE = 9521.312
Iteration 3: SSE = 9131.679,,,,,,Iteration 3: SSE = 9131.679,,,,,,Iteration 3: SSE = 9131.679
Iteration 4: SSE = 9063.07,,,,,,Iteration 4: SSE = 9063.07,,,,,,Iteration 4: SSE = 9063.07
Iteration 5: SSE = 9058.679,,,,,,Iteration 5: SSE = 9058.679,,,,,,Iteration 5: SSE = 9058.679
,,,,,,,,,,,,
Run 73,,,,,,Run 73,,,,,,Run 73
-----,,,,,,-----,,,,,,-----
Iteration 1: SSE = 11250.29,,,,,,Iteration 1: SSE = 11250.29,,,,,,Iteration 1: SSE = 11250.29
Iteration 2: SSE = 9521.312,,,,,,Iteration 2: SSE = 9521.312,,,,,,Iteration 2: SSE = 9521.312
Iteration 3: SSE = 9131.679,,,,,,Iteration 3: SSE = 9131.679,,,,,,Iteration 3: SSE = 9131.679
Iteration 4: SSE = 9063.07,,,,,,Iteration 4: SSE = 9063.07,,,,,,Iteration 4: SSE = 9063.07
Iteration 5: SSE = 9058.679,,,,,,Iteration 5: SSE = 9058.679,,,,,,Iteration 5: SSE = 9058.679
,,,,,,,,,,,,
Run 74,,,,,,Run 74,,,,,,Run 74
-----,,,,,,-----,,,,,,-----
Iteration 1: SSE = 11250.29,,,,,,Iteration 1: SSE = 11250.29,,,,,,Iteration 1: SSE = 11250.29
Iteration 2: SSE = 9521.312,,,,,,Iteration 2: SSE = 9521.312,,,,,,Iteration 2: SSE = 9521.312
Iteration 3: SSE = 9131.679,,,,,,Iteration 3: SSE = 9131.679,,,,,,Iteration 3: SSE = 9131.679
Iteration 4: SSE = 9063.07,,,,,,Iteration 4: SSE = 9063.07,,,,,,Iteration 4: SSE = 9063.07
Iteration 5: SSE = 9058.679,,,,,,Iteration 5: SSE = 9058.679,,,,,,Iteration 5: SSE = 9058.679
,,,,,,,,,,,,
Run 75,,,,,,Run 75,,,,,,Run 75
-----,,,,,,-----,,,,,,-----
Iteration 1: SSE = 11250.29,,,,,,Iteration 1: SSE = 11250.29,,,,,,Iteration 1: SSE = 11250.29
Iteration 2: SSE = 9521.312,,,,,,Iteration 2: SSE = 9521.312,,,,,,Iteration 2: SSE = 9521.312
Iteration 3: SSE = 9131.679,,,,,,Iteration 3: SSE = 9131.679,,,,,,Iteration 3: SSE = 9131.679
Iteration 4: SSE = 9063.07,,,,,,Iteration 4: SSE = 9063.07,,,,,,Iteration 4: SSE = 9063.07
Iteration 5: SSE = 9058.679,,,,,,Iteration 5: SSE = 9058.679,,,,,,Iteration 5: SSE = 9058.679
,,,,,,,,,,,,
Run 76,,,,,,Run 76,,,,,,Run 76
-----,,,,,,-----,,,,,,-----
Iteration 1: SSE = 11250.29,,,,,,Iteration 1: SSE = 11250.29,,,,,,Iteration 1: SSE = 11250.29
Iteration 2: SSE = 9521.312,,,,,,Iteration 2: SSE = 9521.312,,,,,,Iteration 2: SSE = 9521.312
Iteration 3: SSE = 9131.679,,,,,,Iteration 3: SSE = 9131.679,,,,,,Iteration 3: SSE = 9131.679
Iteration 4: SSE = 9063.07,,,,,,Iteration 4: SSE = 9063.07,,,,,,Iteration 4: SSE = 9063.07
Iteration 5: SSE = 9058.679,,,,,,Iteration 5: SSE = 9058.679,,,,,,Iteration 5: SSE = 9058.679
,,,,,,,,,,,,
Run 77,,,,,,Run 77,,,,,,Run 77
-----,,,,,,-----,,,,,,-----
Iteration 1: SSE = 11250.29,,,,,,Iteration 1: SSE = 11250.29,,,,,,Iteration 1: SSE = 11250.29
Iteration 2: SSE = 9521.312,,,,,,Iteration 2: SSE = 9521.312,,,,,,Iteration 2: SSE = 9521.312
Iteration 3: SSE = 9131.679,,,,,,Iteration 3: SSE = 9131.679,,,,,,Iteration 3: SSE = 9131.679
Iteration 4: SSE = 9063.07,,,,,,Iteration 4: SSE = 9063.07,,,,,,Iteration 4: SSE = 9063.07
Iteration 5: SSE = 9058.679,,,,,,Iteration 5: SSE = 9058.679,,,,,,Iteration 5: SSE = 9058.679
,,,,,,,,,,,,
Run 78,,,,,,Run 78,,,,,,Run 78
-----,,,,,,-----,,,,,,-----
Iteration 1: SSE = 11250.29,,,,,,Iteration 1: SSE = 11250.29,,,,,,Iteration 1: SSE = 11250.29
Iteration 2: SSE = 9521.312,,,,,,Iteration 2: SSE = 9521.312,,,,,,Iteration 2: SSE = 9521.312
Iteration 3: SSE = 9131.679,,,,,,Iteration 3: SSE = 9131.679,,,,,,Iteration 3: SSE = 9131.679
Iteration 4: SSE = 9063.07,,,,,,Iteration 4: SSE = 9063.07,,,,,,Iteration 4: SSE = 9063.07
Iteration 5: SSE = 9058.679,,,,,,Iteration 5: SSE = 9058.679,,,,,,Iteration 5: SSE = 9058.679
,,,,,,,,,,,,
Run 79,,,,,,Run 79,,,,,,Run 79
-----,,,,,,-----,,,,,,-----
Iteration 1: SSE = 11250.29,,,,,,Iteration 1: SSE = 11250.29,,,,,,Iteration 1: SSE = 11250.29
Iteration 2: SSE = 9521.312,,,,,,Iteration 2: SSE = 9521.312,,,,,,Iteration 2: SSE = 9521.312
Iteration 3: SSE = 9131.679,,,,,,Iteration 3: SSE = 9131.679,,,,,,Iteration 3: SSE = 9131.679
Iteration 4: SSE = 9063.07,,,,,,Iteration 4: SSE = 9063.07,,,,,,Iteration 4: SSE = 9063.07
Iteration 5: SSE = 9058.679,,,,,,Iteration 5: SSE = 9058.679,,,,,,Iteration 5: SSE = 9058.679
,,,,,,,,,,,,
Run 80,,,,,,Run 80,,,,,,Run 80
-----,,,,,,-----,,,,,,-----
Iteration 1: SSE = 11250.29,,,,,,Iteration 1: SSE = 11250.29,,,,,,Iteration 1: SSE = 11250.29
Iteration 2: SSE = 9521.312,,,,,,Iteration 2: SSE = 9521.312,,,,,,Iteration 2: SSE = 9521.312
Iteration 3: SSE = 9131.679,,,,,,Iteration 3: SSE = 9131.679,,,,,,Iteration 3: SSE = 9131.679
Iteration 4: SSE = 9063.07,,,,,,Iteration 4: SSE = 9063.07,,,,,,Iteration 4: SSE = 9063.07
Iteration 5: SSE = 9058.679,,,,,,Iteration 5: SSE = 9058.679,,,,,,Iteration 5: SSE = 9058.679
,,,,,,,,,,,,
Run 81,,,,,,Run 81,,,,,,Run 81
-----,,,,,,-----,,,,,,-----
Iteration 1: SSE = 11250.29,,,,,,Iteration 1: SSE = 11250.29,,,,,,Iteration 1: SSE = 11250.29
Iteration 2: SSE = 9521.312,,,,,,Iteration 2: SSE = 9521.312,,,,,,Iteration 2: SSE = 9521.312
Iteration 3: SSE = 9131.679,,,,,,Iteration 3: SSE = 9131.679,,,,,,Iteration 3: SSE = 9131.679
Iteration 4: SSE = 9063.07,,,,,,Iteration 4: SSE = 9063.07,,,,,,Iteration 4: SSE = 9063.07
Iteration 5: SSE = 9058.679,,,,,,Iteration 5: SSE = 9058.679,,,,,,Iteration 5: SSE = 9058.679
,,,,,,,,,,,,
Run 82,,,,,,Run 82,,,,,,Run 82
-----,,,,,,-----,,,,,,-----
Iteration 1: SSE = 11250.29,,,,,,Iteration 1: SSE = 11250.29,,,,,,Iteration 1: SSE = 11250.29
Iteration 2: SSE = 9521.312,,,,,,Iteration 2: SSE = 9521.312,,,,,,Iteration 2: SSE = 9521.312
Iteration 3: SSE = 9131.679,,,,,,Iteration 3: SSE = 9131.679,,,,,,Iteration 3: SSE = 9131.679
Iteration 4: SSE = 9063.07,,,,,,Iteration 4: SSE = 9063.07,,,,,,Iteration 4: SSE = 9063.07
Iteration 5: SSE = 9058.679,,,,,,Iteration 5: SSE = 9058.679,,,,,,Iteration 5: SSE = 9058.679
,,,,,,,,,,,,
Run 83,,,,,,Run 83,,,,,,Run 83
-----,,,,,,-----,,,,,,-----
Iteration 1: SSE = 11250.29,,,,,,Iteration 1: SSE = 11250.29,,,,,,Iteration 1: SSE = 11250.29
Iteration 2: SSE = 9521.312,,,,,,Iteration 2: SSE = 9521.312,,,,,,Iteration 2: SSE = 9521.312
Iteration 3: SSE = 9131.679,,,,,,Iteration 3: SSE = 9131.679,,,,,,Iteration 3: SSE = 9131.679
Iteration 4: SSE = 9063.07,,,,,,Iteration 4: SSE = 9063.07,,,,,,Iteration 4: SSE = 9063.07
Iteration 5: SSE = 9058.679,,,,,,Iteration 5: SSE = 9058.679,,,,,,Iteration 5: SSE = 9058.679
,,,,,,,,,,,,
Run 84,,,,,,Run 84,,,,,,Run 84
-----,,,,,,-----,,,,,,-----
Iteration 1: SSE = 11250.29,,,,,,Iteration 1: SSE = 11250.29,,,,,,Iteration 1: SSE = 11250.29
Iteration 2: SSE = 9521.312,,,,,,Iteration 2: SSE = 9521.312,,,,,,Iteration 2: SSE = 9521.312
Iteration 3: SSE = 9131.679,,,,,,Iteration 3: SSE = 9131.679,,,,,,Iteration 3: SSE = 9131.679
Iteration 4: SSE = 9063.07,,,,,,Iteration 4: SSE = 9063.07,,,,,,Iteration 4: SSE = 9063.07
Iteration 5: SSE = 9058.679,,,,,,Iteration 5: SSE = 9058.679,,,,,,Iteration 5: SSE = 9058.679
,,,,,,,,,,,,
Run 85,,,,,,Run 85,,,,,,Run 85
-----,,,,,,-----,,,,,,-----
Iteration 1: SSE = 11250.29,,,,,,Iteration 1: SSE = 11250.29,,,,,,Iteration 1: SSE = 11250.29
Iteration 2: SSE = 9521.312,,,,,,Iteration 2: SSE = 9521.312,,,,,,Iteration 2: SSE = 9521.312
Iteration 3: SSE = 9131.679,,,,,,Iteration 3: SSE = 9131.679,,,,,,Iteration 3: SSE = 9131.679
Iteration 4: SSE = 9063.07,,,,,,Iteration 4: SSE = 9063.07,,,,,,Iteration 4: SSE = 9063.07
Iteration 5: SSE = 9058.679,,,,,,Iteration 5: SSE = 9058.679,,,,,,Iteration 5: SSE = 9058.679
,,,,,,,,,,,,
Run 86,,,,,,Run 86,,,,,,Run 86
-----,,,,,,-----,,,,,,-----
Iteration 1: SSE = 11250.29,,,,,,Iteration 1: SSE = 11250.29,,,,,,Iteration 1: SSE = 11250.29
Iteration 2: SSE = 9521.312,,,,,,Iteration 2: SSE = 9521.312,,,,,,Iteration 2: SSE = 9521.312
Iteration 3: SSE = 9131.679,,,,,,Iteration 3: SSE = 9131.679,,,,,,Iteration 3: SSE = 9131.679
Iteration 4: SSE = 9063.07,,,,,,Iteration 4: SSE = 9063.07,,,,,,Iteration 4: SSE = 9063.07
Iteration 5: SSE = 9058.679,,,,,,Iteration 5: SSE = 9058.679,,,,,,Iteration 5: SSE = 9058.679
,,,,,,,,,,,,
Run 87,,,,,,Run 87,,,,,,Run 87
-----,,,,,,-----,,,,,,-----
Iteration 1: SSE = 11250.29,,,,,,Iteration 1: SSE = 11250.29,,,,,,Iteration 1: SSE = 11250.29
Iteration 2: SSE = 9521.312,,,,,,Iteration 2: SSE = 9521.312,,,,,,Iteration 2: SSE = 9521.312
Iteration 3: SSE = 9131.679,,,,,,Iteration 3: SSE = 9131.679,,,,,,Iteration 3: SSE = 9131.679
Iteration 4: SSE = 9063.07,,,,,,Iteration 4: SSE = 9063.07,,,,,,Iteration 4: SSE = 9063.07
Iteration 5: SSE = 9058.679,,,,,,Iteration 5: SSE = 9058.679,,,,,,Iteration 5: SSE = 9058.679
,,,,,,,,,,,,
Run 88,,,,,,Run 88,,,,,,Run 88
-----,,,,,,-----,,,,,,-----
Iteration 1: SSE = 11250.29,,,,,,Iteration 1: SSE = 11250.29,,,,,,Iteration 1: SSE = 11250.29
Iteration 2: SSE = 9521.312,,,,,,Iteration 2: SSE = 9521.312,,,,,,Iteration 2: SSE = 9521.312
Iteration 3: SSE = 9131.679,,,,,,Iteration 3: SSE = 9131.679,,,,,,Iteration 3: SSE = 9131.679
Iteration 4: SSE = 9063.07,,,,,,Iteration 4: SSE = 9063.07,,,,,,Iteration 4: SSE = 9063.07
Iteration 5: SSE = 9058.679,,,,,,Iteration 5: SSE = 9058.679,,,,,,Iteration 5: SSE = 9058.679
,,,,,,,,,,,,
Run 89,,,,,,Run 89,,,,,,Run 89
-----,,,,,,-----,,,,,,-----
Iteration 1: SSE = 11250.29,,,,,,Iteration 1: SSE = 11250.29,,,,,,Iteration 1: SSE = 11250.29
Iteration 2: SSE = 9521.312,,,,,,Iteration 2: SSE = 9521.312,,,,,,Iteration 2: SSE = 9521.312
Iteration 3: SSE = 9131.679,,,,,,Iteration 3: SSE = 9131.679,,,,,,Iteration 3: SSE = 9131.679
Iteration 4: SSE = 9063.07,,,,,,Iteration 4: SSE = 9063.07,,,,,,Iteration 4: SSE = 9063.07
Iteration 5: SSE = 9058.679,,,,,,Iteration 5: SSE = 9058.679,,,,,,Iteration 5: SSE = 9058.679
,,,,,,,,,,,,
Run 90,,,,,,Run 90,,,,,,Run 90
-----,,,,,,-----,,,,,,-----
Iteration 1: SSE = 11250.29,,,,,,Iteration 1: SSE = 11250.29,,,,,,Iteration 1: SSE = 11250.29
Iteration 2: SSE = 9521.312,,,,,,Iteration 2: SSE = 9521.312,,,,,,Iteration 2: SSE = 9521.312
Iteration 3: SSE = 9131.679,,,,,,Iteration 3: SSE = 9131.679,,,,,,Iteration 3: SSE = 9131.679
Iteration 4: SSE = 9063.07,,,,,,Iteration 4: SSE = 9063.07,,,,,,Iteration 4: SSE = 9063.07
Iteration 5: SSE = 9058.679,,,,,,Iteration 5: SSE = 9058.679,,,,,,Iteration 5: SSE = 9058.679
,,,,,,,,,,,,
Run 91,,,,,,Run 91,,,,,,Run 91
-----,,,,,,-----,,,,,,-----
Iteration 1: SSE = 11250.29,,,,,,Iteration 1: SSE = 11250.29,,,,,,Iteration 1: SSE = 11250.29
Iteration 2: SSE = 9521.312,,,,,,Iteration 2: SSE = 9521.312,,,,,,Iteration 2: SSE = 9521.312
Iteration 3: SSE = 9131.679,,,,,,Iteration 3: SSE = 9131.679,,,,,,Iteration 3: SSE = 9131.679
Iteration 4: SSE = 9063.07,,,,,,Iteration 4: SSE = 9063.07,,,,,,Iteration 4: SSE = 9063.07
Iteration 5: SSE = 9058.679,,,,,,Iteration 5: SSE = 9058.679,,,,,,Iteration 5: SSE = 9058.679
,,,,,,,,,,,,
Run 92,,,,,,Run 92,,,,,,Run 92
-----,,,,,,-----,,,,,,-----
Iteration 1: SSE = 11159.7,,,,,,Iteration 1: SSE = 11159.7,,,,,,Iteration 1: SSE = 11159.7
Iteration 2: SSE = 9117.33,,,,,,Iteration 2: SSE = 9117.33,,,,,,Iteration 2: SSE = 9117.33
Iteration 3: SSE = 9068.444,,,,,,Iteration 3: SSE = 9068.444,,,,,,Iteration 3: SSE = 9068.444
Iteration 4: SSE = 9059.311,,,,,,Iteration 4: SSE = 9059.311,,,,,,Iteration 4: SSE = 9059.311
Iteration 5: SSE = 9058.661,,,,,,Iteration 5: SSE = 9058.661,,,,,,Iteration 5: SSE = 9058.661
,,,,,,,,,,,,
Run 93,,,,,,Run 93,,,,,,Run 93
-----,,,,,,-----,,,,,,-----
Iteration 1: SSE = 11159.7,,,,,,Iteration 1: SSE = 11159.7,,,,,,Iteration 1: SSE = 11159.7
Iteration 2: SSE = 9117.33,,,,,,Iteration 2: SSE = 9117.33,,,,,,Iteration 2: SSE = 9117.33
Iteration 3: SSE = 9068.444,,,,,,Iteration 3: SSE = 9068.444,,,,,,Iteration 3: SSE = 9068.444
Iteration 4: SSE = 9059.311,,,,,,Iteration 4: SSE = 9059.311,,,,,,Iteration 4: SSE = 9059.311
Iteration 5: SSE = 9058.661,,,,,,Iteration 5: SSE = 9058.661,,,,,,Iteration 5: SSE = 9058.661
,,,,,,,,,,,,
Run 94,,,,,,Run 94,,,,,,Run 94
-----,,,,,,-----,,,,,,-----
Iteration 1: SSE = 11159.7,,,,,,Iteration 1: SSE = 11159.7,,,,,,Iteration 1: SSE = 11159.7
Iteration 2: SSE = 9117.33,,,,,,Iteration 2: SSE = 9117.33,,,,,,Iteration 2: SSE = 9117.33
Iteration 3: SSE = 9068.444,,,,,,Iteration 3: SSE = 9068.444,,,,,,Iteration 3: SSE = 9068.444
Iteration 4: SSE = 9059.311,,,,,,Iteration 4: SSE = 9059.311,,,,,,Iteration 4: SSE = 9059.311
Iteration 5: SSE = 9058.661,,,,,,Iteration 5: SSE = 9058.661,,,,,,Iteration 5: SSE = 9058.661
,,,,,,,,,,,,
Run 95,,,,,,Run 95,,,,,,Run 95
-----,,,,,,-----,,,,,,-----
Iteration 1: SSE = 11159.7,,,,,,Iteration 1: SSE = 11159.7,,,,,,Iteration 1: SSE = 11159.7
Iteration 2: SSE = 9117.33,,,,,,Iteration 2: SSE = 9117.33,,,,,,Iteration 2: SSE = 9117.33
Iteration 3: SSE = 9068.444,,,,,,Iteration 3: SSE = 9068.444,,,,,,Iteration 3: SSE = 9068.444
Iteration 4: SSE = 9059.311,,,,,,Iteration 4: SSE = 9059.311,,,,,,Iteration 4: SSE = 9059.311
Iteration 5: SSE = 9058.661,,,,,,Iteration 5: SSE = 9058.661,,,,,,Iteration 5: SSE = 9058.661
,,,,,,,,,,,,
Run 96,,,,,,Run 96,,,,,,Run 96
-----,,,,,,-----,,,,,,-----
Iteration 1: SSE = 11159.7,,,,,,Iteration 1: SSE = 11159.7,,,,,,Iteration 1: SSE = 11159.7
Iteration 2: SSE = 9117.33,,,,,,Iteration 2: SSE = 9117.33,,,,,,Iteration 2: SSE = 9117.33
Iteration 3: SSE = 9068.444,,,,,,Iteration 3: SSE = 9068.444,,,,,,Iteration 3: SSE = 9068.444
Iteration 4: SSE = 9059.311,,,,,,Iteration 4: SSE = 9059.311,,,,,,Iteration 4: SSE = 9059.311
Iteration 5: SSE = 9058.661,,,,,,Iteration 5: SSE = 9058.661,,,,,,Iteration 5: SSE = 9058.661
,,,,,,,,,,,,
Run 97,,,,,,Run 97,,,,,,Run 97
-----,,,,,,-----,,,,,,-----
Iteration 1: SSE = 11159.7,,,,,,Iteration 1: SSE = 11159.7,,,,,,Iteration 1: SSE = 11159.7
Iteration 2: SSE = 9117.33,,,,,,Iteration 2: SSE = 9117.33,,,,,,Iteration 2: SSE = 9117.33
Iteration 3: SSE = 9068.444,,,,,,Iteration 3: SSE = 9068.444,,,,,,Iteration 3: SSE = 9068.444
Iteration 4: SSE = 9059.311,,,,,,Iteration 4: SSE = 9059.311,,,,,,Iteration 4: SSE = 9059.311
Iteration 5: SSE = 9058.661,,,,,,Iteration 5: SSE = 9058.661,,,,,,Iteration 5: SSE = 9058.661
,,,,,,,,,,,,
Run 98,,,,,,Run 98,,,,,,Run 98
-----,,,,,,-----,,,,,,-----
Iteration 1: SSE = 11159.7,,,,,,Iteration 1: SSE = 11159.7,,,,,,Iteration 1: SSE = 11159.7
Iteration 2: SSE = 9117.33,,,,,,Iteration 2: SSE = 9117.33,,,,,,Iteration 2: SSE = 9117.33
Iteration 3: SSE = 9068.444,,,,,,Iteration 3: SSE = 9068.444,,,,,,Iteration 3: SSE = 9068.444
Iteration 4: SSE = 9059.311,,,,,,Iteration 4: SSE = 9059.311,,,,,,Iteration 4: SSE = 9059.311
Iteration 5: SSE = 9058.661,,,,,,Iteration 5: SSE = 9058.661,,,,,,Iteration 5: SSE = 9058.661
,,,,,,,,,,,,
Run 99,,,,,,Run 99,,,,,,Run 99
-----,,,,,,-----,,,,,,-----
Iteration 1: SSE = 11159.7,,,,,,Iteration 1: SSE = 11159.7,,,,,,Iteration 1: SSE = 11159.7
Iteration 2: SSE = 9117.33,,,,,,Iteration 2: SSE = 9117.33,,,,,,Iteration 2: SSE = 9117.33
Iteration 3: SSE = 9068.444,,,,,,Iteration 3: SSE = 9068.444,,,,,,Iteration 3: SSE = 9068.444
Iteration 4: SSE = 9059.311,,,,,,Iteration 4: SSE = 9059.311,,,,,,Iteration 4: SSE = 9059.311
Iteration 5: SSE = 9058.661,,,,,,Iteration 5: SSE = 9058.661,,,,,,Iteration 5: SSE = 9058.661
,,,,,,,,,,,,
Run 100,,,,,,Run 100,,,,,,Run 100
-----,,,,,,-----,,,,,,-----
Iteration 1: SSE = 11159.7,,,,,,Iteration 1: SSE = 11159.7,,,,,,Iteration 1: SSE = 11159.7
Iteration 2: SSE = 9117.33,,,,,,Iteration 2: SSE = 9117.33,,,,,,Iteration 2: SSE = 9117.33
Iteration 3: SSE = 9068.444,,,,,,Iteration 3: SSE = 9068.444,,,,,,Iteration 3: SSE = 9068.444
Iteration 4: SSE = 9059.311,,,,,,Iteration 4: SSE = 9059.311,,,,,,Iteration 4: SSE = 9059.311
Iteration 5: SSE = 9058.661,,,,,,Iteration 5: SSE = 9058.661,,,,,,Iteration 5: SSE = 9058.661
,,,,,,,,,,,,
Best Run: 92 SSE: 9058.661,,,,,,Best Run: 92 SSE: 9058.661,,,,,,Best Run: 92 SSE: 9058.661
,,,,,,,,,,,,
Run 1,,,,,,Run 1,,,,,,Run 1
-----,,,,,,-----,,,,,,-----
Iteration 1: SSE = 11417.79,,,,,,Iteration 1: SSE = 11417.79,,,,,,Iteration 1: SSE = 11417.79
Iteration 2: SSE = 11417.41,,,,,,Iteration 2: SSE = 11417.41,,,,,,Iteration 2: SSE = 11417.41
,,,,,,,,,,,,
Run 2,,,,,,Run 2,,,,,,Run 2
-----,,,,,,-----,,,,,,-----
Iteration 1: SSE = 11417.79,,,,,,Iteration 1: SSE = 11417.79,,,,,,Iteration 1: SSE = 11417.79
Iteration 2: SSE = 11417.41,,,,,,Iteration 2: SSE = 11417.41,,,,,,Iteration 2: SSE = 11417.41
,,,,,,,,,,,,
Run 3,,,,,,Run 3,,,,,,Run 3
-----,,,,,,-----,,,,,,-----
Iteration 1: SSE = 11417.79,,,,,,Iteration 1: SSE = 11417.79,,,,,,Iteration 1: SSE = 11417.79
Iteration 2: SSE = 11417.41,,,,,,Iteration 2: SSE = 11417.41,,,,,,Iteration 2: SSE = 11417.41
,,,,,,,,,,,,
Run 4,,,,,,Run 4,,,,,,Run 4
-----,,,,,,-----,,,,,,-----
Iteration 1: SSE = 11417.79,,,,,,Iteration 1: SSE = 11417.79,,,,,,Iteration 1: SSE = 11417.79
Iteration 2: SSE = 11417.41,,,,,,Iteration 2: SSE = 11417.41,,,,,,Iteration 2: SSE = 11417.41
,,,,,,,,,,,,
Run 5,,,,,,Run 5,,,,,,Run 5
-----,,,,,,-----,,,,,,-----
Iteration 1: SSE = 11417.79,,,,,,Iteration 1: SSE = 11417.79,,,,,,Iteration 1: SSE = 11417.79
Iteration 2: SSE = 11417.41,,,,,,Iteration 2: SSE = 11417.41,,,,,,Iteration 2: SSE = 11417.41
,,,,,,,,,,,,
Run 6,,,,,,Run 6,,,,,,Run 6
-----,,,,,,-----,,,,,,-----
Iteration 1: SSE = 11417.79,,,,,,Iteration 1: SSE = 11417.79,,,,,,Iteration 1: SSE = 11417.79
Iteration 2: SSE = 11417.41,,,,,,Iteration 2: SSE = 11417.41,,,,,,Iteration 2: SSE = 11417.41
,,,,,,,,,,,,
Run 7,,,,,,Run 7,,,,,,Run 7
-----,,,,,,-----,,,,,,-----
Iteration 1: SSE = 11417.79,,,,,,Iteration 1: SSE = 11417.79,,,,,,Iteration 1: SSE = 11417.79
Iteration 2: SSE = 11417.41,,,,,,Iteration 2: SSE = 11417.41,,,,,,Iteration 2: SSE = 11417.41
,,,,,,,,,,,,
Run 8,,,,,,Run 8,,,,,,Run 8
-----,,,,,,-----,,,,,,-----
Iteration 1: SSE = 11417.79,,,,,,Iteration 1: SSE = 11417.79,,,,,,Iteration 1: SSE = 11417.79
Iteration 2: SSE = 11417.41,,,,,,Iteration 2: SSE = 11417.41,,,,,,Iteration 2: SSE = 11417.41
,,,,,,,,,,,,
Run 9,,,,,,Run 9,,,,,,Run 9
-----,,,,,,-----,,,,,,-----
Iteration 1: SSE = 11417.79,,,,,,Iteration 1: SSE = 11417.79,,,,,,Iteration 1: SSE = 11417.79
Iteration 2: SSE = 11417.41,,,,,,Iteration 2: SSE = 11417.41,,,,,,Iteration 2: SSE = 11417.41
,,,,,,,,,,,,
Run 10,,,,,,Run 10,,,,,,Run 10
-----,,,,,,-----,,,,,,-----
Iteration 1: SSE = 11417.79,,,,,,Iteration 1: SSE = 11417.79,,,,,,Iteration 1: SSE = 11417.79
Iteration 2: SSE = 11417.41,,,,,,Iteration 2: SSE = 11417.41,,,,,,Iteration 2: SSE = 11417.41
,,,,,,,,,,,,
Run 11,,,,,,Run 11,,,,,,Run 11
-----,,,,,,-----,,,,,,-----
Iteration 1: SSE = 11417.79,,,,,,Iteration 1: SSE = 11417.79,,,,,,Iteration 1: SSE = 11417.79
Iteration 2: SSE = 11417.41,,,,,,Iteration 2: SSE = 11417.41,,,,,,Iteration 2: SSE = 11417.41
,,,,,,,,,,,,
Run 12,,,,,,Run 12,,,,,,Run 12
-----,,,,,,-----,,,,,,-----
Iteration 1: SSE = 11417.79,,,,,,Iteration 1: SSE = 11417.79,,,,,,Iteration 1: SSE = 11417.79
Iteration 2: SSE = 11417.41,,,,,,Iteration 2: SSE = 11417.41,,,,,,Iteration 2: SSE = 11417.41
,,,,,,,,,,,,
Run 13,,,,,,Run 13,,,,,,Run 13
-----,,,,,,-----,,,,,,-----
Iteration 1: SSE = 11417.79,,,,,,Iteration 1: SSE = 11417.79,,,,,,Iteration 1: SSE = 11417.79
Iteration 2: SSE = 11417.41,,,,,,Iteration 2: SSE = 11417.41,,,,,,Iteration 2: SSE = 11417.41
,,,,,,,,,,,,
Run 14,,,,,,Run 14,,,,,,Run 14
-----,,,,,,-----,,,,,,-----
Iteration 1: SSE = 11417.79,,,,,,Iteration 1: SSE = 11417.79,,,,,,Iteration 1: SSE = 11417.79
Iteration 2: SSE = 11417.41,,,,,,Iteration 2: SSE = 11417.41,,,,,,Iteration 2: SSE = 11417.41
,,,,,,,,,,,,
Run 15,,,,,,Run 15,,,,,,Run 15
-----,,,,,,-----,,,,,,-----
Iteration 1: SSE = 11417.79,,,,,,Iteration 1: SSE = 11417.79,,,,,,Iteration 1: SSE = 11417.79
Iteration 2: SSE = 11417.41,,,,,,Iteration 2: SSE = 11417.41,,,,,,Iteration 2: SSE = 11417.41
,,,,,,,,,,,,
Run 16,,,,,,Run 16,,,,,,Run 16
-----,,,,,,-----,,,,,,-----
Iteration 1: SSE = 11417.79,,,,,,Iteration 1: SSE = 11417.79,,,,,,Iteration 1: SSE = 11417.79
Iteration 2: SSE = 11417.41,,,,,,Iteration 2: SSE = 11417.41,,,,,,Iteration 2: SSE = 11417.41
,,,,,,,,,,,,
Run 17,,,,,,Run 17,,,,,,Run 17
-----,,,,,,-----,,,,,,-----
Iteration 1: SSE = 11417.79,,,,,,Iteration 1: SSE = 11417.79,,,,,,Iteration 1: SSE = 11417.79
Iteration 2: SSE = 11417.41,,,,,,Iteration 2: SSE = 11417.41,,,,,,Iteration 2: SSE = 11417.41
,,,,,,,,,,,,
Run 18,,,,,,Run 18,,,,,,Run 18
-----,,,,,,-----,,,,,,-----
Iteration 1: SSE = 11417.79,,,,,,Iteration 1: SSE = 11417.79,,,,,,Iteration 1: SSE = 11417.79
Iteration 2: SSE = 11417.41,,,,,,Iteration 2: SSE = 11417.41,,,,,,Iteration 2: SSE = 11417.41
,,,,,,,,,,,,
Run 19,,,,,,Run 19,,,,,,Run 19
-----,,,,,,-----,,,,,,-----
Iteration 1: SSE = 11417.79,,,,,,Iteration 1: SSE = 11417.79,,,,,,Iteration 1: SSE = 11417.79
Iteration 2: SSE = 11417.41,,,,,,Iteration 2: SSE = 11417.41,,,,,,Iteration 2: SSE = 11417.41
,,,,,,,,,,,,
Run 20,,,,,,Run 20,,,,,,Run 20
-----,,,,,,-----,,,,,,-----
Iteration 1: SSE = 11417.79,,,,,,Iteration 1: SSE = 11417.79,,,,,,Iteration 1: SSE = 11417.79
Iteration 2: SSE = 11417.41,,,,,,Iteration 2: SSE = 11417.41,,,,,,Iteration 2: SSE = 11417.41
,,,,,,,,,,,,
Run 21,,,,,,Run 21,,,,,,Run 21
-----,,,,,,-----,,,,,,-----
Iteration 1: SSE = 11417.79,,,,,,Iteration 1: SSE = 11417.79,,,,,,Iteration 1: SSE = 11417.79
Iteration 2: SSE = 11417.41,,,,,,Iteration 2: SSE = 11417.41,,,,,,Iteration 2: SSE = 11417.41
,,,,,,,,,,,,
Run 22,,,,,,Run 22,,,,,,Run 22
-----,,,,,,-----,,,,,,-----
Iteration 1: SSE = 11417.79,,,,,,Iteration 1: SSE = 11417.79,,,,,,Iteration 1: SSE = 11417.79
Iteration 2: SSE = 11417.41,,,,,,Iteration 2: SSE = 11417.41,,,,,,Iteration 2: SSE = 11417.41
,,,,,,,,,,,,
Run 23,,,,,,Run 23,,,,,,Run 23
-----,,,,,,-----,,,,,,-----
Iteration 1: SSE = 11417.79,,,,,,Iteration 1: SSE = 11417.79,,,,,,Iteration 1: SSE = 11417.79
Iteration 2: SSE = 11417.41,,,,,,Iteration 2: SSE = 11417.41,,,,,,Iteration 2: SSE = 11417.41
,,,,,,,,,,,,
Run 24,,,,,,Run 24,,,,,,Run 24
-----,,,,,,-----,,,,,,-----
Iteration 1: SSE = 11417.79,,,,,,Iteration 1: SSE = 11417.79,,,,,,Iteration 1: SSE = 11417.79
Iteration 2: SSE = 11417.41,,,,,,Iteration 2: SSE = 11417.41,,,,,,Iteration 2: SSE = 11417.41
,,,,,,,,,,,,
Run 25,,,,,,Run 25,,,,,,Run 25
-----,,,,,,-----,,,,,,-----
Iteration 1: SSE = 11417.79,,,,,,Iteration 1: SSE = 11417.79,,,,,,Iteration 1: SSE = 11417.79
Iteration 2: SSE = 11417.41,,,,,,Iteration 2: SSE = 11417.41,,,,,,Iteration 2: SSE = 11417.41
,,,,,,,,,,,,
Run 26,,,,,,Run 26,,,,,,Run 26
-----,,,,,,-----,,,,,,-----
Iteration 1: SSE = 11417.79,,,,,,Iteration 1: SSE = 11417.79,,,,,,Iteration 1: SSE = 11417.79
Iteration 2: SSE = 11417.41,,,,,,Iteration 2: SSE = 11417.41,,,,,,Iteration 2: SSE = 11417.41
,,,,,,,,,,,,
Run 27,,,,,,Run 27,,,,,,Run 27
-----,,,,,,-----,,,,,,-----
Iteration 1: SSE = 11417.79,,,,,,Iteration 1: SSE = 11417.79,,,,,,Iteration 1: SSE = 11417.79
Iteration 2: SSE = 11417.41,,,,,,Iteration 2: SSE = 11417.41,,,,,,Iteration 2: SSE = 11417.41
,,,,,,,,,,,,
Run 28,,,,,,Run 28,,,,,,Run 28
-----,,,,,,-----,,,,,,-----
Iteration 1: SSE = 11417.79,,,,,,Iteration 1: SSE = 11417.79,,,,,,Iteration 1: SSE = 11417.79
Iteration 2: SSE = 11417.41,,,,,,Iteration 2: SSE = 11417.41,,,,,,Iteration 2: SSE = 11417.41
,,,,,,,,,,,,
Run 29,,,,,,Run 29,,,,,,Run 29
-----,,,,,,-----,,,,,,-----
Iteration 1: SSE = 11417.79,,,,,,Iteration 1: SSE = 11417.79,,,,,,Iteration 1: SSE = 11417.79
Iteration 2: SSE = 11417.41,,,,,,Iteration 2: SSE = 11417.41,,,,,,Iteration 2: SSE = 11417.41
,,,,,,,,,,,,
Run 30,,,,,,Run 30,,,,,,Run 30
-----,,,,,,-----,,,,,,-----
Iteration 1: SSE = 11417.79,,,,,,Iteration 1: SSE = 11417.79,,,,,,Iteration 1: SSE = 11417.79
Iteration 2: SSE = 11417.41,,,,,,Iteration 2: SSE = 11417.41,,,,,,Iteration 2: SSE = 11417.41
,,,,,,,,,,,,
Run 31,,,,,,Run 31,,,,,,Run 31
-----,,,,,,-----,,,,,,-----
Iteration 1: SSE = 11417.79,,,,,,Iteration 1: SSE = 11417.79,,,,,,Iteration 1: SSE = 11417.79
Iteration 2: SSE = 11417.41,,,,,,Iteration 2: SSE = 11417.41,,,,,,Iteration 2: SSE = 11417.41
,,,,,,,,,,,,
Run 32,,,,,,Run 32,,,,,,Run 32
-----,,,,,,-----,,,,,,-----
Iteration 1: SSE = 11417.79,,,,,,Iteration 1: SSE = 11417.79,,,,,,Iteration 1: SSE = 11417.79
Iteration 2: SSE = 11417.41,,,,,,Iteration 2: SSE = 11417.41,,,,,,Iteration 2: SSE = 11417.41
,,,,,,,,,,,,
Run 33,,,,,,Run 33,,,,,,Run 33
-----,,,,,,-----,,,,,,-----
Iteration 1: SSE = 11417.79,,,,,,Iteration 1: SSE = 11417.79,,,,,,Iteration 1: SSE = 11417.79
Iteration 2: SSE = 11417.41,,,,,,Iteration 2: SSE = 11417.41,,,,,,Iteration 2: SSE = 11417.41
,,,,,,,,,,,,
Run 34,,,,,,Run 34,,,,,,Run 34
-----,,,,,,-----,,,,,,-----
Iteration 1: SSE = 11417.79,,,,,,Iteration 1: SSE = 11417.79,,,,,,Iteration 1: SSE = 11417.79
Iteration 2: SSE = 11417.41,,,,,,Iteration 2: SSE = 11417.41,,,,,,Iteration 2: SSE = 11417.41
,,,,,,,,,,,,
Run 35,,,,,,Run 35,,,,,,Run 35
-----,,,,,,-----,,,,,,-----
Iteration 1: SSE = 11417.79,,,,,,Iteration 1: SSE = 11417.79,,,,,,Iteration 1: SSE = 11417.79
Iteration 2: SSE = 11417.41,,,,,,Iteration 2: SSE = 11417.41,,,,,,Iteration 2: SSE = 11417.41
,,,,,,,,,,,,
Run 36,,,,,,Run 36,,,,,,Run 36
-----,,,,,,-----,,,,,,-----
Iteration 1: SSE = 11417.79,,,,,,Iteration 1: SSE = 11417.79,,,,,,Iteration 1: SSE = 11417.79
Iteration 2: SSE = 11417.41,,,,,,Iteration 2: SSE = 11417.41,,,,,,Iteration 2: SSE = 11417.41
,,,,,,,,,,,,
Run 37,,,,,,Run 37,,,,,,Run 37
-----,,,,,,-----,,,,,,-----
Iteration 1: SSE = 11417.79,,,,,,Iteration 1: SSE = 11417.79,,,,,,Iteration 1: SSE = 11417.79
Iteration 2: SSE = 11417.41,,,,,,Iteration 2: SSE = 11417.41,,,,,,Iteration 2: SSE = 11417.41
,,,,,,,,,,,,
Run 38,,,,,,Run 38,,,,,,Run 38
-----,,,,,,-----,,,,,,-----
Iteration 1: SSE = 11417.79,,,,,,Iteration 1: SSE = 11417.79,,,,,,Iteration 1: SSE = 11417.79
Iteration 2: SSE = 11417.41,,,,,,Iteration 2: SSE = 11417.41,,,,,,Iteration 2: SSE = 11417.41
,,,,,,,,,,,,
Run 39,,,,,,Run 39,,,,,,Run 39
-----,,,,,,-----,,,,,,-----
Iteration 1: SSE = 11417.79,,,,,,Iteration 1: SSE = 11417.79,,,,,,Iteration 1: SSE = 11417.79
Iteration 2: SSE = 11417.41,,,,,,Iteration 2: SSE = 11417.41,,,,,,Iteration 2: SSE = 11417.41
,,,,,,,,,,,,
Run 40,,,,,,Run 40,,,,,,Run 40
-----,,,,,,-----,,,,,,-----
Iteration 1: SSE = 11417.79,,,,,,Iteration 1: SSE = 11417.79,,,,,,Iteration 1: SSE = 11417.79
Iteration 2: SSE = 11417.41,,,,,,Iteration 2: SSE = 11417.41,,,,,,Iteration 2: SSE = 11417.41
,,,,,,,,,,,,
Run 41,,,,,,Run 41,,,,,,Run 41
-----,,,,,,-----,,,,,,-----
Iteration 1: SSE = 11417.79,,,,,,Iteration 1: SSE = 11417.79,,,,,,Iteration 1: SSE = 11417.79
Iteration 2: SSE = 11417.41,,,,,,Iteration 2: SSE = 11417.41,,,,,,Iteration 2: SSE = 11417.41
,,,,,,,,,,,,
Run 42,,,,,,Run 42,,,,,,Run 42
-----,,,,,,-----,,,,,,-----
Iteration 1: SSE = 11417.79,,,,,,Iteration 1: SSE = 11417.79,,,,,,Iteration 1: SSE = 11417.79
Iteration 2: SSE = 11417.41,,,,,,Iteration 2: SSE = 11417.41,,,,,,Iteration 2: SSE = 11417.41
,,,,,,,,,,,,
Run 43,,,,,,Run 43,,,,,,Run 43
-----,,,,,,-----,,,,,,-----
Iteration 1: SSE = 11417.79,,,,,,Iteration 1: SSE = 11417.79,,,,,,Iteration 1: SSE = 11417.79
Iteration 2: SSE = 11417.41,,,,,,Iteration 2: SSE = 11417.41,,,,,,Iteration 2: SSE = 11417.41
,,,,,,,,,,,,
Run 44,,,,,,Run 44,,,,,,Run 44
-----,,,,,,-----,,,,,,-----
Iteration 1: SSE = 11417.79,,,,,,Iteration 1: SSE = 11417.79,,,,,,Iteration 1: SSE = 11417.79
Iteration 2: SSE = 11417.41,,,,,,Iteration 2: SSE = 11417.41,,,,,,Iteration 2: SSE = 11417.41
,,,,,,,,,,,,
Run 45,,,,,,Run 45,,,,,,Run 45
-----,,,,,,-----,,,,,,-----
Iteration 1: SSE = 11417.79,,,,,,Iteration 1: SSE = 11417.79,,,,,,Iteration 1: SSE = 11417.79
Iteration 2: SSE = 11417.41,,,,,,Iteration 2: SSE = 11417.41,,,,,,Iteration 2: SSE = 11417.41
,,,,,,,,,,,,
Run 46,,,,,,Run 46,,,,,,Run 46
-----,,,,,,-----,,,,,,-----
Iteration 1: SSE = 11417.79,,,,,,Iteration 1: SSE = 11417.79,,,,,,Iteration 1: SSE = 11417.79
Iteration 2: SSE = 11417.41,,,,,,Iteration 2: SSE = 11417.41,,,,,,Iteration 2: SSE = 11417.41
,,,,,,,,,,,,
Run 47,,,,,,Run 47,,,,,,Run 47
-----,,,,,,-----,,,,,,-----
Iteration 1: SSE = 11417.79,,,,,,Iteration 1: SSE = 11417.79,,,,,,Iteration 1: SSE = 11417.79
Iteration 2: SSE = 11417.41,,,,,,Iteration 2: SSE = 11417.41,,,,,,Iteration 2: SSE = 11417.41
,,,,,,,,,,,,
Run 48,,,,,,Run 48,,,,,,Run 48
-----,,,,,,-----,,,,,,-----
Iteration 1: SSE = 11417.79,,,,,,Iteration 1: SSE = 11417.79,,,,,,Iteration 1: SSE = 11417.79
Iteration 2: SSE = 11417.41,,,,,,Iteration 2: SSE = 11417.41,,,,,,Iteration 2: SSE = 11417.41
,,,,,,,,,,,,
Run 49,,,,,,Run 49,,,,,,Run 49
-----,,,,,,-----,,,,,,-----
Iteration 1: SSE = 11417.79,,,,,,Iteration 1: SSE = 11417.79,,,,,,Iteration 1: SSE = 11417.79
Iteration 2: SSE = 11417.41,,,,,,Iteration 2: SSE = 11417.41,,,,,,Iteration 2: SSE = 11417.41
,,,,,,,,,,,,
Run 50,,,,,,Run 50,,,,,,Run 50
-----,,,,,,-----,,,,,,-----
Iteration 1: SSE = 11417.79,,,,,,Iteration 1: SSE = 11417.79,,,,,,Iteration 1: SSE = 11417.79
Iteration 2: SSE = 11417.41,,,,,,Iteration 2: SSE = 11417.41,,,,,,Iteration 2: SSE = 11417.41
,,,,,,,,,,,,
Run 51,,,,,,Run 51,,,,,,Run 51
-----,,,,,,-----,,,,,,-----
Iteration 1: SSE = 11417.79,,,,,,Iteration 1: SSE = 11417.79,,,,,,Iteration 1: SSE = 11417.79
Iteration 2: SSE = 11417.41,,,,,,Iteration 2: SSE = 11417.41,,,,,,Iteration 2: SSE = 11417.41
,,,,,,,,,,,,
Run 52,,,,,,Run 52,,,,,,Run 52
-----,,,,,,-----,,,,,,-----
Iteration 1: SSE = 11417.79,,,,,,Iteration 1: SSE = 11417.79,,,,,,Iteration 1: SSE = 11417.79
Iteration 2: SSE = 11417.41,,,,,,Iteration 2: SSE = 11417.41,,,,,,Iteration 2: SSE = 11417.41
,,,,,,,,,,,,
Run 53,,,,,,Run 53,,,,,,Run 53
-----,,,,,,-----,,,,,,-----
Iteration 1: SSE = 11417.79,,,,,,Iteration 1: SSE = 11417.79,,,,,,Iteration 1: SSE = 11417.79
Iteration 2: SSE = 11417.41,,,,,,Iteration 2: SSE = 11417.41,,,,,,Iteration 2: SSE = 11417.41
,,,,,,,,,,,,
Run 54,,,,,,Run 54,,,,,,Run 54
-----,,,,,,-----,,,,,,-----
Iteration 1: SSE = 11417.79,,,,,,Iteration 1: SSE = 11417.79,,,,,,Iteration 1: SSE = 11417.79
Iteration 2: SSE = 11417.41,,,,,,Iteration 2: SSE = 11417.41,,,,,,Iteration 2: SSE = 11417.41
,,,,,,,,,,,,
Run 55,,,,,,Run 55,,,,,,Run 55
-----,,,,,,-----,,,,,,-----
Iteration 1: SSE = 11417.79,,,,,,Iteration 1: SSE = 11417.79,,,,,,Iteration 1: SSE = 11417.79
Iteration 2: SSE = 11417.41,,,,,,Iteration 2: SSE = 11417.41,,,,,,Iteration 2: SSE = 11417.41
,,,,,,,,,,,,
Run 56,,,,,,Run 56,,,,,,Run 56
-----,,,,,,-----,,,,,,-----
Iteration 1: SSE = 11417.79,,,,,,Iteration 1: SSE = 11417.79,,,,,,Iteration 1: SSE = 11417.79
Iteration 2: SSE = 11417.41,,,,,,Iteration 2: SSE = 11417.41,,,,,,Iteration 2: SSE = 11417.41
,,,,,,,,,,,,
Run 57,,,,,,Run 57,,,,,,Run 57
-----,,,,,,-----,,,,,,-----
Iteration 1: SSE = 11417.79,,,,,,Iteration 1: SSE = 11417.79,,,,,,Iteration 1: SSE = 11417.79
Iteration 2: SSE = 11417.41,,,,,,Iteration 2: SSE = 11417.41,,,,,,Iteration 2: SSE = 11417.41
,,,,,,,,,,,,
Run 58,,,,,,Run 58,,,,,,Run 58
-----,,,,,,-----,,,,,,-----
Iteration 1: SSE = 11417.79,,,,,,Iteration 1: SSE = 11417.79,,,,,,Iteration 1: SSE = 11417.79
Iteration 2: SSE = 11417.41,,,,,,Iteration 2: SSE = 11417.41,,,,,,Iteration 2: SSE = 11417.41
,,,,,,,,,,,,
Run 59,,,,,,Run 59,,,,,,Run 59
-----,,,,,,-----,,,,,,-----
Iteration 1: SSE = 11417.79,,,,,,Iteration 1: SSE = 11417.79,,,,,,Iteration 1: SSE = 11417.79
Iteration 2: SSE = 11417.41,,,,,,Iteration 2: SSE = 11417.41,,,,,,Iteration 2: SSE = 11417.41
,,,,,,,,,,,,
Run 60,,,,,,Run 60,,,,,,Run 60
-----,,,,,,-----,,,,,,-----
Iteration 1: SSE = 11417.79,,,,,,Iteration 1: SSE = 11417.79,,,,,,Iteration 1: SSE = 11417.79
Iteration 2: SSE = 11417.41,,,,,,Iteration 2: SSE = 11417.41,,,,,,Iteration 2: SSE = 11417.41
,,,,,,,,,,,,
Run 61,,,,,,Run 61,,,,,,Run 61
-----,,,,,,-----,,,,,,-----
Iteration 1: SSE = 11417.79,,,,,,Iteration 1: SSE = 11417.79,,,,,,Iteration 1: SSE = 11417.79
Iteration 2: SSE = 11417.41,,,,,,Iteration 2: SSE = 11417.41,,,,,,Iteration 2: SSE = 11417.41
,,,,,,,,,,,,
Run 62,,,,,,Run 62,,,,,,Run 62
-----,,,,,,-----,,,,,,-----
Iteration 1: SSE = 11417.79,,,,,,Iteration 1: SSE = 11417.79,,,,,,Iteration 1: SSE = 11417.79
Iteration 2: SSE = 11417.41,,,,,,Iteration 2: SSE = 11417.41,,,,,,Iteration 2: SSE = 11417.41
,,,,,,,,,,,,
Run 63,,,,,,Run 63,,,,,,Run 63
-----,,,,,,-----,,,,,,-----
Iteration 1: SSE = 11417.79,,,,,,Iteration 1: SSE = 11417.79,,,,,,Iteration 1: SSE = 11417.79
Iteration 2: SSE = 11417.41,,,,,,Iteration 2: SSE = 11417.41,,,,,,Iteration 2: SSE = 11417.41
,,,,,,,,,,,,
Run 64,,,,,,Run 64,,,,,,Run 64
-----,,,,,,-----,,,,,,-----
Iteration 1: SSE = 11417.79,,,,,,Iteration 1: SSE = 11417.79,,,,,,Iteration 1: SSE = 11417.79
Iteration 2: SSE = 11417.41,,,,,,Iteration 2: SSE = 11417.41,,,,,,Iteration 2: SSE = 11417.41
,,,,,,,,,,,,
Run 65,,,,,,Run 65,,,,,,Run 65
-----,,,,,,-----,,,,,,-----
Iteration 1: SSE = 11417.79,,,,,,Iteration 1: SSE = 11417.79,,,,,,Iteration 1: SSE = 11417.79
Iteration 2: SSE = 11417.41,,,,,,Iteration 2: SSE = 11417.41,,,,,,Iteration 2: SSE = 11417.41
,,,,,,,,,,,,
Run 66,,,,,,Run 66,,,,,,Run 66
-----,,,,,,-----,,,,,,-----
Iteration 1: SSE = 11417.79,,,,,,Iteration 1: SSE = 11417.79,,,,,,Iteration 1: SSE = 11417.79
Iteration 2: SSE = 11417.41,,,,,,Iteration 2: SSE = 11417.41,,,,,,Iteration 2: SSE = 11417.41
,,,,,,,,,,,,
Run 67,,,,,,Run 67,,,,,,Run 67
-----,,,,,,-----,,,,,,-----
Iteration 1: SSE = 11417.79,,,,,,Iteration 1: SSE = 11417.79,,,,,,Iteration 1: SSE = 11417.79
Iteration 2: SSE = 11417.41,,,,,,Iteration 2: SSE = 11417.41,,,,,,Iteration 2: SSE = 11417.41
,,,,,,,,,,,,
Run 68,,,,,,Run 68,,,,,,Run 68
-----,,,,,,-----,,,,,,-----
Iteration 1: SSE = 11417.79,,,,,,Iteration 1: SSE = 11417.79,,,,,,Iteration 1: SSE = 11417.79
Iteration 2: SSE = 11417.41,,,,,,Iteration 2: SSE = 11417.41,,,,,,Iteration 2: SSE = 11417.41
,,,,,,,,,,,,
Run 69,,,,,,Run 69,,,,,,Run 69
-----,,,,,,-----,,,,,,-----
Iteration 1: SSE = 11417.79,,,,,,Iteration 1: SSE = 11417.79,,,,,,Iteration 1: SSE = 11417.79
Iteration 2: SSE = 11417.41,,,,,,Iteration 2: SSE = 11417.41,,,,,,Iteration 2: SSE = 11417.41
,,,,,,,,,,,,
Run 70,,,,,,Run 70,,,,,,Run 70
-----,,,,,,-----,,,,,,-----
Iteration 1: SSE = 11417.79,,,,,,Iteration 1: SSE = 11417.79,,,,,,Iteration 1: SSE = 11417.79
Iteration 2: SSE = 11417.41,,,,,,Iteration 2: SSE = 11417.41,,,,,,Iteration 2: SSE = 11417.41
,,,,,,,,,,,,
Run 71,,,,,,Run 71,,,,,,Run 71
-----,,,,,,-----,,,,,,-----
Iteration 1: SSE = 11417.79,,,,,,Iteration 1: SSE = 11417.79,,,,,,Iteration 1: SSE = 11417.79
Iteration 2: SSE = 11417.41,,,,,,Iteration 2: SSE = 11417.41,,,,,,Iteration 2: SSE = 11417.41
,,,,,,,,,,,,
Run 72,,,,,,Run 72,,,,,,Run 72
-----,,,,,,-----,,,,,,-----
Iteration 1: SSE = 11417.79,,,,,,Iteration 1: SSE = 11417.79,,,,,,Iteration 1: SSE = 11417.79
Iteration 2: SSE = 11417.41,,,,,,Iteration 2: SSE = 11417.41,,,,,,Iteration 2: SSE = 11417.41
,,,,,,,,,,,,
Run 73,,,,,,Run 73,,,,,,Run 73
-----,,,,,,-----,,,,,,-----
Iteration 1: SSE = 11417.79,,,,,,Iteration 1: SSE = 11417.79,,,,,,Iteration 1: SSE = 11417.79
Iteration 2: SSE = 11417.41,,,,,,Iteration 2: SSE = 11417.41,,,,,,Iteration 2: SSE = 11417.41
,,,,,,,,,,,,
Run 74,,,,,,Run 74,,,,,,Run 74
-----,,,,,,-----,,,,,,-----
Iteration 1: SSE = 11417.79,,,,,,Iteration 1: SSE = 11417.79,,,,,,Iteration 1: SSE = 11417.79
Iteration 2: SSE = 11417.41,,,,,,Iteration 2: SSE = 11417.41,,,,,,Iteration 2: SSE = 11417.41
,,,,,,,,,,,,
Run 75,,,,,,Run 75,,,,,,Run 75
-----,,,,,,-----,,,,,,-----
Iteration 1: SSE = 11417.79,,,,,,Iteration 1: SSE = 11417.79,,,,,,Iteration 1: SSE = 11417.79
Iteration 2: SSE = 11417.41,,,,,,Iteration 2: SSE = 11417.41,,,,,,Iteration 2: SSE = 11417.41
,,,,,,,,,,,,
Run 76,,,,,,Run 76,,,,,,Run 76
-----,,,,,,-----,,,,,,-----
Iteration 1: SSE = 11417.79,,,,,,Iteration 1: SSE = 11417.79,,,,,,Iteration 1: SSE = 11417.79
Iteration 2: SSE = 11417.41,,,,,,Iteration 2: SSE = 11417.41,,,,,,Iteration 2: SSE = 11417.41
,,,,,,,,,,,,
Run 77,,,,,,Run 77,,,,,,Run 77
-----,,,,,,-----,,,,,,-----
Iteration 1: SSE = 11417.79,,,,,,Iteration 1: SSE = 11417.79,,,,,,Iteration 1: SSE = 11417.79
Iteration 2: SSE = 11417.41,,,,,,Iteration 2: SSE = 11417.41,,,,,,Iteration 2: SSE = 11417.41
,,,,,,,,,,,,
Run 78,,,,,,Run 78,,,,,,Run 78
-----,,,,,,-----,,,,,,-----
Iteration 1: SSE = 11417.79,,,,,,Iteration 1: SSE = 11417.79,,,,,,Iteration 1: SSE = 11417.79
Iteration 2: SSE = 11417.41,,,,,,Iteration 2: SSE = 11417.41,,,,,,Iteration 2: SSE = 11417.41
,,,,,,,,,,,,
Run 79,,,,,,Run 79,,,,,,Run 79
-----,,,,,,-----,,,,,,-----
Iteration 1: SSE = 11417.79,,,,,,Iteration 1: SSE = 11417.79,,,,,,Iteration 1: SSE = 11417.79
Iteration 2: SSE = 11417.41,,,,,,Iteration 2: SSE = 11417.41,,,,,,Iteration 2: SSE = 11417.41
,,,,,,,,,,,,
Run 80,,,,,,Run 80,,,,,,Run 80
-----,,,,,,-----,,,,,,-----
Iteration 1: SSE = 11417.79,,,,,,Iteration 1: SSE = 11417.79,,,,,,Iteration 1: SSE = 11417.79
Iteration 2: SSE = 11417.41,,,,,,Iteration 2: SSE = 11417.41,,,,,,Iteration 2: SSE = 11417.41
,,,,,,,,,,,,
Run 81,,,,,,Run 81,,,,,,Run 81
-----,,,,,,-----,,,,,,-----
Iteration 1: SSE = 11417.79,,,,,,Iteration 1: SSE = 11417.79,,,,,,Iteration 1: SSE = 11417.79
Iteration 2: SSE = 11417.41,,,,,,Iteration 2: SSE = 11417.41,,,,,,Iteration 2: SSE = 11417.41
,,,,,,,,,,,,
Run 82,,,,,,Run 82,,,,,,Run 82
-----,,,,,,-----,,,,,,-----
Iteration 1: SSE = 11417.79,,,,,,Iteration 1: SSE = 11417.79,,,,,,Iteration 1: SSE = 11417.79
Iteration 2: SSE = 11417.41,,,,,,Iteration 2: SSE = 11417.41,,,,,,Iteration 2: SSE = 11417.41
,,,,,,,,,,,,
Run 83,,,,,,Run 83,,,,,,Run 83
-----,,,,,,-----,,,,,,-----
Iteration 1: SSE = 11417.79,,,,,,Iteration 1: SSE = 11417.79,,,,,,Iteration 1: SSE = 11417.79
Iteration 2: SSE = 11417.41,,,,,,Iteration 2: SSE = 11417.41,,,,,,Iteration 2: SSE = 11417.41
,,,,,,,,,,,,
Run 84,,,,,,Run 84,,,,,,Run 84
-----,,,,,,-----,,,,,,-----
Iteration 1: SSE = 11417.79,,,,,,Iteration 1: SSE = 11417.79,,,,,,Iteration 1: SSE = 11417.79
Iteration 2: SSE = 11417.41,,,,,,Iteration 2: SSE = 11417.41,,,,,,Iteration 2: SSE = 11417.41
,,,,,,,,,,,,
Run 85,,,,,,Run 85,,,,,,Run 85
-----,,,,,,-----,,,,,,-----
Iteration 1: SSE = 11417.79,,,,,,Iteration 1: SSE = 11417.79,,,,,,Iteration 1: SSE = 11417.79
Iteration 2: SSE = 11417.41,,,,,,Iteration 2: SSE = 11417.41,,,,,,Iteration 2: SSE = 11417.41
,,,,,,,,,,,,
Run 86,,,,,,Run 86,,,,,,Run 86
-----,,,,,,-----,,,,,,-----
Iteration 1: SSE = 11417.79,,,,,,Iteration 1: SSE = 11417.79,,,,,,Iteration 1: SSE = 11417.79
Iteration 2: SSE = 11417.41,,,,,,Iteration 2: SSE = 11417.41,,,,,,Iteration 2: SSE = 11417.41
,,,,,,,,,,,,
Run 87,,,,,,Run 87,,,,,,Run 87
-----,,,,,,-----,,,,,,-----
Iteration 1: SSE = 11417.79,,,,,,Iteration 1: SSE = 11417.79,,,,,,Iteration 1: SSE = 11417.79
Iteration 2: SSE = 11417.41,,,,,,Iteration 2: SSE = 11417.41,,,,,,Iteration 2: SSE = 11417.41
,,,,,,,,,,,,
Run 88,,,,,,Run 88,,,,,,Run 88
-----,,,,,,-----,,,,,,-----
Iteration 1: SSE = 11417.79,,,,,,Iteration 1: SSE = 11417.79,,,,,,Iteration 1: SSE = 11417.79
Iteration 2: SSE = 11417.41,,,,,,Iteration 2: SSE = 11417.41,,,,,,Iteration 2: SSE = 11417.41
,,,,,,,,,,,,
Run 89,,,,,,Run 89,,,,,,Run 89
-----,,,,,,-----,,,,,,-----
Iteration 1: SSE = 11417.79,,,,,,Iteration 1: SSE = 11417.79,,,,,,Iteration 1: SSE = 11417.79
Iteration 2: SSE = 11417.41,,,,,,Iteration 2: SSE = 11417.41,,,,,,Iteration 2: SSE = 11417.41
,,,,,,,,,,,,
Run 90,,,,,,Run 90,,,,,,Run 90
-----,,,,,,-----,,,,,,-----
Iteration 1: SSE = 11417.79,,,,,,Iteration 1: SSE = 11417.79,,,,,,Iteration 1: SSE = 11417.79
Iteration 2: SSE = 11417.41,,,,,,Iteration 2: SSE = 11417.41,,,,,,Iteration 2: SSE = 11417.41
,,,,,,,,,,,,
Run 91,,,,,,Run 91,,,,,,Run 91
-----,,,,,,-----,,,,,,-----
Iteration 1: SSE = 11417.79,,,,,,Iteration 1: SSE = 11417.79,,,,,,Iteration 1: SSE = 11417.79
Iteration 2: SSE = 11417.41,,,,,,Iteration 2: SSE = 11417.41,,,,,,Iteration 2: SSE = 11417.41
,,,,,,,,,,,,
Run 92,,,,,,Run 92,,,,,,Run 92
-----,,,,,,-----,,,,,,-----
Iteration 1: SSE = 11417.79,,,,,,Iteration 1: SSE = 11417.79,,,,,,Iteration 1: SSE = 11417.79
Iteration 2: SSE = 11417.41,,,,,,Iteration 2: SSE = 11417.41,,,,,,Iteration 2: SSE = 11417.41
,,,,,,,,,,,,
Run 93,,,,,,Run 93,,,,,,Run 93
-----,,,,,,-----,,,,,,-----
Iteration 1: SSE = 11417.79,,,,,,Iteration 1: SSE = 11417.79,,,,,,Iteration 1: SSE = 11417.79
Iteration 2: SSE = 11417.41,,,,,,Iteration 2: SSE = 11417.41,,,,,,Iteration 2: SSE = 11417.41
,,,,,,,,,,,,
Run 94,,,,,,Run 94,,,,,,Run 94
-----,,,,,,-----,,,,,,-----
Iteration 1: SSE = 11417.79,,,,,,Iteration 1: SSE = 11417.79,,,,,,Iteration 1: SSE = 11417.79
Iteration 2: SSE = 11417.41,,,,,,Iteration 2: SSE = 11417.41,,,,,,Iteration 2: SSE = 11417.41
,,,,,,,,,,,,
Run 95,,,,,,Run 95,,,,,,Run 95
-----,,,,,,-----,,,,,,-----
Iteration 1: SSE = 11417.79,,,,,,Iteration 1: SSE = 11417.79,,,,,,Iteration 1: SSE = 11417.79
Iteration 2: SSE = 11417.41,,,,,,Iteration 2: SSE = 11417.41,,,,,,Iteration 2: SSE = 11417.41
,,,,,,,,,,,,
Run 96,,,,,,Run 96,,,,,,Run 96
-----,,,,,,-----,,,,,,-----
Iteration 1: SSE = 11417.79,,,,,,Iteration 1: SSE = 11417.79,,,,,,Iteration 1: SSE = 11417.79
Iteration 2: SSE = 11417.41,,,,,,Iteration 2: SSE = 11417.41,,,,,,Iteration 2: SSE = 11417.41
,,,,,,,,,,,,
Run 97,,,,,,Run 97,,,,,,Run 97
-----,,,,,,-----,,,,,,-----
Iteration 1: SSE = 11417.79,,,,,,Iteration 1: SSE = 11417.79,,,,,,Iteration 1: SSE = 11417.79
Iteration 2: SSE = 11417.41,,,,,,Iteration 2: SSE = 11417.41,,,,,,Iteration 2: SSE = 11417.41
,,,,,,,,,,,,
Run 98,,,,,,Run 98,,,,,,Run 98
-----,,,,,,-----,,,,,,-----
Iteration 1: SSE = 11417.79,,,,,,Iteration 1: SSE = 11417.79,,,,,,Iteration 1: SSE = 11417.79
Iteration 2: SSE = 11417.41,,,,,,Iteration 2: SSE = 11417.41,,,,,,Iteration 2: SSE = 11417.41
,,,,,,,,,,,,
Run 99,,,,,,Run 99,,,,,,Run 99
-----,,,,,,-----,,,,,,-----
Iteration 1: SSE = 11417.79,,,,,,Iteration 1: SSE = 11417.79,,,,,,Iteration 1: SSE = 11417.79
Iteration 2: SSE = 11417.41,,,,,,Iteration 2: SSE = 11417.41,,,,,,Iteration 2: SSE = 11417.41
,,,,,,,,,,,,
Run 100,,,,,,Run 100,,,,,,Run 100
-----,,,,,,-----,,,,,,-----
Iteration 1: SSE = 11417.79,,,,,,Iteration 1: SSE = 11417.79,,,,,,Iteration 1: SSE = 11417.79
Iteration 2: SSE = 11417.41,,,,,,Iteration 2: SSE = 11417.41,,,,,,Iteration 2: SSE = 11417.41
,,,,,,,,,,,,
Best Run: 1 SSE: 11417.41,,,,,,Best Run: 1 SSE: 11417.41,,,,,,Best Run: 1 SSE: 11417.41
