Performance1,,,,,,Performance2,,,,,,Performance3
Run 1,,,,,,Run 1,,,,,,Run 1
-----,,,,,,-----,,,,,,-----
Iteration 1: SSE = 17641.51,,,,,,Iteration 1: SSE = 16425.03,,,,,,Iteration 1: SSE = 11404.11
Iteration 2: SSE = 9289.699,,,,,,Iteration 2: SSE = 9459.859,,,,,,Iteration 2: SSE = 9795.632
Iteration 3: SSE = 9091.194,,,,,,Iteration 3: SSE = 9139.236,,,,,,Iteration 3: SSE = 9560.014
Iteration 4: SSE = 9069.745,,,,,,Iteration 4: SSE = 9075.849,,,,,,Iteration 4: SSE = 9210.574
Iteration 5: SSE = 9063.718,,,,,,Iteration 5: SSE = 9061.409,,,,,,Iteration 5: SSE = 9092.832
,,,,,,Iteration 6: SSE = 9058.661,,,,,,Iteration 6: SSE = 9073.668
Run 2,,,,,,,,,,,,Iteration 7: SSE = 9065.287
-----,,,,,,Run 2,,,,,,
Iteration 1: SSE = 17641.51,,,,,,-----,,,,,,Run 2
Iteration 2: SSE = 9289.699,,,,,,Iteration 1: SSE = 16425.03,,,,,,-----
Iteration 3: SSE = 9091.194,,,,,,Iteration 2: SSE = 9459.859,,,,,,Iteration 1: SSE = 11404.11
Iteration 4: SSE = 9069.745,,,,,,Iteration 3: SSE = 9139.236,,,,,,Iteration 2: SSE = 9795.632
Iteration 5: SSE = 9063.718,,,,,,Iteration 4: SSE = 9075.849,,,,,,Iteration 3: SSE = 9560.014
,,,,,,Iteration 5: SSE = 9061.409,,,,,,Iteration 4: SSE = 9210.574
Run 3,,,,,,Iteration 6: SSE = 9058.661,,,,,,Iteration 5: SSE = 9092.832
-----,,,,,,,,,,,,Iteration 6: SSE = 9073.668
Iteration 1: SSE = 17641.51,,,,,,Run 3,,,,,,Iteration 7: SSE = 9065.287
Iteration 2: SSE = 9289.699,,,,,,-----,,,,,,
Iteration 3: SSE = 9091.194,,,,,,Iteration 1: SSE = 16425.03,,,,,,Run 3
Iteration 4: SSE = 9069.745,,,,,,Iteration 2: SSE = 9459.859,,,,,,-----
Iteration 5: SSE = 9063.718,,,,,,Iteration 3: SSE = 9139.236,,,,,,Iteration 1: SSE = 11404.11
,,,,,,Iteration 4: SSE = 9075.849,,,,,,Iteration 2: SSE = 9795.632
Run 4,,,,,,Iteration 5: SSE = 9061.409,,,,,,Iteration 3: SSE = 9560.014
-----,,,,,,Iteration 6: SSE = 9058.661,,,,,,Iteration 4: SSE = 9210.574
Iteration 1: SSE = 17641.51,,,,,,,,,,,,Iteration 5: SSE = 9092.832
Iteration 2: SSE = 9289.699,,,,,,Run 4,,,,,,Iteration 6: SSE = 9073.668
Iteration 3: SSE = 9091.194,,,,,,-----,,,,,,Iteration 7: SSE = 9065.287
Iteration 4: SSE = 9069.745,,,,,,Iteration 1: SSE = 16425.03,,,,,,
Iteration 5: SSE = 9063.718,,,,,,Iteration 2: SSE = 9459.859,,,,,,Run 4
,,,,,,Iteration 3: SSE = 9139.236,,,,,,-----
Run 5,,,,,,Iteration 4: SSE = 9075.849,,,,,,Iteration 1: SSE = 11404.11
-----,,,,,,Iteration 5: SSE = 9061.409,,,,,,Iteration 2: SSE = 9795.632
Iteration 1: SSE = 17641.51,,,,,,Iteration 6: SSE = 9058.661,,,,,,Iteration 3: SSE = 9560.014
Iteration 2: SSE = 9289.699,,,,,,,,,,,,Iteration 4: SSE = 9210.574
Iteration 3: SSE = 9091.194,,,,,,Run 5,,,,,,Iteration 5: SSE = 9092.832
Iteration 4: SSE = 9069.745,,,,,,-----,,,,,,Iteration 6: SSE = 9073.668
Iteration 5: SSE = 9063.718,,,,,,Iteration 1: SSE = 16425.03,,,,,,Iteration 7: SSE = 9065.287
,,,,,,Iteration 2: SSE = 9459.859,,,,,,
Run 6,,,,,,Iteration 3: SSE = 9139.236,,,,,,Run 5
-----,,,,,,Iteration 4: SSE = 9075.849,,,,,,-----
Iteration 1: SSE = 17641.51,,,,,,Iteration 5: SSE = 9061.409,,,,,,Iteration 1: SSE = 11404.11
Iteration 2: SSE = 9289.699,,,,,,Iteration 6: SSE = 9058.661,,,,,,Iteration 2: SSE = 9795.632
Iteration 3: SSE = 9091.194,,,,,,,,,,,,Iteration 3: SSE = 9560.014
Iteration 4: SSE = 9069.745,,,,,,Run 6,,,,,,Iteration 4: SSE = 9210.574
Iteration 5: SSE = 9063.718,,,,,,-----,,,,,,Iteration 5: SSE = 9092.832
,,,,,,Iteration 1: SSE = 16425.03,,,,,,Iteration 6: SSE = 9073.668
Run 7,,,,,,Iteration 2: SSE = 9459.859,,,,,,Iteration 7: SSE = 9065.287
-----,,,,,,Iteration 3: SSE = 9139.236,,,,,,
Iteration 1: SSE = 17641.51,,,,,,Iteration 4: SSE = 9075.849,,,,,,Run 6
Iteration 2: SSE = 9289.699,,,,,,Iteration 5: SSE = 9061.409,,,,,,-----
Iteration 3: SSE = 9091.194,,,,,,Iteration 6: SSE = 9058.661,,,,,,Iteration 1: SSE = 11404.11
Iteration 4: SSE = 9069.745,,,,,,,,,,,,Iteration 2: SSE = 9795.632
Iteration 5: SSE = 9063.718,,,,,,Run 7,,,,,,Iteration 3: SSE = 9560.014
,,,,,,-----,,,,,,Iteration 4: SSE = 9210.574
Run 8,,,,,,Iteration 1: SSE = 16425.03,,,,,,Iteration 5: SSE = 9092.832
-----,,,,,,Iteration 2: SSE = 9459.859,,,,,,Iteration 6: SSE = 9073.668
Iteration 1: SSE = 17641.51,,,,,,Iteration 3: SSE = 9139.236,,,,,,Iteration 7: SSE = 9065.287
Iteration 2: SSE = 9289.699,,,,,,Iteration 4: SSE = 9075.849,,,,,,
Iteration 3: SSE = 9091.194,,,,,,Iteration 5: SSE = 9061.409,,,,,,Run 7
Iteration 4: SSE = 9069.745,,,,,,Iteration 6: SSE = 9058.661,,,,,,-----
Iteration 5: SSE = 9063.718,,,,,,,,,,,,Iteration 1: SSE = 11404.11
,,,,,,Run 8,,,,,,Iteration 2: SSE = 9795.632
Run 9,,,,,,-----,,,,,,Iteration 3: SSE = 9560.014
-----,,,,,,Iteration 1: SSE = 16425.03,,,,,,Iteration 4: SSE = 9210.574
Iteration 1: SSE = 17641.51,,,,,,Iteration 2: SSE = 9459.859,,,,,,Iteration 5: SSE = 9092.832
Iteration 2: SSE = 9289.699,,,,,,Iteration 3: SSE = 9139.236,,,,,,Iteration 6: SSE = 9073.668
Iteration 3: SSE = 9091.194,,,,,,Iteration 4: SSE = 9075.849,,,,,,Iteration 7: SSE = 9065.287
Iteration 4: SSE = 9069.745,,,,,,Iteration 5: SSE = 9061.409,,,,,,
Iteration 5: SSE = 9063.718,,,,,,Iteration 6: SSE = 9058.661,,,,,,Run 8
,,,,,,,,,,,,-----
Run 10,,,,,,Run 9,,,,,,Iteration 1: SSE = 11404.11
-----,,,,,,-----,,,,,,Iteration 2: SSE = 9795.632
Iteration 1: SSE = 17641.51,,,,,,Iteration 1: SSE = 16425.03,,,,,,Iteration 3: SSE = 9560.014
Iteration 2: SSE = 9289.699,,,,,,Iteration 2: SSE = 9459.859,,,,,,Iteration 4: SSE = 9210.574
Iteration 3: SSE = 9091.194,,,,,,Iteration 3: SSE = 9139.236,,,,,,Iteration 5: SSE = 9092.832
Iteration 4: SSE = 9069.745,,,,,,Iteration 4: SSE = 9075.849,,,,,,Iteration 6: SSE = 9073.668
Iteration 5: SSE = 9063.718,,,,,,Iteration 5: SSE = 9061.409,,,,,,Iteration 7: SSE = 9065.287
,,,,,,Iteration 6: SSE = 9058.661,,,,,,
Run 11,,,,,,,,,,,,Run 9
-----,,,,,,Run 10,,,,,,-----
Iteration 1: SSE = 17641.51,,,,,,-----,,,,,,Iteration 1: SSE = 11404.11
Iteration 2: SSE = 9289.699,,,,,,Iteration 1: SSE = 16425.03,,,,,,Iteration 2: SSE = 9795.632
Iteration 3: SSE = 9091.194,,,,,,Iteration 2: SSE = 9459.859,,,,,,Iteration 3: SSE = 9560.014
Iteration 4: SSE = 9069.745,,,,,,Iteration 3: SSE = 9139.236,,,,,,Iteration 4: SSE = 9210.574
Iteration 5: SSE = 9063.718,,,,,,Iteration 4: SSE = 9075.849,,,,,,Iteration 5: SSE = 9092.832
,,,,,,Iteration 5: SSE = 9061.409,,,,,,Iteration 6: SSE = 9073.668
Run 12,,,,,,Iteration 6: SSE = 9058.661,,,,,,Iteration 7: SSE = 9065.287
-----,,,,,,,,,,,,
Iteration 1: SSE = 17641.51,,,,,,Run 11,,,,,,Run 10
Iteration 2: SSE = 9289.699,,,,,,-----,,,,,,-----
Iteration 3: SSE = 9091.194,,,,,,Iteration 1: SSE = 16425.03,,,,,,Iteration 1: SSE = 11404.11
Iteration 4: SSE = 9069.745,,,,,,Iteration 2: SSE = 9459.859,,,,,,Iteration 2: SSE = 9795.632
Iteration 5: SSE = 9063.718,,,,,,Iteration 3: SSE = 9139.236,,,,,,Iteration 3: SSE = 9560.014
,,,,,,Iteration 4: SSE = 9075.849,,,,,,Iteration 4: SSE = 9210.574
Run 13,,,,,,Iteration 5: SSE = 9061.409,,,,,,Iteration 5: SSE = 9092.832
-----,,,,,,Iteration 6: SSE = 9058.661,,,,,,Iteration 6: SSE = 9073.668
Iteration 1: SSE = 17641.51,,,,,,,,,,,,Iteration 7: SSE = 9065.287
Iteration 2: SSE = 9289.699,,,,,,Run 12,,,,,,
Iteration 3: SSE = 9091.194,,,,,,-----,,,,,,Run 11
Iteration 4: SSE = 9069.745,,,,,,Iteration 1: SSE = 10060.98,,,,,,-----
Iteration 5: SSE = 9063.718,,,,,,Iteration 2: SSE = 9075.872,,,,,,Iteration 1: SSE = 11404.11
,,,,,,Iteration 3: SSE = 9062.644,,,,,,Iteration 2: SSE = 9795.632
Run 14,,,,,,Iteration 4: SSE = 9059.097,,,,,,Iteration 3: SSE = 9560.014
-----,,,,,,,,,,,,Iteration 4: SSE = 9210.574
Iteration 1: SSE = 17641.51,,,,,,Run 13,,,,,,Iteration 5: SSE = 9092.832
Iteration 2: SSE = 9289.699,,,,,,-----,,,,,,Iteration 6: SSE = 9073.668
Iteration 3: SSE = 9091.194,,,,,,Iteration 1: SSE = 10060.98,,,,,,Iteration 7: SSE = 9065.287
Iteration 4: SSE = 9069.745,,,,,,Iteration 2: SSE = 9075.872,,,,,,
Iteration 5: SSE = 9063.718,,,,,,Iteration 3: SSE = 9062.644,,,,,,Run 12
,,,,,,Iteration 4: SSE = 9059.097,,,,,,-----
Run 15,,,,,,,,,,,,Iteration 1: SSE = 11404.11
-----,,,,,,Run 14,,,,,,Iteration 2: SSE = 9795.632
Iteration 1: SSE = 17641.51,,,,,,-----,,,,,,Iteration 3: SSE = 9560.014
Iteration 2: SSE = 9289.699,,,,,,Iteration 1: SSE = 10060.98,,,,,,Iteration 4: SSE = 9210.574
Iteration 3: SSE = 9091.194,,,,,,Iteration 2: SSE = 9075.872,,,,,,Iteration 5: SSE = 9092.832
Iteration 4: SSE = 9069.745,,,,,,Iteration 3: SSE = 9062.644,,,,,,Iteration 6: SSE = 9073.668
Iteration 5: SSE = 9063.718,,,,,,Iteration 4: SSE = 9059.097,,,,,,Iteration 7: SSE = 9065.287
,,,,,,,,,,,,
Run 16,,,,,,Run 15,,,,,,Run 13
-----,,,,,,-----,,,,,,-----
Iteration 1: SSE = 17641.51,,,,,,Iteration 1: SSE = 10060.98,,,,,,Iteration 1: SSE = 11404.11
Iteration 2: SSE = 9289.699,,,,,,Iteration 2: SSE = 9075.872,,,,,,Iteration 2: SSE = 9795.632
Iteration 3: SSE = 9091.194,,,,,,Iteration 3: SSE = 9062.644,,,,,,Iteration 3: SSE = 9560.014
Iteration 4: SSE = 9069.745,,,,,,Iteration 4: SSE = 9059.097,,,,,,Iteration 4: SSE = 9210.574
Iteration 5: SSE = 9063.718,,,,,,,,,,,,Iteration 5: SSE = 9092.832
,,,,,,Run 16,,,,,,Iteration 6: SSE = 9073.668
Run 17,,,,,,-----,,,,,,Iteration 7: SSE = 9065.287
-----,,,,,,Iteration 1: SSE = 10060.98,,,,,,
Iteration 1: SSE = 17641.51,,,,,,Iteration 2: SSE = 9075.872,,,,,,Run 14
Iteration 2: SSE = 9289.699,,,,,,Iteration 3: SSE = 9062.644,,,,,,-----
Iteration 3: SSE = 9091.194,,,,,,Iteration 4: SSE = 9059.097,,,,,,Iteration 1: SSE = 11404.11
Iteration 4: SSE = 9069.745,,,,,,,,,,,,Iteration 2: SSE = 9795.632
Iteration 5: SSE = 9063.718,,,,,,Run 17,,,,,,Iteration 3: SSE = 9560.014
,,,,,,-----,,,,,,Iteration 4: SSE = 9210.574
Run 18,,,,,,Iteration 1: SSE = 10060.98,,,,,,Iteration 5: SSE = 9092.832
-----,,,,,,Iteration 2: SSE = 9075.872,,,,,,Iteration 6: SSE = 9073.668
Iteration 1: SSE = 17641.51,,,,,,Iteration 3: SSE = 9062.644,,,,,,Iteration 7: SSE = 9065.287
Iteration 2: SSE = 9289.699,,,,,,Iteration 4: SSE = 9059.097,,,,,,
Iteration 3: SSE = 9091.194,,,,,,,,,,,,Run 15
Iteration 4: SSE = 9069.745,,,,,,Run 18,,,,,,-----
Iteration 5: SSE = 9063.718,,,,,,-----,,,,,,Iteration 1: SSE = 11404.11
,,,,,,Iteration 1: SSE = 10060.98,,,,,,Iteration 2: SSE = 9795.632
Run 19,,,,,,Iteration 2: SSE = 9075.872,,,,,,Iteration 3: SSE = 9560.014
-----,,,,,,Iteration 3: SSE = 9062.644,,,,,,Iteration 4: SSE = 9210.574
Iteration 1: SSE = 17641.51,,,,,,Iteration 4: SSE = 9059.097,,,,,,Iteration 5: SSE = 9092.832
Iteration 2: SSE = 9289.699,,,,,,,,,,,,Iteration 6: SSE = 9073.668
Iteration 3: SSE = 9091.194,,,,,,Run 19,,,,,,Iteration 7: SSE = 9065.287
Iteration 4: SSE = 9069.745,,,,,,-----,,,,,,
Iteration 5: SSE = 9063.718,,,,,,Iteration 1: SSE = 10060.98,,,,,,Run 16
,,,,,,Iteration 2: SSE = 9075.872,,,,,,-----
Run 20,,,,,,Iteration 3: SSE = 9062.644,,,,,,Iteration 1: SSE = 11404.11
-----,,,,,,Iteration 4: SSE = 9059.097,,,,,,Iteration 2: SSE = 9795.632
Iteration 1: SSE = 17641.51,,,,,,,,,,,,Iteration 3: SSE = 9560.014
Iteration 2: SSE = 9289.699,,,,,,Run 20,,,,,,Iteration 4: SSE = 9210.574
Iteration 3: SSE = 9091.194,,,,,,-----,,,,,,Iteration 5: SSE = 9092.832
Iteration 4: SSE = 9069.745,,,,,,Iteration 1: SSE = 10060.98,,,,,,Iteration 6: SSE = 9073.668
Iteration 5: SSE = 9063.718,,,,,,Iteration 2: SSE = 9075.872,,,,,,Iteration 7: SSE = 9065.287
,,,,,,Iteration 3: SSE = 9062.644,,,,,,
Run 21,,,,,,Iteration 4: SSE = 9059.097,,,,,,Run 17
-----,,,,,,,,,,,,-----
Iteration 1: SSE = 14313.99,,,,,,Run 21,,,,,,Iteration 1: SSE = 11404.11
Iteration 2: SSE = 10511.4,,,,,,-----,,,,,,Iteration 2: SSE = 9795.632
Iteration 3: SSE = 10489.72,,,,,,Iteration 1: SSE = 10060.98,,,,,,Iteration 3: SSE = 9560.014
Iteration 4: SSE = 10441.87,,,,,,Iteration 2: SSE = 9075.872,,,,,,Iteration 4: SSE = 9210.574
Iteration 5: SSE = 10306.89,,,,,,Iteration 3: SSE = 9062.644,,,,,,Iteration 5: SSE = 9092.832
Iteration 6: SSE = 10005.17,,,,,,Iteration 4: SSE = 9059.097,,,,,,Iteration 6: SSE = 9073.668
Iteration 7: SSE = 9567.159,,,,,,,,,,,,Iteration 7: SSE = 9065.287
Iteration 8: SSE = 9184.02,,,,,,Run 22,,,,,,
Iteration 9: SSE = 9092.832,,,,,,-----,,,,,,Run 18
Iteration 10: SSE = 9073.668,,,,,,Iteration 1: SSE = 10060.98,,,,,,-----
Iteration 11: SSE = 9065.287,,,,,,Iteration 2: SSE = 9075.872,,,,,,Iteration 1: SSE = 11404.11
,,,,,,Iteration 3: SSE = 9062.644,,,,,,Iteration 2: SSE = 9795.632
Run 22,,,,,,Iteration 4: SSE = 9059.097,,,,,,Iteration 3: SSE = 9560.014
-----,,,,,,,,,,,,Iteration 4: SSE = 9210.574
Iteration 1: SSE = 14313.99,,,,,,Run 23,,,,,,Iteration 5: SSE = 9092.832
Iteration 2: SSE = 10511.4,,,,,,-----,,,,,,Iteration 6: SSE = 9073.668
Iteration 3: SSE = 10489.72,,,,,,Iteration 1: SSE = 10060.98,,,,,,Iteration 7: SSE = 9065.287
Iteration 4: SSE = 10441.87,,,,,,Iteration 2: SSE = 9075.872,,,,,,
Iteration 5: SSE = 10306.89,,,,,,Iteration 3: SSE = 9062.644,,,,,,Run 19
Iteration 6: SSE = 10005.17,,,,,,Iteration 4: SSE = 9059.097,,,,,,-----
Iteration 7: SSE = 9567.159,,,,,,,,,,,,Iteration 1: SSE = 12601.86
Iteration 8: SSE = 9184.02,,,,,,Run 24,,,,,,Iteration 2: SSE = 9177.111
Iteration 9: SSE = 9092.832,,,,,,-----,,,,,,Iteration 3: SSE = 9082.237
Iteration 10: SSE = 9073.668,,,,,,Iteration 1: SSE = 10060.98,,,,,,Iteration 4: SSE = 9067.084
Iteration 11: SSE = 9065.287,,,,,,Iteration 2: SSE = 9075.872,,,,,,Iteration 5: SSE = 9059.828
,,,,,,Iteration 3: SSE = 9062.644,,,,,,
Run 23,,,,,,Iteration 4: SSE = 9059.097,,,,,,Run 20
-----,,,,,,,,,,,,-----
Iteration 1: SSE = 14313.99,,,,,,Run 25,,,,,,Iteration 1: SSE = 12601.86
Iteration 2: SSE = 10511.4,,,,,,-----,,,,,,Iteration 2: SSE = 9177.111
Iteration 3: SSE = 10489.72,,,,,,Iteration 1: SSE = 10060.98,,,,,,Iteration 3: SSE = 9082.237
Iteration 4: SSE = 10441.87,,,,,,Iteration 2: SSE = 9075.872,,,,,,Iteration 4: SSE = 9067.084
Iteration 5: SSE = 10306.89,,,,,,Iteration 3: SSE = 9062.644,,,,,,Iteration 5: SSE = 9059.828
Iteration 6: SSE = 10005.17,,,,,,Iteration 4: SSE = 9059.097,,,,,,
Iteration 7: SSE = 9567.159,,,,,,,,,,,,Run 21
Iteration 8: SSE = 9184.02,,,,,,Run 26,,,,,,-----
Iteration 9: SSE = 9092.832,,,,,,-----,,,,,,Iteration 1: SSE = 12601.86
Iteration 10: SSE = 9073.668,,,,,,Iteration 1: SSE = 10060.98,,,,,,Iteration 2: SSE = 9177.111
Iteration 11: SSE = 9065.287,,,,,,Iteration 2: SSE = 9075.872,,,,,,Iteration 3: SSE = 9082.237
,,,,,,Iteration 3: SSE = 9062.644,,,,,,Iteration 4: SSE = 9067.084
Run 24,,,,,,Iteration 4: SSE = 9059.097,,,,,,Iteration 5: SSE = 9059.828
-----,,,,,,,,,,,,
Iteration 1: SSE = 14313.99,,,,,,Run 27,,,,,,Run 22
Iteration 2: SSE = 10511.4,,,,,,-----,,,,,,-----
Iteration 3: SSE = 10489.72,,,,,,Iteration 1: SSE = 10060.98,,,,,,Iteration 1: SSE = 12601.86
Iteration 4: SSE = 10441.87,,,,,,Iteration 2: SSE = 9075.872,,,,,,Iteration 2: SSE = 9177.111
Iteration 5: SSE = 10306.89,,,,,,Iteration 3: SSE = 9062.644,,,,,,Iteration 3: SSE = 9082.237
Iteration 6: SSE = 10005.17,,,,,,Iteration 4: SSE = 9059.097,,,,,,Iteration 4: SSE = 9067.084
Iteration 7: SSE = 9567.159,,,,,,,,,,,,Iteration 5: SSE = 9059.828
Iteration 8: SSE = 9184.02,,,,,,Run 28,,,,,,
Iteration 9: SSE = 9092.832,,,,,,-----,,,,,,Run 23
Iteration 10: SSE = 9073.668,,,,,,Iteration 1: SSE = 10060.98,,,,,,-----
Iteration 11: SSE = 9065.287,,,,,,Iteration 2: SSE = 9075.872,,,,,,Iteration 1: SSE = 12601.86
,,,,,,Iteration 3: SSE = 9062.644,,,,,,Iteration 2: SSE = 9177.111
Run 25,,,,,,Iteration 4: SSE = 9059.097,,,,,,Iteration 3: SSE = 9082.237
-----,,,,,,,,,,,,Iteration 4: SSE = 9067.084
Iteration 1: SSE = 14313.99,,,,,,Run 29,,,,,,Iteration 5: SSE = 9059.828
Iteration 2: SSE = 10511.4,,,,,,-----,,,,,,
Iteration 3: SSE = 10489.72,,,,,,Iteration 1: SSE = 10060.98,,,,,,Run 24
Iteration 4: SSE = 10441.87,,,,,,Iteration 2: SSE = 9075.872,,,,,,-----
Iteration 5: SSE = 10306.89,,,,,,Iteration 3: SSE = 9062.644,,,,,,Iteration 1: SSE = 12601.86
Iteration 6: SSE = 10005.17,,,,,,Iteration 4: SSE = 9059.097,,,,,,Iteration 2: SSE = 9177.111
Iteration 7: SSE = 9567.159,,,,,,,,,,,,Iteration 3: SSE = 9082.237
Iteration 8: SSE = 9184.02,,,,,,Run 30,,,,,,Iteration 4: SSE = 9067.084
Iteration 9: SSE = 9092.832,,,,,,-----,,,,,,Iteration 5: SSE = 9059.828
Iteration 10: SSE = 9073.668,,,,,,Iteration 1: SSE = 10060.98,,,,,,
Iteration 11: SSE = 9065.287,,,,,,Iteration 2: SSE = 9075.872,,,,,,Run 25
,,,,,,Iteration 3: SSE = 9062.644,,,,,,-----
Run 26,,,,,,Iteration 4: SSE = 9059.097,,,,,,Iteration 1: SSE = 12601.86
-----,,,,,,,,,,,,Iteration 2: SSE = 9177.111
Iteration 1: SSE = 14313.99,,,,,,Run 31,,,,,,Iteration 3: SSE = 9082.237
Iteration 2: SSE = 10511.4,,,,,,-----,,,,,,Iteration 4: SSE = 9067.084
Iteration 3: SSE = 10489.72,,,,,,Iteration 1: SSE = 10060.98,,,,,,Iteration 5: SSE = 9059.828
Iteration 4: SSE = 10441.87,,,,,,Iteration 2: SSE = 9075.872,,,,,,
Iteration 5: SSE = 10306.89,,,,,,Iteration 3: SSE = 9062.644,,,,,,Run 26
Iteration 6: SSE = 10005.17,,,,,,Iteration 4: SSE = 9059.097,,,,,,-----
Iteration 7: SSE = 9567.159,,,,,,,,,,,,Iteration 1: SSE = 12601.86
Iteration 8: SSE = 9184.02,,,,,,Run 32,,,,,,Iteration 2: SSE = 9177.111
Iteration 9: SSE = 9092.832,,,,,,-----,,,,,,Iteration 3: SSE = 9082.237
Iteration 10: SSE = 9073.668,,,,,,Iteration 1: SSE = 10060.98,,,,,,Iteration 4: SSE = 9067.084
Iteration 11: SSE = 9065.287,,,,,,Iteration 2: SSE = 9075.872,,,,,,Iteration 5: SSE = 9059.828
,,,,,,Iteration 3: SSE = 9062.644,,,,,,
Run 27,,,,,,Iteration 4: SSE = 9059.097,,,,,,Run 27
-----,,,,,,,,,,,,-----
Iteration 1: SSE = 14313.99,,,,,,Run 33,,,,,,Iteration 1: SSE = 12601.86
Iteration 2: SSE = 10511.4,,,,,,-----,,,,,,Iteration 2: SSE = 9177.111
Iteration 3: SSE = 10489.72,,,,,,Iteration 1: SSE = 10060.98,,,,,,Iteration 3: SSE = 9082.237
Iteration 4: SSE = 10441.87,,,,,,Iteration 2: SSE = 9075.872,,,,,,Iteration 4: SSE = 9067.084
Iteration 5: SSE = 10306.89,,,,,,Iteration 3: SSE = 9062.644,,,,,,Iteration 5: SSE = 9059.828
Iteration 6: SSE = 10005.17,,,,,,Iteration 4: SSE = 9059.097,,,,,,
Iteration 7: SSE = 9567.159,,,,,,,,,,,,Run 28
Iteration 8: SSE = 9184.02,,,,,,Run 34,,,,,,-----
Iteration 9: SSE = 9092.832,,,,,,-----,,,,,,Iteration 1: SSE = 12601.86
Iteration 10: SSE = 9073.668,,,,,,Iteration 1: SSE = 10060.98,,,,,,Iteration 2: SSE = 9177.111
Iteration 11: SSE = 9065.287,,,,,,Iteration 2: SSE = 9075.872,,,,,,Iteration 3: SSE = 9082.237
,,,,,,Iteration 3: SSE = 9062.644,,,,,,Iteration 4: SSE = 9067.084
Run 28,,,,,,Iteration 4: SSE = 9059.097,,,,,,Iteration 5: SSE = 9059.828
-----,,,,,,,,,,,,
Iteration 1: SSE = 14313.99,,,,,,Run 35,,,,,,Run 29
Iteration 2: SSE = 10511.4,,,,,,-----,,,,,,-----
Iteration 3: SSE = 10489.72,,,,,,Iteration 1: SSE = 10060.98,,,,,,Iteration 1: SSE = 12601.86
Iteration 4: SSE = 10441.87,,,,,,Iteration 2: SSE = 9075.872,,,,,,Iteration 2: SSE = 9177.111
Iteration 5: SSE = 10306.89,,,,,,Iteration 3: SSE = 9062.644,,,,,,Iteration 3: SSE = 9082.237
Iteration 6: SSE = 10005.17,,,,,,Iteration 4: SSE = 9059.097,,,,,,Iteration 4: SSE = 9067.084
Iteration 7: SSE = 9567.159,,,,,,,,,,,,Iteration 5: SSE = 9059.828
Iteration 8: SSE = 9184.02,,,,,,Run 36,,,,,,
Iteration 9: SSE = 9092.832,,,,,,-----,,,,,,Run 30
Iteration 10: SSE = 9073.668,,,,,,Iteration 1: SSE = 10060.98,,,,,,-----
Iteration 11: SSE = 9065.287,,,,,,Iteration 2: SSE = 9075.872,,,,,,Iteration 1: SSE = 12601.86
,,,,,,Iteration 3: SSE = 9062.644,,,,,,Iteration 2: SSE = 9177.111
Run 29,,,,,,Iteration 4: SSE = 9059.097,,,,,,Iteration 3: SSE = 9082.237
-----,,,,,,,,,,,,Iteration 4: SSE = 9067.084
Iteration 1: SSE = 14313.99,,,,,,Run 37,,,,,,Iteration 5: SSE = 9059.828
Iteration 2: SSE = 10511.4,,,,,,-----,,,,,,
Iteration 3: SSE = 10489.72,,,,,,Iteration 1: SSE = 10060.98,,,,,,Run 31
Iteration 4: SSE = 10441.87,,,,,,Iteration 2: SSE = 9075.872,,,,,,-----
Iteration 5: SSE = 10306.89,,,,,,Iteration 3: SSE = 9062.644,,,,,,Iteration 1: SSE = 12601.86
Iteration 6: SSE = 10005.17,,,,,,Iteration 4: SSE = 9059.097,,,,,,Iteration 2: SSE = 9177.111
Iteration 7: SSE = 9567.159,,,,,,,,,,,,Iteration 3: SSE = 9082.237
Iteration 8: SSE = 9184.02,,,,,,Run 38,,,,,,Iteration 4: SSE = 9067.084
Iteration 9: SSE = 9092.832,,,,,,-----,,,,,,Iteration 5: SSE = 9059.828
Iteration 10: SSE = 9073.668,,,,,,Iteration 1: SSE = 10060.98,,,,,,
Iteration 11: SSE = 9065.287,,,,,,Iteration 2: SSE = 9075.872,,,,,,Run 32
,,,,,,Iteration 3: SSE = 9062.644,,,,,,-----
Run 30,,,,,,Iteration 4: SSE = 9059.097,,,,,,Iteration 1: SSE = 12601.86
-----,,,,,,,,,,,,Iteration 2: SSE = 9177.111
Iteration 1: SSE = 14313.99,,,,,,Run 39,,,,,,Iteration 3: SSE = 9082.237
Iteration 2: SSE = 10511.4,,,,,,-----,,,,,,Iteration 4: SSE = 9067.084
Iteration 3: SSE = 10489.72,,,,,,Iteration 1: SSE = 10060.98,,,,,,Iteration 5: SSE = 9059.828
Iteration 4: SSE = 10441.87,,,,,,Iteration 2: SSE = 9075.872,,,,,,
Iteration 5: SSE = 10306.89,,,,,,Iteration 3: SSE = 9062.644,,,,,,Run 33
Iteration 6: SSE = 10005.17,,,,,,Iteration 4: SSE = 9059.097,,,,,,-----
Iteration 7: SSE = 9567.159,,,,,,,,,,,,Iteration 1: SSE = 12601.86
Iteration 8: SSE = 9184.02,,,,,,Run 40,,,,,,Iteration 2: SSE = 9177.111
Iteration 9: SSE = 9092.832,,,,,,-----,,,,,,Iteration 3: SSE = 9082.237
Iteration 10: SSE = 9073.668,,,,,,Iteration 1: SSE = 10060.98,,,,,,Iteration 4: SSE = 9067.084
Iteration 11: SSE = 9065.287,,,,,,Iteration 2: SSE = 9075.872,,,,,,Iteration 5: SSE = 9059.828
,,,,,,Iteration 3: SSE = 9062.644,,,,,,
Run 31,,,,,,Iteration 4: SSE = 9059.097,,,,,,Run 34
-----,,,,,,,,,,,,-----
Iteration 1: SSE = 11629.65,,,,,,Run 41,,,,,,Iteration 1: SSE = 12601.86
Iteration 2: SSE = 9865.705,,,,,,-----,,,,,,Iteration 2: SSE = 9177.111
Iteration 3: SSE = 9502.344,,,,,,Iteration 1: SSE = 10060.98,,,,,,Iteration 3: SSE = 9082.237
Iteration 4: SSE = 9175.332,,,,,,Iteration 2: SSE = 9075.872,,,,,,Iteration 4: SSE = 9067.084
Iteration 5: SSE = 9097.153,,,,,,Iteration 3: SSE = 9062.644,,,,,,Iteration 5: SSE = 9059.828
Iteration 6: SSE = 9072.04,,,,,,Iteration 4: SSE = 9059.097,,,,,,
Iteration 7: SSE = 9063.718,,,,,,,,,,,,Run 35
,,,,,,Run 42,,,,,,-----
Run 32,,,,,,-----,,,,,,Iteration 1: SSE = 12601.86
-----,,,,,,Iteration 1: SSE = 10060.98,,,,,,Iteration 2: SSE = 9177.111
Iteration 1: SSE = 11629.65,,,,,,Iteration 2: SSE = 9075.872,,,,,,Iteration 3: SSE = 9082.237
Iteration 2: SSE = 9865.705,,,,,,Iteration 3: SSE = 9062.644,,,,,,Iteration 4: SSE = 9067.084
Iteration 3: SSE = 9502.344,,,,,,Iteration 4: SSE = 9059.097,,,,,,Iteration 5: SSE = 9059.828
Iteration 4: SSE = 9175.332,,,,,,,,,,,,
Iteration 5: SSE = 9097.153,,,,,,Run 43,,,,,,Run 36
Iteration 6: SSE = 9072.04,,,,,,-----,,,,,,-----
Iteration 7: SSE = 9063.718,,,,,,Iteration 1: SSE = 12977.87,,,,,,Iteration 1: SSE = 12601.86
,,,,,,Iteration 2: SSE = 9419.447,,,,,,Iteration 2: SSE = 9177.111
Run 33,,,,,,Iteration 3: SSE = 9145.222,,,,,,Iteration 3: SSE = 9082.237
-----,,,,,,Iteration 4: SSE = 9081.506,,,,,,Iteration 4: SSE = 9067.084
Iteration 1: SSE = 11629.65,,,,,,Iteration 5: SSE = 9067.084,,,,,,Iteration 5: SSE = 9059.828
Iteration 2: SSE = 9865.705,,,,,,Iteration 6: SSE = 9059.828,,,,,,
Iteration 3: SSE = 9502.344,,,,,,,,,,,,Run 37
Iteration 4: SSE = 9175.332,,,,,,Run 44,,,,,,-----
Iteration 5: SSE = 9097.153,,,,,,-----,,,,,,Iteration 1: SSE = 12601.86
Iteration 6: SSE = 9072.04,,,,,,Iteration 1: SSE = 12977.87,,,,,,Iteration 2: SSE = 9177.111
Iteration 7: SSE = 9063.718,,,,,,Iteration 2: SSE = 9419.447,,,,,,Iteration 3: SSE = 9082.237
,,,,,,Iteration 3: SSE = 9145.222,,,,,,Iteration 4: SSE = 9067.084
Run 34,,,,,,Iteration 4: SSE = 9081.506,,,,,,Iteration 5: SSE = 9059.828
-----,,,,,,Iteration 5: SSE = 9067.084,,,,,,
Iteration 1: SSE = 11629.65,,,,,,Iteration 6: SSE = 9059.828,,,,,,Run 38
Iteration 2: SSE = 9865.705,,,,,,,,,,,,-----
Iteration 3: SSE = 9502.344,,,,,,Run 45,,,,,,Iteration 1: SSE = 12601.86
Iteration 4: SSE = 9175.332,,,,,,-----,,,,,,Iteration 2: SSE = 9177.111
Iteration 5: SSE = 9097.153,,,,,,Iteration 1: SSE = 12977.87,,,,,,Iteration 3: SSE = 9082.237
Iteration 6: SSE = 9072.04,,,,,,Iteration 2: SSE = 9419.447,,,,,,Iteration 4: SSE = 9067.084
Iteration 7: SSE = 9063.718,,,,,,Iteration 3: SSE = 9145.222,,,,,,Iteration 5: SSE = 9059.828
,,,,,,Iteration 4: SSE = 9081.506,,,,,,
Run 35,,,,,,Iteration 5: SSE = 9067.084,,,,,,Run 39
-----,,,,,,Iteration 6: SSE = 9059.828,,,,,,-----
Iteration 1: SSE = 11629.65,,,,,,,,,,,,Iteration 1: SSE = 12601.86
Iteration 2: SSE = 9865.705,,,,,,Run 46,,,,,,Iteration 2: SSE = 9177.111
Iteration 3: SSE = 9502.344,,,,,,-----,,,,,,Iteration 3: SSE = 9082.237
Iteration 4: SSE = 9175.332,,,,,,Iteration 1: SSE = 12977.87,,,,,,Iteration 4: SSE = 9067.084
Iteration 5: SSE = 9097.153,,,,,,Iteration 2: SSE = 9419.447,,,,,,Iteration 5: SSE = 9059.828
Iteration 6: SSE = 9072.04,,,,,,Iteration 3: SSE = 9145.222,,,,,,
Iteration 7: SSE = 9063.718,,,,,,Iteration 4: SSE = 9081.506,,,,,,Run 40
,,,,,,Iteration 5: SSE = 9067.084,,,,,,-----
Run 36,,,,,,Iteration 6: SSE = 9059.828,,,,,,Iteration 1: SSE = 12601.86
-----,,,,,,,,,,,,Iteration 2: SSE = 9177.111
Iteration 1: SSE = 11629.65,,,,,,Run 47,,,,,,Iteration 3: SSE = 9082.237
Iteration 2: SSE = 9865.705,,,,,,-----,,,,,,Iteration 4: SSE = 9067.084
Iteration 3: SSE = 9502.344,,,,,,Iteration 1: SSE = 12977.87,,,,,,Iteration 5: SSE = 9059.828
Iteration 4: SSE = 9175.332,,,,,,Iteration 2: SSE = 9419.447,,,,,,
Iteration 5: SSE = 9097.153,,,,,,Iteration 3: SSE = 9145.222,,,,,,Run 41
Iteration 6: SSE = 9072.04,,,,,,Iteration 4: SSE = 9081.506,,,,,,-----
Iteration 7: SSE = 9063.718,,,,,,Iteration 5: SSE = 9067.084,,,,,,Iteration 1: SSE = 12601.86
,,,,,,Iteration 6: SSE = 9059.828,,,,,,Iteration 2: SSE = 9177.111
Run 37,,,,,,,,,,,,Iteration 3: SSE = 9082.237
-----,,,,,,Run 48,,,,,,Iteration 4: SSE = 9067.084
Iteration 1: SSE = 11629.65,,,,,,-----,,,,,,Iteration 5: SSE = 9059.828
Iteration 2: SSE = 9865.705,,,,,,Iteration 1: SSE = 12977.87,,,,,,
Iteration 3: SSE = 9502.344,,,,,,Iteration 2: SSE = 9419.447,,,,,,Run 42
Iteration 4: SSE = 9175.332,,,,,,Iteration 3: SSE = 9145.222,,,,,,-----
Iteration 5: SSE = 9097.153,,,,,,Iteration 4: SSE = 9081.506,,,,,,Iteration 1: SSE = 9987.819
Iteration 6: SSE = 9072.04,,,,,,Iteration 5: SSE = 9067.084,,,,,,Iteration 2: SSE = 9078.473
Iteration 7: SSE = 9063.718,,,,,,Iteration 6: SSE = 9059.828,,,,,,Iteration 3: SSE = 9062.644
,,,,,,,,,,,,Iteration 4: SSE = 9059.097
Run 38,,,,,,Run 49,,,,,,
-----,,,,,,-----,,,,,,Run 43
Iteration 1: SSE = 11629.65,,,,,,Iteration 1: SSE = 12977.87,,,,,,-----
Iteration 2: SSE = 9865.705,,,,,,Iteration 2: SSE = 9419.447,,,,,,Iteration 1: SSE = 9987.819
Iteration 3: SSE = 9502.344,,,,,,Iteration 3: SSE = 9145.222,,,,,,Iteration 2: SSE = 9078.473
Iteration 4: SSE = 9175.332,,,,,,Iteration 4: SSE = 9081.506,,,,,,Iteration 3: SSE = 9062.644
Iteration 5: SSE = 9097.153,,,,,,Iteration 5: SSE = 9067.084,,,,,,Iteration 4: SSE = 9059.097
Iteration 6: SSE = 9072.04,,,,,,Iteration 6: SSE = 9059.828,,,,,,
Iteration 7: SSE = 9063.718,,,,,,,,,,,,Run 44
,,,,,,Run 50,,,,,,-----
Run 39,,,,,,-----,,,,,,Iteration 1: SSE = 9987.819
-----,,,,,,Iteration 1: SSE = 12977.87,,,,,,Iteration 2: SSE = 9078.473
Iteration 1: SSE = 11629.65,,,,,,Iteration 2: SSE = 9419.447,,,,,,Iteration 3: SSE = 9062.644
Iteration 2: SSE = 9865.705,,,,,,Iteration 3: SSE = 9145.222,,,,,,Iteration 4: SSE = 9059.097
Iteration 3: SSE = 9502.344,,,,,,Iteration 4: SSE = 9081.506,,,,,,
Iteration 4: SSE = 9175.332,,,,,,Iteration 5: SSE = 9067.084,,,,,,Run 45
Iteration 5: SSE = 9097.153,,,,,,Iteration 6: SSE = 9059.828,,,,,,-----
Iteration 6: SSE = 9072.04,,,,,,,,,,,,Iteration 1: SSE = 9987.819
Iteration 7: SSE = 9063.718,,,,,,Run 51,,,,,,Iteration 2: SSE = 9078.473
,,,,,,-----,,,,,,Iteration 3: SSE = 9062.644
Run 40,,,,,,Iteration 1: SSE = 12977.87,,,,,,Iteration 4: SSE = 9059.097
-----,,,,,,Iteration 2: SSE = 9419.447,,,,,,
Iteration 1: SSE = 11629.65,,,,,,Iteration 3: SSE = 9145.222,,,,,,Run 46
Iteration 2: SSE = 9865.705,,,,,,Iteration 4: SSE = 9081.506,,,,,,-----
Iteration 3: SSE = 9502.344,,,,,,Iteration 5: SSE = 9067.084,,,,,,Iteration 1: SSE = 9987.819
Iteration 4: SSE = 9175.332,,,,,,Iteration 6: SSE = 9059.828,,,,,,Iteration 2: SSE = 9078.473
Iteration 5: SSE = 9097.153,,,,,,,,,,,,Iteration 3: SSE = 9062.644
Iteration 6: SSE = 9072.04,,,,,,Run 52,,,,,,Iteration 4: SSE = 9059.097
Iteration 7: SSE = 9063.718,,,,,,-----,,,,,,
,,,,,,Iteration 1: SSE = 12977.87,,,,,,Run 47
Run 41,,,,,,Iteration 2: SSE = 9419.447,,,,,,-----
-----,,,,,,Iteration 3: SSE = 9145.222,,,,,,Iteration 1: SSE = 9987.819
Iteration 1: SSE = 11629.65,,,,,,Iteration 4: SSE = 9081.506,,,,,,Iteration 2: SSE = 9078.473
Iteration 2: SSE = 9865.705,,,,,,Iteration 5: SSE = 9067.084,,,,,,Iteration 3: SSE = 9062.644
Iteration 3: SSE = 9502.344,,,,,,Iteration 6: SSE = 9059.828,,,,,,Iteration 4: SSE = 9059.097
Iteration 4: SSE = 9175.332,,,,,,,,,,,,
Iteration 5: SSE = 9097.153,,,,,,Run 53,,,,,,Run 48
Iteration 6: SSE = 9072.04,,,,,,-----,,,,,,-----
Iteration 7: SSE = 9063.718,,,,,,Iteration 1: SSE = 12977.87,,,,,,Iteration 1: SSE = 9987.819
,,,,,,Iteration 2: SSE = 9419.447,,,,,,Iteration 2: SSE = 9078.473
Run 42,,,,,,Iteration 3: SSE = 9145.222,,,,,,Iteration 3: SSE = 9062.644
-----,,,,,,Iteration 4: SSE = 9081.506,,,,,,Iteration 4: SSE = 9059.097
Iteration 1: SSE = 11629.65,,,,,,Iteration 5: SSE = 9067.084,,,,,,
Iteration 2: SSE = 9865.705,,,,,,Iteration 6: SSE = 9059.828,,,,,,Run 49
Iteration 3: SSE = 9502.344,,,,,,,,,,,,-----
Iteration 4: SSE = 9175.332,,,,,,Run 54,,,,,,Iteration 1: SSE = 9987.819
Iteration 5: SSE = 9097.153,,,,,,-----,,,,,,Iteration 2: SSE = 9078.473
Iteration 6: SSE = 9072.04,,,,,,Iteration 1: SSE = 12977.87,,,,,,Iteration 3: SSE = 9062.644
Iteration 7: SSE = 9063.718,,,,,,Iteration 2: SSE = 9419.447,,,,,,Iteration 4: SSE = 9059.097
,,,,,,Iteration 3: SSE = 9145.222,,,,,,
Run 43,,,,,,Iteration 4: SSE = 9081.506,,,,,,Run 50
-----,,,,,,Iteration 5: SSE = 9067.084,,,,,,-----
Iteration 1: SSE = 11629.65,,,,,,Iteration 6: SSE = 9059.828,,,,,,Iteration 1: SSE = 9987.819
Iteration 2: SSE = 9865.705,,,,,,,,,,,,Iteration 2: SSE = 9078.473
Iteration 3: SSE = 9502.344,,,,,,Run 55,,,,,,Iteration 3: SSE = 9062.644
Iteration 4: SSE = 9175.332,,,,,,-----,,,,,,Iteration 4: SSE = 9059.097
Iteration 5: SSE = 9097.153,,,,,,Iteration 1: SSE = 12977.87,,,,,,
Iteration 6: SSE = 9072.04,,,,,,Iteration 2: SSE = 9419.447,,,,,,Run 51
Iteration 7: SSE = 9063.718,,,,,,Iteration 3: SSE = 9145.222,,,,,,-----
,,,,,,Iteration 4: SSE = 9081.506,,,,,,Iteration 1: SSE = 9987.819
Run 44,,,,,,Iteration 5: SSE = 9067.084,,,,,,Iteration 2: SSE = 9078.473
-----,,,,,,Iteration 6: SSE = 9059.828,,,,,,Iteration 3: SSE = 9062.644
Iteration 1: SSE = 11629.65,,,,,,,,,,,,Iteration 4: SSE = 9059.097
Iteration 2: SSE = 9865.705,,,,,,Run 56,,,,,,
Iteration 3: SSE = 9502.344,,,,,,-----,,,,,,Run 52
Iteration 4: SSE = 9175.332,,,,,,Iteration 1: SSE = 12977.87,,,,,,-----
Iteration 5: SSE = 9097.153,,,,,,Iteration 2: SSE = 9419.447,,,,,,Iteration 1: SSE = 9987.819
Iteration 6: SSE = 9072.04,,,,,,Iteration 3: SSE = 9145.222,,,,,,Iteration 2: SSE = 9078.473
Iteration 7: SSE = 9063.718,,,,,,Iteration 4: SSE = 9081.506,,,,,,Iteration 3: SSE = 9062.644
,,,,,,Iteration 5: SSE = 9067.084,,,,,,Iteration 4: SSE = 9059.097
Run 45,,,,,,Iteration 6: SSE = 9059.828,,,,,,
-----,,,,,,,,,,,,Run 53
Iteration 1: SSE = 40609.11,,,,,,Run 57,,,,,,-----
Iteration 2: SSE = 11212.23,,,,,,-----,,,,,,Iteration 1: SSE = 9987.819
Iteration 3: SSE = 11131.98,,,,,,Iteration 1: SSE = 12977.87,,,,,,Iteration 2: SSE = 9078.473
Iteration 4: SSE = 10996.45,,,,,,Iteration 2: SSE = 9419.447,,,,,,Iteration 3: SSE = 9062.644
Iteration 5: SSE = 10402.86,,,,,,Iteration 3: SSE = 9145.222,,,,,,Iteration 4: SSE = 9059.097
Iteration 6: SSE = 9503.969,,,,,,Iteration 4: SSE = 9081.506,,,,,,
Iteration 7: SSE = 9107.091,,,,,,Iteration 5: SSE = 9067.084,,,,,,Run 54
Iteration 8: SSE = 9067.048,,,,,,Iteration 6: SSE = 9059.828,,,,,,-----
Iteration 9: SSE = 9059.023,,,,,,,,,,,,Iteration 1: SSE = 9987.819
,,,,,,Run 58,,,,,,Iteration 2: SSE = 9078.473
Run 46,,,,,,-----,,,,,,Iteration 3: SSE = 9062.644
-----,,,,,,Iteration 1: SSE = 12977.87,,,,,,Iteration 4: SSE = 9059.097
Iteration 1: SSE = 40609.11,,,,,,Iteration 2: SSE = 9419.447,,,,,,
Iteration 2: SSE = 11212.23,,,,,,Iteration 3: SSE = 9145.222,,,,,,Run 55
Iteration 3: SSE = 11131.98,,,,,,Iteration 4: SSE = 9081.506,,,,,,-----
Iteration 4: SSE = 10996.45,,,,,,Iteration 5: SSE = 9067.084,,,,,,Iteration 1: SSE = 9987.819
Iteration 5: SSE = 10402.86,,,,,,Iteration 6: SSE = 9059.828,,,,,,Iteration 2: SSE = 9078.473
Iteration 6: SSE = 9503.969,,,,,,,,,,,,Iteration 3: SSE = 9062.644
Iteration 7: SSE = 9107.091,,,,,,Run 59,,,,,,Iteration 4: SSE = 9059.097
Iteration 8: SSE = 9067.048,,,,,,-----,,,,,,
Iteration 9: SSE = 9059.023,,,,,,Iteration 1: SSE = 12977.87,,,,,,Run 56
,,,,,,Iteration 2: SSE = 9419.447,,,,,,-----
Run 47,,,,,,Iteration 3: SSE = 9145.222,,,,,,Iteration 1: SSE = 9987.819
-----,,,,,,Iteration 4: SSE = 9081.506,,,,,,Iteration 2: SSE = 9078.473
Iteration 1: SSE = 40609.11,,,,,,Iteration 5: SSE = 9067.084,,,,,,Iteration 3: SSE = 9062.644
Iteration 2: SSE = 11212.23,,,,,,Iteration 6: SSE = 9059.828,,,,,,Iteration 4: SSE = 9059.097
Iteration 3: SSE = 11131.98,,,,,,,,,,,,
Iteration 4: SSE = 10996.45,,,,,,Run 60,,,,,,Run 57
Iteration 5: SSE = 10402.86,,,,,,-----,,,,,,-----
Iteration 6: SSE = 9503.969,,,,,,Iteration 1: SSE = 12977.87,,,,,,Iteration 1: SSE = 9987.819
Iteration 7: SSE = 9107.091,,,,,,Iteration 2: SSE = 9419.447,,,,,,Iteration 2: SSE = 9078.473
Iteration 8: SSE = 9067.048,,,,,,Iteration 3: SSE = 9145.222,,,,,,Iteration 3: SSE = 9062.644
Iteration 9: SSE = 9059.023,,,,,,Iteration 4: SSE = 9081.506,,,,,,Iteration 4: SSE = 9059.097
,,,,,,Iteration 5: SSE = 9067.084,,,,,,
Run 48,,,,,,Iteration 6: SSE = 9059.828,,,,,,Run 58
-----,,,,,,,,,,,,-----
Iteration 1: SSE = 40609.11,,,,,,Run 61,,,,,,Iteration 1: SSE = 9987.819
Iteration 2: SSE = 11212.23,,,,,,-----,,,,,,Iteration 2: SSE = 9078.473
Iteration 3: SSE = 11131.98,,,,,,Iteration 1: SSE = 12977.87,,,,,,Iteration 3: SSE = 9062.644
Iteration 4: SSE = 10996.45,,,,,,Iteration 2: SSE = 9419.447,,,,,,Iteration 4: SSE = 9059.097
Iteration 5: SSE = 10402.86,,,,,,Iteration 3: SSE = 9145.222,,,,,,
Iteration 6: SSE = 9503.969,,,,,,Iteration 4: SSE = 9081.506,,,,,,Run 59
Iteration 7: SSE = 9107.091,,,,,,Iteration 5: SSE = 9067.084,,,,,,-----
Iteration 8: SSE = 9067.048,,,,,,Iteration 6: SSE = 9059.828,,,,,,Iteration 1: SSE = 9987.819
Iteration 9: SSE = 9059.023,,,,,,,,,,,,Iteration 2: SSE = 9078.473
,,,,,,Run 62,,,,,,Iteration 3: SSE = 9062.644
Run 49,,,,,,-----,,,,,,Iteration 4: SSE = 9059.097
-----,,,,,,Iteration 1: SSE = 12977.87,,,,,,
Iteration 1: SSE = 40609.11,,,,,,Iteration 2: SSE = 9419.447,,,,,,Run 60
Iteration 2: SSE = 11212.23,,,,,,Iteration 3: SSE = 9145.222,,,,,,-----
Iteration 3: SSE = 11131.98,,,,,,Iteration 4: SSE = 9081.506,,,,,,Iteration 1: SSE = 9987.819
Iteration 4: SSE = 10996.45,,,,,,Iteration 5: SSE = 9067.084,,,,,,Iteration 2: SSE = 9078.473
Iteration 5: SSE = 10402.86,,,,,,Iteration 6: SSE = 9059.828,,,,,,Iteration 3: SSE = 9062.644
Iteration 6: SSE = 9503.969,,,,,,,,,,,,Iteration 4: SSE = 9059.097
Iteration 7: SSE = 9107.091,,,,,,Run 63,,,,,,
Iteration 8: SSE = 9067.048,,,,,,-----,,,,,,Run 61
Iteration 9: SSE = 9059.023,,,,,,Iteration 1: SSE = 12977.87,,,,,,-----
,,,,,,Iteration 2: SSE = 9419.447,,,,,,Iteration 1: SSE = 9987.819
Run 50,,,,,,Iteration 3: SSE = 9145.222,,,,,,Iteration 2: SSE = 9078.473
-----,,,,,,Iteration 4: SSE = 9081.506,,,,,,Iteration 3: SSE = 9062.644
Iteration 1: SSE = 40609.11,,,,,,Iteration 5: SSE = 9067.084,,,,,,Iteration 4: SSE = 9059.097
Iteration 2: SSE = 11212.23,,,,,,Iteration 6: SSE = 9059.828,,,,,,
Iteration 3: SSE = 11131.98,,,,,,,,,,,,Run 62
Iteration 4: SSE = 10996.45,,,,,,Run 64,,,,,,-----
Iteration 5: SSE = 10402.86,,,,,,-----,,,,,,Iteration 1: SSE = 9987.819
Iteration 6: SSE = 9503.969,,,,,,Iteration 1: SSE = 12977.87,,,,,,Iteration 2: SSE = 9078.473
Iteration 7: SSE = 9107.091,,,,,,Iteration 2: SSE = 9419.447,,,,,,Iteration 3: SSE = 9062.644
Iteration 8: SSE = 9067.048,,,,,,Iteration 3: SSE = 9145.222,,,,,,Iteration 4: SSE = 9059.097
Iteration 9: SSE = 9059.023,,,,,,Iteration 4: SSE = 9081.506,,,,,,
,,,,,,Iteration 5: SSE = 9067.084,,,,,,Run 63
Run 51,,,,,,Iteration 6: SSE = 9059.828,,,,,,-----
-----,,,,,,,,,,,,Iteration 1: SSE = 9987.819
Iteration 1: SSE = 40609.11,,,,,,Run 65,,,,,,Iteration 2: SSE = 9078.473
Iteration 2: SSE = 11212.23,,,,,,-----,,,,,,Iteration 3: SSE = 9062.644
Iteration 3: SSE = 11131.98,,,,,,Iteration 1: SSE = 12977.87,,,,,,Iteration 4: SSE = 9059.097
Iteration 4: SSE = 10996.45,,,,,,Iteration 2: SSE = 9419.447,,,,,,
Iteration 5: SSE = 10402.86,,,,,,Iteration 3: SSE = 9145.222,,,,,,Run 64
Iteration 6: SSE = 9503.969,,,,,,Iteration 4: SSE = 9081.506,,,,,,-----
Iteration 7: SSE = 9107.091,,,,,,Iteration 5: SSE = 9067.084,,,,,,Iteration 1: SSE = 9987.819
Iteration 8: SSE = 9067.048,,,,,,Iteration 6: SSE = 9059.828,,,,,,Iteration 2: SSE = 9078.473
Iteration 9: SSE = 9059.023,,,,,,,,,,,,Iteration 3: SSE = 9062.644
,,,,,,Run 66,,,,,,Iteration 4: SSE = 9059.097
Run 52,,,,,,-----,,,,,,
-----,,,,,,Iteration 1: SSE = 13506.23,,,,,,Run 65
Iteration 1: SSE = 40609.11,,,,,,Iteration 2: SSE = 9331.285,,,,,,-----
Iteration 2: SSE = 11212.23,,,,,,Iteration 3: SSE = 9109.177,,,,,,Iteration 1: SSE = 9987.819
Iteration 3: SSE = 11131.98,,,,,,Iteration 4: SSE = 9064.978,,,,,,Iteration 2: SSE = 9078.473
Iteration 4: SSE = 10996.45,,,,,,Iteration 5: SSE = 9059.634,,,,,,Iteration 3: SSE = 9062.644
Iteration 5: SSE = 10402.86,,,,,,,,,,,,Iteration 4: SSE = 9059.097
Iteration 6: SSE = 9503.969,,,,,,Run 67,,,,,,
Iteration 7: SSE = 9107.091,,,,,,-----,,,,,,Run 66
Iteration 8: SSE = 9067.048,,,,,,Iteration 1: SSE = 13506.23,,,,,,-----
Iteration 9: SSE = 9059.023,,,,,,Iteration 2: SSE = 9331.285,,,,,,Iteration 1: SSE = 9987.819
,,,,,,Iteration 3: SSE = 9109.177,,,,,,Iteration 2: SSE = 9078.473
Run 53,,,,,,Iteration 4: SSE = 9064.978,,,,,,Iteration 3: SSE = 9062.644
-----,,,,,,Iteration 5: SSE = 9059.634,,,,,,Iteration 4: SSE = 9059.097
Iteration 1: SSE = 40609.11,,,,,,,,,,,,
Iteration 2: SSE = 11212.23,,,,,,Run 68,,,,,,Run 67
Iteration 3: SSE = 11131.98,,,,,,-----,,,,,,-----
Iteration 4: SSE = 10996.45,,,,,,Iteration 1: SSE = 13506.23,,,,,,Iteration 1: SSE = 9987.819
Iteration 5: SSE = 10402.86,,,,,,Iteration 2: SSE = 9331.285,,,,,,Iteration 2: SSE = 9078.473
Iteration 6: SSE = 9503.969,,,,,,Iteration 3: SSE = 9109.177,,,,,,Iteration 3: SSE = 9062.644
Iteration 7: SSE = 9107.091,,,,,,Iteration 4: SSE = 9064.978,,,,,,Iteration 4: SSE = 9059.097
Iteration 8: SSE = 9067.048,,,,,,Iteration 5: SSE = 9059.634,,,,,,
Iteration 9: SSE = 9059.023,,,,,,,,,,,,Run 68
,,,,,,Run 69,,,,,,-----
Run 54,,,,,,-----,,,,,,Iteration 1: SSE = 9987.819
-----,,,,,,Iteration 1: SSE = 13506.23,,,,,,Iteration 2: SSE = 9078.473
Iteration 1: SSE = 40609.11,,,,,,Iteration 2: SSE = 9331.285,,,,,,Iteration 3: SSE = 9062.644
Iteration 2: SSE = 11212.23,,,,,,Iteration 3: SSE = 9109.177,,,,,,Iteration 4: SSE = 9059.097
Iteration 3: SSE = 11131.98,,,,,,Iteration 4: SSE = 9064.978,,,,,,
Iteration 4: SSE = 10996.45,,,,,,Iteration 5: SSE = 9059.634,,,,,,Run 69
Iteration 5: SSE = 10402.86,,,,,,,,,,,,-----
Iteration 6: SSE = 9503.969,,,,,,Run 70,,,,,,Iteration 1: SSE = 9987.819
Iteration 7: SSE = 9107.091,,,,,,-----,,,,,,Iteration 2: SSE = 9078.473
Iteration 8: SSE = 9067.048,,,,,,Iteration 1: SSE = 13506.23,,,,,,Iteration 3: SSE = 9062.644
Iteration 9: SSE = 9059.023,,,,,,Iteration 2: SSE = 9331.285,,,,,,Iteration 4: SSE = 9059.097
,,,,,,Iteration 3: SSE = 9109.177,,,,,,
Run 55,,,,,,Iteration 4: SSE = 9064.978,,,,,,Run 70
-----,,,,,,Iteration 5: SSE = 9059.634,,,,,,-----
Iteration 1: SSE = 40609.11,,,,,,,,,,,,Iteration 1: SSE = 9987.819
Iteration 2: SSE = 11212.23,,,,,,Run 71,,,,,,Iteration 2: SSE = 9078.473
Iteration 3: SSE = 11131.98,,,,,,-----,,,,,,Iteration 3: SSE = 9062.644
Iteration 4: SSE = 10996.45,,,,,,Iteration 1: SSE = 13506.23,,,,,,Iteration 4: SSE = 9059.097
Iteration 5: SSE = 10402.86,,,,,,Iteration 2: SSE = 9331.285,,,,,,
Iteration 6: SSE = 9503.969,,,,,,Iteration 3: SSE = 9109.177,,,,,,Run 71
Iteration 7: SSE = 9107.091,,,,,,Iteration 4: SSE = 9064.978,,,,,,-----
Iteration 8: SSE = 9067.048,,,,,,Iteration 5: SSE = 9059.634,,,,,,Iteration 1: SSE = 9987.819
Iteration 9: SSE = 9059.023,,,,,,,,,,,,Iteration 2: SSE = 9078.473
,,,,,,Run 72,,,,,,Iteration 3: SSE = 9062.644
Run 56,,,,,,-----,,,,,,Iteration 4: SSE = 9059.097
-----,,,,,,Iteration 1: SSE = 13506.23,,,,,,
Iteration 1: SSE = 40609.11,,,,,,Iteration 2: SSE = 9331.285,,,,,,Run 72
Iteration 2: SSE = 11212.23,,,,,,Iteration 3: SSE = 9109.177,,,,,,-----
Iteration 3: SSE = 11131.98,,,,,,Iteration 4: SSE = 9064.978,,,,,,Iteration 1: SSE = 9987.819
Iteration 4: SSE = 10996.45,,,,,,Iteration 5: SSE = 9059.634,,,,,,Iteration 2: SSE = 9078.473
Iteration 5: SSE = 10402.86,,,,,,,,,,,,Iteration 3: SSE = 9062.644
Iteration 6: SSE = 9503.969,,,,,,Run 73,,,,,,Iteration 4: SSE = 9059.097
Iteration 7: SSE = 9107.091,,,,,,-----,,,,,,
Iteration 8: SSE = 9067.048,,,,,,Iteration 1: SSE = 13506.23,,,,,,Run 73
Iteration 9: SSE = 9059.023,,,,,,Iteration 2: SSE = 9331.285,,,,,,-----
,,,,,,Iteration 3: SSE = 9109.177,,,,,,Iteration 1: SSE = 9987.819
Run 57,,,,,,Iteration 4: SSE = 9064.978,,,,,,Iteration 2: SSE = 9078.473
-----,,,,,,Iteration 5: SSE = 9059.634,,,,,,Iteration 3: SSE = 9062.644
Iteration 1: SSE = 40609.11,,,,,,,,,,,,Iteration 4: SSE = 9059.097
Iteration 2: SSE = 11212.23,,,,,,Run 74,,,,,,
Iteration 3: SSE = 11131.98,,,,,,-----,,,,,,Run 74
Iteration 4: SSE = 10996.45,,,,,,Iteration 1: SSE = 13506.23,,,,,,-----
Iteration 5: SSE = 10402.86,,,,,,Iteration 2: SSE = 9331.285,,,,,,Iteration 1: SSE = 9987.819
Iteration 6: SSE = 9503.969,,,,,,Iteration 3: SSE = 9109.177,,,,,,Iteration 2: SSE = 9078.473
Iteration 7: SSE = 9107.091,,,,,,Iteration 4: SSE = 9064.978,,,,,,Iteration 3: SSE = 9062.644
Iteration 8: SSE = 9067.048,,,,,,Iteration 5: SSE = 9059.634,,,,,,Iteration 4: SSE = 9059.097
Iteration 9: SSE = 9059.023,,,,,,,,,,,,
,,,,,,Run 75,,,,,,Run 75
Run 58,,,,,,-----,,,,,,-----
-----,,,,,,Iteration 1: SSE = 13506.23,,,,,,Iteration 1: SSE = 9987.819
Iteration 1: SSE = 40609.11,,,,,,Iteration 2: SSE = 9331.285,,,,,,Iteration 2: SSE = 9078.473
Iteration 2: SSE = 11212.23,,,,,,Iteration 3: SSE = 9109.177,,,,,,Iteration 3: SSE = 9062.644
Iteration 3: SSE = 11131.98,,,,,,Iteration 4: SSE = 9064.978,,,,,,Iteration 4: SSE = 9059.097
Iteration 4: SSE = 10996.45,,,,,,Iteration 5: SSE = 9059.634,,,,,,
Iteration 5: SSE = 10402.86,,,,,,,,,,,,Run 76
Iteration 6: SSE = 9503.969,,,,,,Run 76,,,,,,-----
Iteration 7: SSE = 9107.091,,,,,,-----,,,,,,Iteration 1: SSE = 9987.819
Iteration 8: SSE = 9067.048,,,,,,Iteration 1: SSE = 13506.23,,,,,,Iteration 2: SSE = 9078.473
Iteration 9: SSE = 9059.023,,,,,,Iteration 2: SSE = 9331.285,,,,,,Iteration 3: SSE = 9062.644
,,,,,,Iteration 3: SSE = 9109.177,,,,,,Iteration 4: SSE = 9059.097
Run 59,,,,,,Iteration 4: SSE = 9064.978,,,,,,
-----,,,,,,Iteration 5: SSE = 9059.634,,,,,,Run 77
Iteration 1: SSE = 40609.11,,,,,,,,,,,,-----
Iteration 2: SSE = 11212.23,,,,,,Run 77,,,,,,Iteration 1: SSE = 14240.34
Iteration 3: SSE = 11131.98,,,,,,-----,,,,,,Iteration 2: SSE = 10082.74
Iteration 4: SSE = 10996.45,,,,,,Iteration 1: SSE = 13506.23,,,,,,Iteration 3: SSE = 9828.707
Iteration 5: SSE = 10402.86,,,,,,Iteration 2: SSE = 9331.285,,,,,,Iteration 4: SSE = 9617.577
Iteration 6: SSE = 9503.969,,,,,,Iteration 3: SSE = 9109.177,,,,,,Iteration 5: SSE = 9259.122
Iteration 7: SSE = 9107.091,,,,,,Iteration 4: SSE = 9064.978,,,,,,Iteration 6: SSE = 9105.42
Iteration 8: SSE = 9067.048,,,,,,Iteration 5: SSE = 9059.634,,,,,,Iteration 7: SSE = 9072.04
Iteration 9: SSE = 9059.023,,,,,,,,,,,,Iteration 8: SSE = 9063.718
,,,,,,Run 78,,,,,,
Run 60,,,,,,-----,,,,,,Run 78
-----,,,,,,Iteration 1: SSE = 13506.23,,,,,,-----
Iteration 1: SSE = 40609.11,,,,,,Iteration 2: SSE = 9331.285,,,,,,Iteration 1: SSE = 14240.34
Iteration 2: SSE = 11212.23,,,,,,Iteration 3: SSE = 9109.177,,,,,,Iteration 2: SSE = 10082.74
Iteration 3: SSE = 11131.98,,,,,,Iteration 4: SSE = 9064.978,,,,,,Iteration 3: SSE = 9828.707
Iteration 4: SSE = 10996.45,,,,,,Iteration 5: SSE = 9059.634,,,,,,Iteration 4: SSE = 9617.577
Iteration 5: SSE = 10402.86,,,,,,,,,,,,Iteration 5: SSE = 9259.122
Iteration 6: SSE = 9503.969,,,,,,Run 79,,,,,,Iteration 6: SSE = 9105.42
Iteration 7: SSE = 9107.091,,,,,,-----,,,,,,Iteration 7: SSE = 9072.04
Iteration 8: SSE = 9067.048,,,,,,Iteration 1: SSE = 13506.23,,,,,,Iteration 8: SSE = 9063.718
Iteration 9: SSE = 9059.023,,,,,,Iteration 2: SSE = 9331.285,,,,,,
,,,,,,Iteration 3: SSE = 9109.177,,,,,,Run 79
Run 61,,,,,,Iteration 4: SSE = 9064.978,,,,,,-----
-----,,,,,,Iteration 5: SSE = 9059.634,,,,,,Iteration 1: SSE = 14240.34
Iteration 1: SSE = 44237.28,,,,,,,,,,,,Iteration 2: SSE = 10082.74
Iteration 2: SSE = 10742.6,,,,,,Run 80,,,,,,Iteration 3: SSE = 9828.707
Iteration 3: SSE = 9266.286,,,,,,-----,,,,,,Iteration 4: SSE = 9617.577
Iteration 4: SSE = 9078.28,,,,,,Iteration 1: SSE = 13506.23,,,,,,Iteration 5: SSE = 9259.122
Iteration 5: SSE = 9059.929,,,,,,Iteration 2: SSE = 9331.285,,,,,,Iteration 6: SSE = 9105.42
Iteration 6: SSE = 9059.097,,,,,,Iteration 3: SSE = 9109.177,,,,,,Iteration 7: SSE = 9072.04
,,,,,,Iteration 4: SSE = 9064.978,,,,,,Iteration 8: SSE = 9063.718
Run 62,,,,,,Iteration 5: SSE = 9059.634,,,,,,
-----,,,,,,,,,,,,Run 80
Iteration 1: SSE = 44237.28,,,,,,Run 81,,,,,,-----
Iteration 2: SSE = 10742.6,,,,,,-----,,,,,,Iteration 1: SSE = 14240.34
Iteration 3: SSE = 9266.286,,,,,,Iteration 1: SSE = 13506.23,,,,,,Iteration 2: SSE = 10082.74
Iteration 4: SSE = 9078.28,,,,,,Iteration 2: SSE = 9331.285,,,,,,Iteration 3: SSE = 9828.707
Iteration 5: SSE = 9059.929,,,,,,Iteration 3: SSE = 9109.177,,,,,,Iteration 4: SSE = 9617.577
Iteration 6: SSE = 9059.097,,,,,,Iteration 4: SSE = 9064.978,,,,,,Iteration 5: SSE = 9259.122
,,,,,,Iteration 5: SSE = 9059.634,,,,,,Iteration 6: SSE = 9105.42
Run 63,,,,,,,,,,,,Iteration 7: SSE = 9072.04
-----,,,,,,Run 82,,,,,,Iteration 8: SSE = 9063.718
Iteration 1: SSE = 44237.28,,,,,,-----,,,,,,
Iteration 2: SSE = 10742.6,,,,,,Iteration 1: SSE = 13506.23,,,,,,Run 81
Iteration 3: SSE = 9266.286,,,,,,Iteration 2: SSE = 9331.285,,,,,,-----
Iteration 4: SSE = 9078.28,,,,,,Iteration 3: SSE = 9109.177,,,,,,Iteration 1: SSE = 14240.34
Iteration 5: SSE = 9059.929,,,,,,Iteration 4: SSE = 9064.978,,,,,,Iteration 2: SSE = 10082.74
Iteration 6: SSE = 9059.097,,,,,,Iteration 5: SSE = 9059.634,,,,,,Iteration 3: SSE = 9828.707
,,,,,,,,,,,,Iteration 4: SSE = 9617.577
Run 64,,,,,,Run 83,,,,,,Iteration 5: SSE = 9259.122
-----,,,,,,-----,,,,,,Iteration 6: SSE = 9105.42
Iteration 1: SSE = 44237.28,,,,,,Iteration 1: SSE = 13506.23,,,,,,Iteration 7: SSE = 9072.04
Iteration 2: SSE = 10742.6,,,,,,Iteration 2: SSE = 9331.285,,,,,,Iteration 8: SSE = 9063.718
Iteration 3: SSE = 9266.286,,,,,,Iteration 3: SSE = 9109.177,,,,,,
Iteration 4: SSE = 9078.28,,,,,,Iteration 4: SSE = 9064.978,,,,,,Run 82
Iteration 5: SSE = 9059.929,,,,,,Iteration 5: SSE = 9059.634,,,,,,-----
Iteration 6: SSE = 9059.097,,,,,,,,,,,,Iteration 1: SSE = 14240.34
,,,,,,Run 84,,,,,,Iteration 2: SSE = 10082.74
Run 65,,,,,,-----,,,,,,Iteration 3: SSE = 9828.707
-----,,,,,,Iteration 1: SSE = 13506.23,,,,,,Iteration 4: SSE = 9617.577
Iteration 1: SSE = 44237.28,,,,,,Iteration 2: SSE = 9331.285,,,,,,Iteration 5: SSE = 9259.122
Iteration 2: SSE = 10742.6,,,,,,Iteration 3: SSE = 9109.177,,,,,,Iteration 6: SSE = 9105.42
Iteration 3: SSE = 9266.286,,,,,,Iteration 4: SSE = 9064.978,,,,,,Iteration 7: SSE = 9072.04
Iteration 4: SSE = 9078.28,,,,,,Iteration 5: SSE = 9059.634,,,,,,Iteration 8: SSE = 9063.718
Iteration 5: SSE = 9059.929,,,,,,,,,,,,
Iteration 6: SSE = 9059.097,,,,,,Run 85,,,,,,Run 83
,,,,,,-----,,,,,,-----
Run 66,,,,,,Iteration 1: SSE = 13506.23,,,,,,Iteration 1: SSE = 14240.34
-----,,,,,,Iteration 2: SSE = 9331.285,,,,,,Iteration 2: SSE = 10082.74
Iteration 1: SSE = 44237.28,,,,,,Iteration 3: SSE = 9109.177,,,,,,Iteration 3: SSE = 9828.707
Iteration 2: SSE = 10742.6,,,,,,Iteration 4: SSE = 9064.978,,,,,,Iteration 4: SSE = 9617.577
Iteration 3: SSE = 9266.286,,,,,,Iteration 5: SSE = 9059.634,,,,,,Iteration 5: SSE = 9259.122
Iteration 4: SSE = 9078.28,,,,,,,,,,,,Iteration 6: SSE = 9105.42
Iteration 5: SSE = 9059.929,,,,,,Run 86,,,,,,Iteration 7: SSE = 9072.04
Iteration 6: SSE = 9059.097,,,,,,-----,,,,,,Iteration 8: SSE = 9063.718
,,,,,,Iteration 1: SSE = 13506.23,,,,,,
Run 67,,,,,,Iteration 2: SSE = 9331.285,,,,,,Run 84
-----,,,,,,Iteration 3: SSE = 9109.177,,,,,,-----
Iteration 1: SSE = 44237.28,,,,,,Iteration 4: SSE = 9064.978,,,,,,Iteration 1: SSE = 14240.34
Iteration 2: SSE = 10742.6,,,,,,Iteration 5: SSE = 9059.634,,,,,,Iteration 2: SSE = 10082.74
Iteration 3: SSE = 9266.286,,,,,,,,,,,,Iteration 3: SSE = 9828.707
Iteration 4: SSE = 9078.28,,,,,,Run 87,,,,,,Iteration 4: SSE = 9617.577
Iteration 5: SSE = 9059.929,,,,,,-----,,,,,,Iteration 5: SSE = 9259.122
Iteration 6: SSE = 9059.097,,,,,,Iteration 1: SSE = 13506.23,,,,,,Iteration 6: SSE = 9105.42
,,,,,,Iteration 2: SSE = 9331.285,,,,,,Iteration 7: SSE = 9072.04
Run 68,,,,,,Iteration 3: SSE = 9109.177,,,,,,Iteration 8: SSE = 9063.718
-----,,,,,,Iteration 4: SSE = 9064.978,,,,,,
Iteration 1: SSE = 44237.28,,,,,,Iteration 5: SSE = 9059.634,,,,,,Run 85
Iteration 2: SSE = 10742.6,,,,,,,,,,,,-----
Iteration 3: SSE = 9266.286,,,,,,Run 88,,,,,,Iteration 1: SSE = 14240.34
Iteration 4: SSE = 9078.28,,,,,,-----,,,,,,Iteration 2: SSE = 10082.74
Iteration 5: SSE = 9059.929,,,,,,Iteration 1: SSE = 13506.23,,,,,,Iteration 3: SSE = 9828.707
Iteration 6: SSE = 9059.097,,,,,,Iteration 2: SSE = 9331.285,,,,,,Iteration 4: SSE = 9617.577
,,,,,,Iteration 3: SSE = 9109.177,,,,,,Iteration 5: SSE = 9259.122
Run 69,,,,,,Iteration 4: SSE = 9064.978,,,,,,Iteration 6: SSE = 9105.42
-----,,,,,,Iteration 5: SSE = 9059.634,,,,,,Iteration 7: SSE = 9072.04
Iteration 1: SSE = 44237.28,,,,,,,,,,,,Iteration 8: SSE = 9063.718
Iteration 2: SSE = 10742.6,,,,,,Run 89,,,,,,
Iteration 3: SSE = 9266.286,,,,,,-----,,,,,,Run 86
Iteration 4: SSE = 9078.28,,,,,,Iteration 1: SSE = 13506.23,,,,,,-----
Iteration 5: SSE = 9059.929,,,,,,Iteration 2: SSE = 9331.285,,,,,,Iteration 1: SSE = 14240.34
Iteration 6: SSE = 9059.097,,,,,,Iteration 3: SSE = 9109.177,,,,,,Iteration 2: SSE = 10082.74
,,,,,,Iteration 4: SSE = 9064.978,,,,,,Iteration 3: SSE = 9828.707
Run 70,,,,,,Iteration 5: SSE = 9059.634,,,,,,Iteration 4: SSE = 9617.577
-----,,,,,,,,,,,,Iteration 5: SSE = 9259.122
Iteration 1: SSE = 44237.28,,,,,,Run 90,,,,,,Iteration 6: SSE = 9105.42
Iteration 2: SSE = 10742.6,,,,,,-----,,,,,,Iteration 7: SSE = 9072.04
Iteration 3: SSE = 9266.286,,,,,,Iteration 1: SSE = 13506.23,,,,,,Iteration 8: SSE = 9063.718
Iteration 4: SSE = 9078.28,,,,,,Iteration 2: SSE = 9331.285,,,,,,
Iteration 5: SSE = 9059.929,,,,,,Iteration 3: SSE = 9109.177,,,,,,Run 87
Iteration 6: SSE = 9059.097,,,,,,Iteration 4: SSE = 9064.978,,,,,,-----
,,,,,,Iteration 5: SSE = 9059.634,,,,,,Iteration 1: SSE = 14240.34
Run 71,,,,,,,,,,,,Iteration 2: SSE = 10082.74
-----,,,,,,Run 91,,,,,,Iteration 3: SSE = 9828.707
Iteration 1: SSE = 44237.28,,,,,,-----,,,,,,Iteration 4: SSE = 9617.577
Iteration 2: SSE = 10742.6,,,,,,Iteration 1: SSE = 13506.23,,,,,,Iteration 5: SSE = 9259.122
Iteration 3: SSE = 9266.286,,,,,,Iteration 2: SSE = 9331.285,,,,,,Iteration 6: SSE = 9105.42
Iteration 4: SSE = 9078.28,,,,,,Iteration 3: SSE = 9109.177,,,,,,Iteration 7: SSE = 9072.04
Iteration 5: SSE = 9059.929,,,,,,Iteration 4: SSE = 9064.978,,,,,,Iteration 8: SSE = 9063.718
Iteration 6: SSE = 9059.097,,,,,,Iteration 5: SSE = 9059.634,,,,,,
,,,,,,,,,,,,Run 88
Run 72,,,,,,Run 92,,,,,,-----
-----,,,,,,-----,,,,,,Iteration 1: SSE = 14240.34
Iteration 1: SSE = 44237.28,,,,,,Iteration 1: SSE = 13506.23,,,,,,Iteration 2: SSE = 10082.74
Iteration 2: SSE = 10742.6,,,,,,Iteration 2: SSE = 9331.285,,,,,,Iteration 3: SSE = 9828.707
Iteration 3: SSE = 9266.286,,,,,,Iteration 3: SSE = 9109.177,,,,,,Iteration 4: SSE = 9617.577
Iteration 4: SSE = 9078.28,,,,,,Iteration 4: SSE = 9064.978,,,,,,Iteration 5: SSE = 9259.122
Iteration 5: SSE = 9059.929,,,,,,Iteration 5: SSE = 9059.634,,,,,,Iteration 6: SSE = 9105.42
Iteration 6: SSE = 9059.097,,,,,,,,,,,,Iteration 7: SSE = 9072.04
,,,,,,Run 93,,,,,,Iteration 8: SSE = 9063.718
Run 73,,,,,,-----,,,,,,
-----,,,,,,Iteration 1: SSE = 13506.23,,,,,,Run 89
Iteration 1: SSE = 44237.28,,,,,,Iteration 2: SSE = 9331.285,,,,,,-----
Iteration 2: SSE = 10742.6,,,,,,Iteration 3: SSE = 9109.177,,,,,,Iteration 1: SSE = 14240.34
Iteration 3: SSE = 9266.286,,,,,,Iteration 4: SSE = 9064.978,,,,,,Iteration 2: SSE = 10082.74
Iteration 4: SSE = 9078.28,,,,,,Iteration 5: SSE = 9059.634,,,,,,Iteration 3: SSE = 9828.707
Iteration 5: SSE = 9059.929,,,,,,,,,,,,Iteration 4: SSE = 9617.577
Iteration 6: SSE = 9059.097,,,,,,Run 94,,,,,,Iteration 5: SSE = 9259.122
,,,,,,-----,,,,,,Iteration 6: SSE = 9105.42
Run 74,,,,,,Iteration 1: SSE = 13506.23,,,,,,Iteration 7: SSE = 9072.04
-----,,,,,,Iteration 2: SSE = 9331.285,,,,,,Iteration 8: SSE = 9063.718
Iteration 1: SSE = 44237.28,,,,,,Iteration 3: SSE = 9109.177,,,,,,
Iteration 2: SSE = 10742.6,,,,,,Iteration 4: SSE = 9064.978,,,,,,Run 90
Iteration 3: SSE = 9266.286,,,,,,Iteration 5: SSE = 9059.634,,,,,,-----
Iteration 4: SSE = 9078.28,,,,,,,,,,,,Iteration 1: SSE = 14240.34
Iteration 5: SSE = 9059.929,,,,,,Run 95,,,,,,Iteration 2: SSE = 10082.74
Iteration 6: SSE = 9059.097,,,,,,-----,,,,,,Iteration 3: SSE = 9828.707
,,,,,,Iteration 1: SSE = 10490.39,,,,,,Iteration 4: SSE = 9617.577
Run 75,,,,,,Iteration 2: SSE = 9825.882,,,,,,Iteration 5: SSE = 9259.122
-----,,,,,,Iteration 3: SSE = 9645.222,,,,,,Iteration 6: SSE = 9105.42
Iteration 1: SSE = 44237.28,,,,,,Iteration 4: SSE = 9339.785,,,,,,Iteration 7: SSE = 9072.04
Iteration 2: SSE = 10742.6,,,,,,Iteration 5: SSE = 9128.056,,,,,,Iteration 8: SSE = 9063.718
Iteration 3: SSE = 9266.286,,,,,,Iteration 6: SSE = 9077.517,,,,,,
Iteration 4: SSE = 9078.28,,,,,,Iteration 7: SSE = 9065.287,,,,,,Run 91
Iteration 5: SSE = 9059.929,,,,,,Iteration 8: SSE = 9059.023,,,,,,-----
Iteration 6: SSE = 9059.097,,,,,,,,,,,,Iteration 1: SSE = 14240.34
,,,,,,Run 96,,,,,,Iteration 2: SSE = 10082.74
Run 76,,,,,,-----,,,,,,Iteration 3: SSE = 9828.707
-----,,,,,,Iteration 1: SSE = 10490.39,,,,,,Iteration 4: SSE = 9617.577
Iteration 1: SSE = 44237.28,,,,,,Iteration 2: SSE = 9825.882,,,,,,Iteration 5: SSE = 9259.122
Iteration 2: SSE = 10742.6,,,,,,Iteration 3: SSE = 9645.222,,,,,,Iteration 6: SSE = 9105.42
Iteration 3: SSE = 9266.286,,,,,,Iteration 4: SSE = 9339.785,,,,,,Iteration 7: SSE = 9072.04
Iteration 4: SSE = 9078.28,,,,,,Iteration 5: SSE = 9128.056,,,,,,Iteration 8: SSE = 9063.718
Iteration 5: SSE = 9059.929,,,,,,Iteration 6: SSE = 9077.517,,,,,,
Iteration 6: SSE = 9059.097,,,,,,Iteration 7: SSE = 9065.287,,,,,,Run 92
,,,,,,Iteration 8: SSE = 9059.023,,,,,,-----
Run 77,,,,,,,,,,,,Iteration 1: SSE = 14240.34
-----,,,,,,Run 97,,,,,,Iteration 2: SSE = 10082.74
Iteration 1: SSE = 44237.28,,,,,,-----,,,,,,Iteration 3: SSE = 9828.707
Iteration 2: SSE = 10742.6,,,,,,Iteration 1: SSE = 10490.39,,,,,,Iteration 4: SSE = 9617.577
Iteration 3: SSE = 9266.286,,,,,,Iteration 2: SSE = 9825.882,,,,,,Iteration 5: SSE = 9259.122
Iteration 4: SSE = 9078.28,,,,,,Iteration 3: SSE = 9645.222,,,,,,Iteration 6: SSE = 9105.42
Iteration 5: SSE = 9059.929,,,,,,Iteration 4: SSE = 9339.785,,,,,,Iteration 7: SSE = 9072.04
Iteration 6: SSE = 9059.097,,,,,,Iteration 5: SSE = 9128.056,,,,,,Iteration 8: SSE = 9063.718
,,,,,,Iteration 6: SSE = 9077.517,,,,,,
Run 78,,,,,,Iteration 7: SSE = 9065.287,,,,,,Run 93
-----,,,,,,Iteration 8: SSE = 9059.023,,,,,,-----
Iteration 1: SSE = 44237.28,,,,,,,,,,,,Iteration 1: SSE = 14240.34
Iteration 2: SSE = 10742.6,,,,,,Run 98,,,,,,Iteration 2: SSE = 10082.74
Iteration 3: SSE = 9266.286,,,,,,-----,,,,,,Iteration 3: SSE = 9828.707
Iteration 4: SSE = 9078.28,,,,,,Iteration 1: SSE = 10490.39,,,,,,Iteration 4: SSE = 9617.577
Iteration 5: SSE = 9059.929,,,,,,Iteration 2: SSE = 9825.882,,,,,,Iteration 5: SSE = 9259.122
Iteration 6: SSE = 9059.097,,,,,,Iteration 3: SSE = 9645.222,,,,,,Iteration 6: SSE = 9105.42
,,,,,,Iteration 4: SSE = 9339.785,,,,,,Iteration 7: SSE = 9072.04
Run 79,,,,,,Iteration 5: SSE = 9128.056,,,,,,Iteration 8: SSE = 9063.718
-----,,,,,,Iteration 6: SSE = 9077.517,,,,,,
Iteration 1: SSE = 44237.28,,,,,,Iteration 7: SSE = 9065.287,,,,,,Run 94
Iteration 2: SSE = 10742.6,,,,,,Iteration 8: SSE = 9059.023,,,,,,-----
Iteration 3: SSE = 9266.286,,,,,,,,,,,,Iteration 1: SSE = 14240.34
Iteration 4: SSE = 9078.28,,,,,,Run 99,,,,,,Iteration 2: SSE = 10082.74
Iteration 5: SSE = 9059.929,,,,,,-----,,,,,,Iteration 3: SSE = 9828.707
Iteration 6: SSE = 9059.097,,,,,,Iteration 1: SSE = 10490.39,,,,,,Iteration 4: SSE = 9617.577
,,,,,,Iteration 2: SSE = 9825.882,,,,,,Iteration 5: SSE = 9259.122
Run 80,,,,,,Iteration 3: SSE = 9645.222,,,,,,Iteration 6: SSE = 9105.42
-----,,,,,,Iteration 4: SSE = 9339.785,,,,,,Iteration 7: SSE = 9072.04
Iteration 1: SSE = 44237.28,,,,,,Iteration 5: SSE = 9128.056,,,,,,Iteration 8: SSE = 9063.718
Iteration 2: SSE = 10742.6,,,,,,Iteration 6: SSE = 9077.517,,,,,,
Iteration 3: SSE = 9266.286,,,,,,Iteration 7: SSE = 9065.287,,,,,,Run 95
Iteration 4: SSE = 9078.28,,,,,,Iteration 8: SSE = 9059.023,,,,,,-----
Iteration 5: SSE = 9059.929,,,,,,,,,,,,Iteration 1: SSE = 14240.34
Iteration 6: SSE = 9059.097,,,,,,Run 100,,,,,,Iteration 2: SSE = 10082.74
,,,,,,-----,,,,,,Iteration 3: SSE = 9828.707
Run 81,,,,,,Iteration 1: SSE = 10490.39,,,,,,Iteration 4: SSE = 9617.577
-----,,,,,,Iteration 2: SSE = 9825.882,,,,,,Iteration 5: SSE = 9259.122
Iteration 1: SSE = 44237.28,,,,,,Iteration 3: SSE = 9645.222,,,,,,Iteration 6: SSE = 9105.42
Iteration 2: SSE = 10742.6,,,,,,Iteration 4: SSE = 9339.785,,,,,,Iteration 7: SSE = 9072.04
Iteration 3: SSE = 9266.286,,,,,,Iteration 5: SSE = 9128.056,,,,,,Iteration 8: SSE = 9063.718
Iteration 4: SSE = 9078.28,,,,,,Iteration 6: SSE = 9077.517,,,,,,
Iteration 5: SSE = 9059.929,,,,,,Iteration 7: SSE = 9065.287,,,,,,Run 96
Iteration 6: SSE = 9059.097,,,,,,Iteration 8: SSE = 9059.023,,,,,,-----
,,,,,,,,,,,,Iteration 1: SSE = 14240.34
Run 82,,,,,,Best Run: 1 SSE: 9058.661,,,,,,Iteration 2: SSE = 10082.74
-----,,,,,,,,,,,,Iteration 3: SSE = 9828.707
Iteration 1: SSE = 44237.28,,,,,,,,,,,,Iteration 4: SSE = 9617.577
Iteration 2: SSE = 10742.6,,,,,,,,,,,,Iteration 5: SSE = 9259.122
Iteration 3: SSE = 9266.286,,,,,,,,,,,,Iteration 6: SSE = 9105.42
Iteration 4: SSE = 9078.28,,,,,,,,,,,,Iteration 7: SSE = 9072.04
Iteration 5: SSE = 9059.929,,,,,,,,,,,,Iteration 8: SSE = 9063.718
Iteration 6: SSE = 9059.097,,,,,,,,,,,,
,,,,,,,,,,,,Run 97
Run 83,,,,,,,,,,,,-----
-----,,,,,,,,,,,,Iteration 1: SSE = 14200.34
Iteration 1: SSE = 44237.28,,,,,,,,,,,,Iteration 2: SSE = 10137.59
Iteration 2: SSE = 10742.6,,,,,,,,,,,,Iteration 3: SSE = 9421.491
Iteration 3: SSE = 9266.286,,,,,,,,,,,,Iteration 4: SSE = 9094.867
Iteration 4: SSE = 9078.28,,,,,,,,,,,,Iteration 5: SSE = 9059.985
Iteration 5: SSE = 9059.929,,,,,,,,,,,,Iteration 6: SSE = 9059.097
Iteration 6: SSE = 9059.097,,,,,,,,,,,,
,,,,,,,,,,,,Run 98
Run 84,,,,,,,,,,,,-----
-----,,,,,,,,,,,,Iteration 1: SSE = 14200.34
Iteration 1: SSE = 44237.28,,,,,,,,,,,,Iteration 2: SSE = 10137.59
Iteration 2: SSE = 10742.6,,,,,,,,,,,,Iteration 3: SSE = 9421.491
Iteration 3: SSE = 9266.286,,,,,,,,,,,,Iteration 4: SSE = 9094.867
Iteration 4: SSE = 9078.28,,,,,,,,,,,,Iteration 5: SSE = 9059.985
Iteration 5: SSE = 9059.929,,,,,,,,,,,,Iteration 6: SSE = 9059.097
Iteration 6: SSE = 9059.097,,,,,,,,,,,,
,,,,,,,,,,,,Run 99
Run 85,,,,,,,,,,,,-----
-----,,,,,,,,,,,,Iteration 1: SSE = 14200.34
Iteration 1: SSE = 12008.5,,,,,,,,,,,,Iteration 2: SSE = 10137.59
Iteration 2: SSE = 9099.587,,,,,,,,,,,,Iteration 3: SSE = 9421.491
Iteration 3: SSE = 9058.941,,,,,,,,,,,,Iteration 4: SSE = 9094.867
Iteration 4: SSE = 9058.679,,,,,,,,,,,,Iteration 5: SSE = 9059.985
,,,,,,,,,,,,Iteration 6: SSE = 9059.097
Run 86,,,,,,,,,,,,
-----,,,,,,,,,,,,Run 100
Iteration 1: SSE = 12008.5,,,,,,,,,,,,-----
Iteration 2: SSE = 9099.587,,,,,,,,,,,,Iteration 1: SSE = 14200.34
Iteration 3: SSE = 9058.941,,,,,,,,,,,,Iteration 2: SSE = 10137.59
Iteration 4: SSE = 9058.679,,,,,,,,,,,,Iteration 3: SSE = 9421.491
,,,,,,,,,,,,Iteration 4: SSE = 9094.867
Run 87,,,,,,,,,,,,Iteration 5: SSE = 9059.985
-----,,,,,,,,,,,,Iteration 6: SSE = 9059.097
Iteration 1: SSE = 12008.5,,,,,,,,,,,,
Iteration 2: SSE = 9099.587,,,,,,,,,,,,Best Run: 42 SSE: 9059.097
Iteration 3: SSE = 9058.941,,,,,,,,,,,,
Iteration 4: SSE = 9058.679,,,,,,,,,,,,
,,,,,,,,,,,,
Run 88,,,,,,,,,,,,
-----,,,,,,,,,,,,
Iteration 1: SSE = 12008.5,,,,,,,,,,,,
Iteration 2: SSE = 9099.587,,,,,,,,,,,,
Iteration 3: SSE = 9058.941,,,,,,,,,,,,
Iteration 4: SSE = 9058.679,,,,,,,,,,,,
,,,,,,,,,,,,
Run 89,,,,,,,,,,,,
-----,,,,,,,,,,,,
Iteration 1: SSE = 12008.5,,,,,,,,,,,,
Iteration 2: SSE = 9099.587,,,,,,,,,,,,
Iteration 3: SSE = 9058.941,,,,,,,,,,,,
Iteration 4: SSE = 9058.679,,,,,,,,,,,,
,,,,,,,,,,,,
Run 90,,,,,,,,,,,,
-----,,,,,,,,,,,,
Iteration 1: SSE = 12008.5,,,,,,,,,,,,
Iteration 2: SSE = 9099.587,,,,,,,,,,,,
Iteration 3: SSE = 9058.941,,,,,,,,,,,,
Iteration 4: SSE = 9058.679,,,,,,,,,,,,
,,,,,,,,,,,,
Run 91,,,,,,,,,,,,
-----,,,,,,,,,,,,
Iteration 1: SSE = 12008.5,,,,,,,,,,,,
Iteration 2: SSE = 9099.587,,,,,,,,,,,,
Iteration 3: SSE = 9058.941,,,,,,,,,,,,
Iteration 4: SSE = 9058.679,,,,,,,,,,,,
,,,,,,,,,,,,
Run 92,,,,,,,,,,,,
-----,,,,,,,,,,,,
Iteration 1: SSE = 12008.5,,,,,,,,,,,,
Iteration 2: SSE = 9099.587,,,,,,,,,,,,
Iteration 3: SSE = 9058.941,,,,,,,,,,,,
Iteration 4: SSE = 9058.679,,,,,,,,,,,,
,,,,,,,,,,,,
Run 93,,,,,,,,,,,,
-----,,,,,,,,,,,,
Iteration 1: SSE = 12008.5,,,,,,,,,,,,
Iteration 2: SSE = 9099.587,,,,,,,,,,,,
Iteration 3: SSE = 9058.941,,,,,,,,,,,,
Iteration 4: SSE = 9058.679,,,,,,,,,,,,
,,,,,,,,,,,,
Run 94,,,,,,,,,,,,
-----,,,,,,,,,,,,
Iteration 1: SSE = 12008.5,,,,,,,,,,,,
Iteration 2: SSE = 9099.587,,,,,,,,,,,,
Iteration 3: SSE = 9058.941,,,,,,,,,,,,
Iteration 4: SSE = 9058.679,,,,,,,,,,,,
,,,,,,,,,,,,
Run 95,,,,,,,,,,,,
-----,,,,,,,,,,,,
Iteration 1: SSE = 12008.5,,,,,,,,,,,,
Iteration 2: SSE = 9099.587,,,,,,,,,,,,
Iteration 3: SSE = 9058.941,,,,,,,,,,,,
Iteration 4: SSE = 9058.679,,,,,,,,,,,,
,,,,,,,,,,,,
Run 96,,,,,,,,,,,,
-----,,,,,,,,,,,,
Iteration 1: SSE = 12008.5,,,,,,,,,,,,
Iteration 2: SSE = 9099.587,,,,,,,,,,,,
Iteration 3: SSE = 9058.941,,,,,,,,,,,,
Iteration 4: SSE = 9058.679,,,,,,,,,,,,
,,,,,,,,,,,,
Run 97,,,,,,,,,,,,
-----,,,,,,,,,,,,
Iteration 1: SSE = 12008.5,,,,,,,,,,,,
Iteration 2: SSE = 9099.587,,,,,,,,,,,,
Iteration 3: SSE = 9058.941,,,,,,,,,,,,
Iteration 4: SSE = 9058.679,,,,,,,,,,,,
,,,,,,,,,,,,
Run 98,,,,,,,,,,,,
-----,,,,,,,,,,,,
Iteration 1: SSE = 12008.5,,,,,,,,,,,,
Iteration 2: SSE = 9099.587,,,,,,,,,,,,
Iteration 3: SSE = 9058.941,,,,,,,,,,,,
Iteration 4: SSE = 9058.679,,,,,,,,,,,,
,,,,,,,,,,,,
Run 99,,,,,,,,,,,,
-----,,,,,,,,,,,,
Iteration 1: SSE = 12008.5,,,,,,,,,,,,
Iteration 2: SSE = 9099.587,,,,,,,,,,,,
Iteration 3: SSE = 9058.941,,,,,,,,,,,,
Iteration 4: SSE = 9058.679,,,,,,,,,,,,
,,,,,,,,,,,,
Run 100,,,,,,,,,,,,
-----,,,,,,,,,,,,
Iteration 1: SSE = 12008.5,,,,,,,,,,,,
Iteration 2: SSE = 9099.587,,,,,,,,,,,,
Iteration 3: SSE = 9058.941,,,,,,,,,,,,
Iteration 4: SSE = 9058.679,,,,,,,,,,,,
,,,,,,,,,,,,
Best Run: 85 SSE: 9058.679,,,,,,,,,,,,
