Performance1,,,,,,Performance2,,,,,,Performance3
Run 1,,,,,,Run 1,,,,,,Run 1
-----,,,,,,-----,,,,,,-----
Iteration 1: SSE = 14338.4,,,,,,Iteration 1: SSE = 14416.31,,,,,,Iteration 1: SSE = 14026.96
Iteration 2: SSE = 7830.143,,,,,,Iteration 2: SSE = 7239.445,,,,,,Iteration 2: SSE = 7334.834
Iteration 3: SSE = 7224.378,,,,,,Iteration 3: SSE = 6902.815,,,,,,Iteration 3: SSE = 6907.908
Iteration 4: SSE = 6977.619,,,,,,Iteration 4: SSE = 6730.669,,,,,,Iteration 4: SSE = 6726.941
Iteration 5: SSE = 6791.97,,,,,,Iteration 5: SSE = 6675.259,,,,,,Iteration 5: SSE = 6664.823
Iteration 6: SSE = 6711.32,,,,,,Iteration 6: SSE = 6646.104,,,,,,Iteration 6: SSE = 6653.246
Iteration 7: SSE = 6688.046,,,,,,Iteration 7: SSE = 6631.872,,,,,,Iteration 7: SSE = 6648.79
Iteration 8: SSE = 6680.176,,,,,,Iteration 8: SSE = 6628.58,,,,,,
Iteration 9: SSE = 6675.151,,,,,,,,,,,,Run 2
,,,,,,Run 2,,,,,,-----
Run 2,,,,,,-----,,,,,,Iteration 1: SSE = 14026.96
-----,,,,,,Iteration 1: SSE = 14416.31,,,,,,Iteration 2: SSE = 7334.834
Iteration 1: SSE = 14338.4,,,,,,Iteration 2: SSE = 7239.445,,,,,,Iteration 3: SSE = 6907.908
Iteration 2: SSE = 7830.143,,,,,,Iteration 3: SSE = 6902.815,,,,,,Iteration 4: SSE = 6726.941
Iteration 3: SSE = 7224.378,,,,,,Iteration 4: SSE = 6730.669,,,,,,Iteration 5: SSE = 6664.823
Iteration 4: SSE = 6977.619,,,,,,Iteration 5: SSE = 6675.259,,,,,,Iteration 6: SSE = 6653.246
Iteration 5: SSE = 6791.97,,,,,,Iteration 6: SSE = 6646.104,,,,,,Iteration 7: SSE = 6648.79
Iteration 6: SSE = 6711.32,,,,,,Iteration 7: SSE = 6631.872,,,,,,
Iteration 7: SSE = 6688.046,,,,,,Iteration 8: SSE = 6628.58,,,,,,Run 3
Iteration 8: SSE = 6680.176,,,,,,,,,,,,-----
Iteration 9: SSE = 6675.151,,,,,,Run 3,,,,,,Iteration 1: SSE = 14159.36
,,,,,,-----,,,,,,Iteration 2: SSE = 8138.011
Run 3,,,,,,Iteration 1: SSE = 14416.31,,,,,,Iteration 3: SSE = 7120.234
-----,,,,,,Iteration 2: SSE = 7239.445,,,,,,Iteration 4: SSE = 6875.356
Iteration 1: SSE = 14338.4,,,,,,Iteration 3: SSE = 6902.815,,,,,,Iteration 5: SSE = 6840.576
Iteration 2: SSE = 7830.143,,,,,,Iteration 4: SSE = 6730.669,,,,,,Iteration 6: SSE = 6826.013
Iteration 3: SSE = 7224.378,,,,,,Iteration 5: SSE = 6675.259,,,,,,Iteration 7: SSE = 6821.299
Iteration 4: SSE = 6977.619,,,,,,Iteration 6: SSE = 6646.104,,,,,,
Iteration 5: SSE = 6791.97,,,,,,Iteration 7: SSE = 6631.872,,,,,,Run 4
Iteration 6: SSE = 6711.32,,,,,,Iteration 8: SSE = 6628.58,,,,,,-----
Iteration 7: SSE = 6688.046,,,,,,,,,,,,Iteration 1: SSE = 14159.36
Iteration 8: SSE = 6680.176,,,,,,Run 4,,,,,,Iteration 2: SSE = 8138.011
Iteration 9: SSE = 6675.151,,,,,,-----,,,,,,Iteration 3: SSE = 7120.234
,,,,,,Iteration 1: SSE = 14416.31,,,,,,Iteration 4: SSE = 6875.356
Run 4,,,,,,Iteration 2: SSE = 7239.445,,,,,,Iteration 5: SSE = 6840.576
-----,,,,,,Iteration 3: SSE = 6902.815,,,,,,Iteration 6: SSE = 6826.013
Iteration 1: SSE = 14338.4,,,,,,Iteration 4: SSE = 6730.669,,,,,,Iteration 7: SSE = 6821.299
Iteration 2: SSE = 7830.143,,,,,,Iteration 5: SSE = 6675.259,,,,,,
Iteration 3: SSE = 7224.378,,,,,,Iteration 6: SSE = 6646.104,,,,,,Run 5
Iteration 4: SSE = 6977.619,,,,,,Iteration 7: SSE = 6631.872,,,,,,-----
Iteration 5: SSE = 6791.97,,,,,,Iteration 8: SSE = 6628.58,,,,,,Iteration 1: SSE = 14159.36
Iteration 6: SSE = 6711.32,,,,,,,,,,,,Iteration 2: SSE = 8138.011
Iteration 7: SSE = 6688.046,,,,,,Run 5,,,,,,Iteration 3: SSE = 7120.234
Iteration 8: SSE = 6680.176,,,,,,-----,,,,,,Iteration 4: SSE = 6875.356
Iteration 9: SSE = 6675.151,,,,,,Iteration 1: SSE = 14331.95,,,,,,Iteration 5: SSE = 6840.576
,,,,,,Iteration 2: SSE = 7318.705,,,,,,Iteration 6: SSE = 6826.013
Run 5,,,,,,Iteration 3: SSE = 6932.645,,,,,,Iteration 7: SSE = 6821.299
-----,,,,,,Iteration 4: SSE = 6832.629,,,,,,
Iteration 1: SSE = 13774.72,,,,,,Iteration 5: SSE = 6787.6,,,,,,Run 6
Iteration 2: SSE = 7268.978,,,,,,Iteration 6: SSE = 6761.249,,,,,,-----
Iteration 3: SSE = 6762.2,,,,,,Iteration 7: SSE = 6737.487,,,,,,Iteration 1: SSE = 14159.36
Iteration 4: SSE = 6715.525,,,,,,Iteration 8: SSE = 6709.98,,,,,,Iteration 2: SSE = 8138.011
Iteration 5: SSE = 6693.598,,,,,,Iteration 9: SSE = 6679.582,,,,,,Iteration 3: SSE = 7120.234
Iteration 6: SSE = 6684.065,,,,,,Iteration 10: SSE = 6658.338,,,,,,Iteration 4: SSE = 6875.356
Iteration 7: SSE = 6680.2,,,,,,Iteration 11: SSE = 6645.652,,,,,,Iteration 5: SSE = 6840.576
,,,,,,Iteration 12: SSE = 6637.139,,,,,,Iteration 6: SSE = 6826.013
Run 6,,,,,,Iteration 13: SSE = 6629.57,,,,,,Iteration 7: SSE = 6821.299
-----,,,,,,Iteration 14: SSE = 6626.581,,,,,,
Iteration 1: SSE = 13774.72,,,,,,,,,,,,Run 7
Iteration 2: SSE = 7268.978,,,,,,Run 6,,,,,,-----
Iteration 3: SSE = 6762.2,,,,,,-----,,,,,,Iteration 1: SSE = 14159.36
Iteration 4: SSE = 6715.525,,,,,,Iteration 1: SSE = 14331.95,,,,,,Iteration 2: SSE = 8138.011
Iteration 5: SSE = 6693.598,,,,,,Iteration 2: SSE = 7318.705,,,,,,Iteration 3: SSE = 7120.234
Iteration 6: SSE = 6684.065,,,,,,Iteration 3: SSE = 6932.645,,,,,,Iteration 4: SSE = 6875.356
Iteration 7: SSE = 6680.2,,,,,,Iteration 4: SSE = 6832.629,,,,,,Iteration 5: SSE = 6840.576
,,,,,,Iteration 5: SSE = 6787.6,,,,,,Iteration 6: SSE = 6826.013
Run 7,,,,,,Iteration 6: SSE = 6761.249,,,,,,Iteration 7: SSE = 6821.299
-----,,,,,,Iteration 7: SSE = 6737.487,,,,,,
Iteration 1: SSE = 13774.72,,,,,,Iteration 8: SSE = 6709.98,,,,,,Run 8
Iteration 2: SSE = 7268.978,,,,,,Iteration 9: SSE = 6679.582,,,,,,-----
Iteration 3: SSE = 6762.2,,,,,,Iteration 10: SSE = 6658.338,,,,,,Iteration 1: SSE = 14159.36
Iteration 4: SSE = 6715.525,,,,,,Iteration 11: SSE = 6645.652,,,,,,Iteration 2: SSE = 8138.011
Iteration 5: SSE = 6693.598,,,,,,Iteration 12: SSE = 6637.139,,,,,,Iteration 3: SSE = 7120.234
Iteration 6: SSE = 6684.065,,,,,,Iteration 13: SSE = 6629.57,,,,,,Iteration 4: SSE = 6875.356
Iteration 7: SSE = 6680.2,,,,,,Iteration 14: SSE = 6626.581,,,,,,Iteration 5: SSE = 6840.576
,,,,,,,,,,,,Iteration 6: SSE = 6826.013
Run 8,,,,,,Run 7,,,,,,Iteration 7: SSE = 6821.299
-----,,,,,,-----,,,,,,
Iteration 1: SSE = 13774.72,,,,,,Iteration 1: SSE = 14331.95,,,,,,Run 9
Iteration 2: SSE = 7268.978,,,,,,Iteration 2: SSE = 7318.705,,,,,,-----
Iteration 3: SSE = 6762.2,,,,,,Iteration 3: SSE = 6932.645,,,,,,Iteration 1: SSE = 14159.36
Iteration 4: SSE = 6715.525,,,,,,Iteration 4: SSE = 6832.629,,,,,,Iteration 2: SSE = 8138.011
Iteration 5: SSE = 6693.598,,,,,,Iteration 5: SSE = 6787.6,,,,,,Iteration 3: SSE = 7120.234
Iteration 6: SSE = 6684.065,,,,,,Iteration 6: SSE = 6761.249,,,,,,Iteration 4: SSE = 6875.356
Iteration 7: SSE = 6680.2,,,,,,Iteration 7: SSE = 6737.487,,,,,,Iteration 5: SSE = 6840.576
,,,,,,Iteration 8: SSE = 6709.98,,,,,,Iteration 6: SSE = 6826.013
Run 9,,,,,,Iteration 9: SSE = 6679.582,,,,,,Iteration 7: SSE = 6821.299
-----,,,,,,Iteration 10: SSE = 6658.338,,,,,,
Iteration 1: SSE = 13774.72,,,,,,Iteration 11: SSE = 6645.652,,,,,,Run 10
Iteration 2: SSE = 7268.978,,,,,,Iteration 12: SSE = 6637.139,,,,,,-----
Iteration 3: SSE = 6762.2,,,,,,Iteration 13: SSE = 6629.57,,,,,,Iteration 1: SSE = 14159.36
Iteration 4: SSE = 6715.525,,,,,,Iteration 14: SSE = 6626.581,,,,,,Iteration 2: SSE = 8138.011
Iteration 5: SSE = 6693.598,,,,,,,,,,,,Iteration 3: SSE = 7120.234
Iteration 6: SSE = 6684.065,,,,,,Run 8,,,,,,Iteration 4: SSE = 6875.356
Iteration 7: SSE = 6680.2,,,,,,-----,,,,,,Iteration 5: SSE = 6840.576
,,,,,,Iteration 1: SSE = 14331.95,,,,,,Iteration 6: SSE = 6826.013
Run 10,,,,,,Iteration 2: SSE = 7318.705,,,,,,Iteration 7: SSE = 6821.299
-----,,,,,,Iteration 3: SSE = 6932.645,,,,,,
Iteration 1: SSE = 13774.72,,,,,,Iteration 4: SSE = 6832.629,,,,,,Run 11
Iteration 2: SSE = 7268.978,,,,,,Iteration 5: SSE = 6787.6,,,,,,-----
Iteration 3: SSE = 6762.2,,,,,,Iteration 6: SSE = 6761.249,,,,,,Iteration 1: SSE = 14159.36
Iteration 4: SSE = 6715.525,,,,,,Iteration 7: SSE = 6737.487,,,,,,Iteration 2: SSE = 8138.011
Iteration 5: SSE = 6693.598,,,,,,Iteration 8: SSE = 6709.98,,,,,,Iteration 3: SSE = 7120.234
Iteration 6: SSE = 6684.065,,,,,,Iteration 9: SSE = 6679.582,,,,,,Iteration 4: SSE = 6875.356
Iteration 7: SSE = 6680.2,,,,,,Iteration 10: SSE = 6658.338,,,,,,Iteration 5: SSE = 6840.576
,,,,,,Iteration 11: SSE = 6645.652,,,,,,Iteration 6: SSE = 6826.013
Run 11,,,,,,Iteration 12: SSE = 6637.139,,,,,,Iteration 7: SSE = 6821.299
-----,,,,,,Iteration 13: SSE = 6629.57,,,,,,
Iteration 1: SSE = 13774.72,,,,,,Iteration 14: SSE = 6626.581,,,,,,Run 12
Iteration 2: SSE = 7268.978,,,,,,,,,,,,-----
Iteration 3: SSE = 6762.2,,,,,,Run 9,,,,,,Iteration 1: SSE = 14159.36
Iteration 4: SSE = 6715.525,,,,,,-----,,,,,,Iteration 2: SSE = 8138.011
Iteration 5: SSE = 6693.598,,,,,,Iteration 1: SSE = 14331.95,,,,,,Iteration 3: SSE = 7120.234
Iteration 6: SSE = 6684.065,,,,,,Iteration 2: SSE = 7318.705,,,,,,Iteration 4: SSE = 6875.356
Iteration 7: SSE = 6680.2,,,,,,Iteration 3: SSE = 6932.645,,,,,,Iteration 5: SSE = 6840.576
,,,,,,Iteration 4: SSE = 6832.629,,,,,,Iteration 6: SSE = 6826.013
Run 12,,,,,,Iteration 5: SSE = 6787.6,,,,,,Iteration 7: SSE = 6821.299
-----,,,,,,Iteration 6: SSE = 6761.249,,,,,,
Iteration 1: SSE = 13774.72,,,,,,Iteration 7: SSE = 6737.487,,,,,,Run 13
Iteration 2: SSE = 7268.978,,,,,,Iteration 8: SSE = 6709.98,,,,,,-----
Iteration 3: SSE = 6762.2,,,,,,Iteration 9: SSE = 6679.582,,,,,,Iteration 1: SSE = 14427.96
Iteration 4: SSE = 6715.525,,,,,,Iteration 10: SSE = 6658.338,,,,,,Iteration 2: SSE = 7359.935
Iteration 5: SSE = 6693.598,,,,,,Iteration 11: SSE = 6645.652,,,,,,Iteration 3: SSE = 6700.959
Iteration 6: SSE = 6684.065,,,,,,Iteration 12: SSE = 6637.139,,,,,,Iteration 4: SSE = 6159.382
Iteration 7: SSE = 6680.2,,,,,,Iteration 13: SSE = 6629.57,,,,,,Iteration 5: SSE = 5947.273
,,,,,,Iteration 14: SSE = 6626.581,,,,,,Iteration 6: SSE = 5946.495
Run 13,,,,,,,,,,,,
-----,,,,,,Run 10,,,,,,Run 14
Iteration 1: SSE = 13813.94,,,,,,-----,,,,,,-----
Iteration 2: SSE = 7464.528,,,,,,Iteration 1: SSE = 14077.58,,,,,,Iteration 1: SSE = 14427.96
Iteration 3: SSE = 6942.161,,,,,,Iteration 2: SSE = 8015.218,,,,,,Iteration 2: SSE = 7359.935
Iteration 4: SSE = 6761.944,,,,,,Iteration 3: SSE = 7345.319,,,,,,Iteration 3: SSE = 6700.959
Iteration 5: SSE = 6704.787,,,,,,Iteration 4: SSE = 6979.101,,,,,,Iteration 4: SSE = 6159.382
Iteration 6: SSE = 6685.484,,,,,,Iteration 5: SSE = 6798.594,,,,,,Iteration 5: SSE = 5947.273
Iteration 7: SSE = 6676.997,,,,,,Iteration 6: SSE = 6730.157,,,,,,Iteration 6: SSE = 5946.495
Iteration 8: SSE = 6671.18,,,,,,Iteration 7: SSE = 6681.535,,,,,,
,,,,,,Iteration 8: SSE = 6667.851,,,,,,Run 15
Run 14,,,,,,Iteration 9: SSE = 6654.519,,,,,,-----
-----,,,,,,Iteration 10: SSE = 6644.403,,,,,,Iteration 1: SSE = 14427.96
Iteration 1: SSE = 13813.94,,,,,,Iteration 11: SSE = 6639.445,,,,,,Iteration 2: SSE = 7359.935
Iteration 2: SSE = 7464.528,,,,,,,,,,,,Iteration 3: SSE = 6700.959
Iteration 3: SSE = 6942.161,,,,,,Run 11,,,,,,Iteration 4: SSE = 6159.382
Iteration 4: SSE = 6761.944,,,,,,-----,,,,,,Iteration 5: SSE = 5947.273
Iteration 5: SSE = 6704.787,,,,,,Iteration 1: SSE = 14077.58,,,,,,Iteration 6: SSE = 5946.495
Iteration 6: SSE = 6685.484,,,,,,Iteration 2: SSE = 8015.218,,,,,,
Iteration 7: SSE = 6676.997,,,,,,Iteration 3: SSE = 7345.319,,,,,,Run 16
Iteration 8: SSE = 6671.18,,,,,,Iteration 4: SSE = 6979.101,,,,,,-----
,,,,,,Iteration 5: SSE = 6798.594,,,,,,Iteration 1: SSE = 14427.96
Run 15,,,,,,Iteration 6: SSE = 6730.157,,,,,,Iteration 2: SSE = 7359.935
-----,,,,,,Iteration 7: SSE = 6681.535,,,,,,Iteration 3: SSE = 6700.959
Iteration 1: SSE = 13813.94,,,,,,Iteration 8: SSE = 6667.851,,,,,,Iteration 4: SSE = 6159.382
Iteration 2: SSE = 7464.528,,,,,,Iteration 9: SSE = 6654.519,,,,,,Iteration 5: SSE = 5947.273
Iteration 3: SSE = 6942.161,,,,,,Iteration 10: SSE = 6644.403,,,,,,Iteration 6: SSE = 5946.495
Iteration 4: SSE = 6761.944,,,,,,Iteration 11: SSE = 6639.445,,,,,,
Iteration 5: SSE = 6704.787,,,,,,,,,,,,Run 17
Iteration 6: SSE = 6685.484,,,,,,Run 12,,,,,,-----
Iteration 7: SSE = 6676.997,,,,,,-----,,,,,,Iteration 1: SSE = 14427.96
Iteration 8: SSE = 6671.18,,,,,,Iteration 1: SSE = 14077.58,,,,,,Iteration 2: SSE = 7359.935
,,,,,,Iteration 2: SSE = 8015.218,,,,,,Iteration 3: SSE = 6700.959
Run 16,,,,,,Iteration 3: SSE = 7345.319,,,,,,Iteration 4: SSE = 6159.382
-----,,,,,,Iteration 4: SSE = 6979.101,,,,,,Iteration 5: SSE = 5947.273
Iteration 1: SSE = 13813.94,,,,,,Iteration 5: SSE = 6798.594,,,,,,Iteration 6: SSE = 5946.495
Iteration 2: SSE = 7464.528,,,,,,Iteration 6: SSE = 6730.157,,,,,,
Iteration 3: SSE = 6942.161,,,,,,Iteration 7: SSE = 6681.535,,,,,,Run 18
Iteration 4: SSE = 6761.944,,,,,,Iteration 8: SSE = 6667.851,,,,,,-----
Iteration 5: SSE = 6704.787,,,,,,Iteration 9: SSE = 6654.519,,,,,,Iteration 1: SSE = 14427.96
Iteration 6: SSE = 6685.484,,,,,,Iteration 10: SSE = 6644.403,,,,,,Iteration 2: SSE = 7359.935
Iteration 7: SSE = 6676.997,,,,,,Iteration 11: SSE = 6639.445,,,,,,Iteration 3: SSE = 6700.959
Iteration 8: SSE = 6671.18,,,,,,,,,,,,Iteration 4: SSE = 6159.382
,,,,,,Run 13,,,,,,Iteration 5: SSE = 5947.273
Run 17,,,,,,-----,,,,,,Iteration 6: SSE = 5946.495
-----,,,,,,Iteration 1: SSE = 14077.58,,,,,,
Iteration 1: SSE = 13813.94,,,,,,Iteration 2: SSE = 8015.218,,,,,,Run 19
Iteration 2: SSE = 7464.528,,,,,,Iteration 3: SSE = 7345.319,,,,,,-----
Iteration 3: SSE = 6942.161,,,,,,Iteration 4: SSE = 6979.101,,,,,,Iteration 1: SSE = 14427.96
Iteration 4: SSE = 6761.944,,,,,,Iteration 5: SSE = 6798.594,,,,,,Iteration 2: SSE = 7359.935
Iteration 5: SSE = 6704.787,,,,,,Iteration 6: SSE = 6730.157,,,,,,Iteration 3: SSE = 6700.959
Iteration 6: SSE = 6685.484,,,,,,Iteration 7: SSE = 6681.535,,,,,,Iteration 4: SSE = 6159.382
Iteration 7: SSE = 6676.997,,,,,,Iteration 8: SSE = 6667.851,,,,,,Iteration 5: SSE = 5947.273
Iteration 8: SSE = 6671.18,,,,,,Iteration 9: SSE = 6654.519,,,,,,Iteration 6: SSE = 5946.495
,,,,,,Iteration 10: SSE = 6644.403,,,,,,
Run 18,,,,,,Iteration 11: SSE = 6639.445,,,,,,Run 20
-----,,,,,,,,,,,,-----
Iteration 1: SSE = 13813.94,,,,,,Run 14,,,,,,Iteration 1: SSE = 14427.96
Iteration 2: SSE = 7464.528,,,,,,-----,,,,,,Iteration 2: SSE = 7359.935
Iteration 3: SSE = 6942.161,,,,,,Iteration 1: SSE = 14077.58,,,,,,Iteration 3: SSE = 6700.959
Iteration 4: SSE = 6761.944,,,,,,Iteration 2: SSE = 8015.218,,,,,,Iteration 4: SSE = 6159.382
Iteration 5: SSE = 6704.787,,,,,,Iteration 3: SSE = 7345.319,,,,,,Iteration 5: SSE = 5947.273
Iteration 6: SSE = 6685.484,,,,,,Iteration 4: SSE = 6979.101,,,,,,Iteration 6: SSE = 5946.495
Iteration 7: SSE = 6676.997,,,,,,Iteration 5: SSE = 6798.594,,,,,,
Iteration 8: SSE = 6671.18,,,,,,Iteration 6: SSE = 6730.157,,,,,,Run 21
,,,,,,Iteration 7: SSE = 6681.535,,,,,,-----
Run 19,,,,,,Iteration 8: SSE = 6667.851,,,,,,Iteration 1: SSE = 14427.96
-----,,,,,,Iteration 9: SSE = 6654.519,,,,,,Iteration 2: SSE = 7359.935
Iteration 1: SSE = 13813.94,,,,,,Iteration 10: SSE = 6644.403,,,,,,Iteration 3: SSE = 6700.959
Iteration 2: SSE = 7464.528,,,,,,Iteration 11: SSE = 6639.445,,,,,,Iteration 4: SSE = 6159.382
Iteration 3: SSE = 6942.161,,,,,,,,,,,,Iteration 5: SSE = 5947.273
Iteration 4: SSE = 6761.944,,,,,,Run 15,,,,,,Iteration 6: SSE = 5946.495
Iteration 5: SSE = 6704.787,,,,,,-----,,,,,,
Iteration 6: SSE = 6685.484,,,,,,Iteration 1: SSE = 14077.58,,,,,,Run 22
Iteration 7: SSE = 6676.997,,,,,,Iteration 2: SSE = 8015.218,,,,,,-----
Iteration 8: SSE = 6671.18,,,,,,Iteration 3: SSE = 7345.319,,,,,,Iteration 1: SSE = 14427.96
,,,,,,Iteration 4: SSE = 6979.101,,,,,,Iteration 2: SSE = 7359.935
Run 20,,,,,,Iteration 5: SSE = 6798.594,,,,,,Iteration 3: SSE = 6700.959
-----,,,,,,Iteration 6: SSE = 6730.157,,,,,,Iteration 4: SSE = 6159.382
Iteration 1: SSE = 13813.94,,,,,,Iteration 7: SSE = 6681.535,,,,,,Iteration 5: SSE = 5947.273
Iteration 2: SSE = 7464.528,,,,,,Iteration 8: SSE = 6667.851,,,,,,Iteration 6: SSE = 5946.495
Iteration 3: SSE = 6942.161,,,,,,Iteration 9: SSE = 6654.519,,,,,,
Iteration 4: SSE = 6761.944,,,,,,Iteration 10: SSE = 6644.403,,,,,,Run 23
Iteration 5: SSE = 6704.787,,,,,,Iteration 11: SSE = 6639.445,,,,,,-----
Iteration 6: SSE = 6685.484,,,,,,,,,,,,Iteration 1: SSE = 14427.96
Iteration 7: SSE = 6676.997,,,,,,Run 16,,,,,,Iteration 2: SSE = 7359.935
Iteration 8: SSE = 6671.18,,,,,,-----,,,,,,Iteration 3: SSE = 6700.959
,,,,,,Iteration 1: SSE = 14077.58,,,,,,Iteration 4: SSE = 6159.382
Run 21,,,,,,Iteration 2: SSE = 8015.218,,,,,,Iteration 5: SSE = 5947.273
-----,,,,,,Iteration 3: SSE = 7345.319,,,,,,Iteration 6: SSE = 5946.495
Iteration 1: SSE = 13813.94,,,,,,Iteration 4: SSE = 6979.101,,,,,,
Iteration 2: SSE = 7464.528,,,,,,Iteration 5: SSE = 6798.594,,,,,,Run 24
Iteration 3: SSE = 6942.161,,,,,,Iteration 6: SSE = 6730.157,,,,,,-----
Iteration 4: SSE = 6761.944,,,,,,Iteration 7: SSE = 6681.535,,,,,,Iteration 1: SSE = 14404.87
Iteration 5: SSE = 6704.787,,,,,,Iteration 8: SSE = 6667.851,,,,,,Iteration 2: SSE = 7784.7
Iteration 6: SSE = 6685.484,,,,,,Iteration 9: SSE = 6654.519,,,,,,Iteration 3: SSE = 7138.431
Iteration 7: SSE = 6676.997,,,,,,Iteration 10: SSE = 6644.403,,,,,,Iteration 4: SSE = 6906.345
Iteration 8: SSE = 6671.18,,,,,,Iteration 11: SSE = 6639.445,,,,,,Iteration 5: SSE = 6778.751
,,,,,,,,,,,,Iteration 6: SSE = 6707.978
Run 22,,,,,,Run 17,,,,,,Iteration 7: SSE = 6673.763
-----,,,,,,-----,,,,,,Iteration 8: SSE = 6646.112
Iteration 1: SSE = 14322.63,,,,,,Iteration 1: SSE = 13814.59,,,,,,Iteration 9: SSE = 6639.932
Iteration 2: SSE = 7851.762,,,,,,Iteration 2: SSE = 7475.001,,,,,,
Iteration 3: SSE = 7514.192,,,,,,Iteration 3: SSE = 6855.539,,,,,,Run 25
Iteration 4: SSE = 7192.335,,,,,,Iteration 4: SSE = 6733.207,,,,,,-----
Iteration 5: SSE = 6933.341,,,,,,Iteration 5: SSE = 6697.833,,,,,,Iteration 1: SSE = 14404.87
Iteration 6: SSE = 6879.46,,,,,,Iteration 6: SSE = 6668.372,,,,,,Iteration 2: SSE = 7784.7
Iteration 7: SSE = 6852.476,,,,,,Iteration 7: SSE = 6643.996,,,,,,Iteration 3: SSE = 7138.431
Iteration 8: SSE = 6835.711,,,,,,Iteration 8: SSE = 6631.02,,,,,,Iteration 4: SSE = 6906.345
Iteration 9: SSE = 6829.375,,,,,,Iteration 9: SSE = 6629.216,,,,,,Iteration 5: SSE = 6778.751
,,,,,,,,,,,,Iteration 6: SSE = 6707.978
Run 23,,,,,,Run 18,,,,,,Iteration 7: SSE = 6673.763
-----,,,,,,-----,,,,,,Iteration 8: SSE = 6646.112
Iteration 1: SSE = 14322.63,,,,,,Iteration 1: SSE = 13814.59,,,,,,Iteration 9: SSE = 6639.932
Iteration 2: SSE = 7851.762,,,,,,Iteration 2: SSE = 7475.001,,,,,,
Iteration 3: SSE = 7514.192,,,,,,Iteration 3: SSE = 6855.539,,,,,,Run 26
Iteration 4: SSE = 7192.335,,,,,,Iteration 4: SSE = 6733.207,,,,,,-----
Iteration 5: SSE = 6933.341,,,,,,Iteration 5: SSE = 6697.833,,,,,,Iteration 1: SSE = 14404.87
Iteration 6: SSE = 6879.46,,,,,,Iteration 6: SSE = 6668.372,,,,,,Iteration 2: SSE = 7784.7
Iteration 7: SSE = 6852.476,,,,,,Iteration 7: SSE = 6643.996,,,,,,Iteration 3: SSE = 7138.431
Iteration 8: SSE = 6835.711,,,,,,Iteration 8: SSE = 6631.02,,,,,,Iteration 4: SSE = 6906.345
Iteration 9: SSE = 6829.375,,,,,,Iteration 9: SSE = 6629.216,,,,,,Iteration 5: SSE = 6778.751
,,,,,,,,,,,,Iteration 6: SSE = 6707.978
Run 24,,,,,,Run 19,,,,,,Iteration 7: SSE = 6673.763
-----,,,,,,-----,,,,,,Iteration 8: SSE = 6646.112
Iteration 1: SSE = 14322.63,,,,,,Iteration 1: SSE = 13814.59,,,,,,Iteration 9: SSE = 6639.932
Iteration 2: SSE = 7851.762,,,,,,Iteration 2: SSE = 7475.001,,,,,,
Iteration 3: SSE = 7514.192,,,,,,Iteration 3: SSE = 6855.539,,,,,,Run 27
Iteration 4: SSE = 7192.335,,,,,,Iteration 4: SSE = 6733.207,,,,,,-----
Iteration 5: SSE = 6933.341,,,,,,Iteration 5: SSE = 6697.833,,,,,,Iteration 1: SSE = 14404.87
Iteration 6: SSE = 6879.46,,,,,,Iteration 6: SSE = 6668.372,,,,,,Iteration 2: SSE = 7784.7
Iteration 7: SSE = 6852.476,,,,,,Iteration 7: SSE = 6643.996,,,,,,Iteration 3: SSE = 7138.431
Iteration 8: SSE = 6835.711,,,,,,Iteration 8: SSE = 6631.02,,,,,,Iteration 4: SSE = 6906.345
Iteration 9: SSE = 6829.375,,,,,,Iteration 9: SSE = 6629.216,,,,,,Iteration 5: SSE = 6778.751
,,,,,,,,,,,,Iteration 6: SSE = 6707.978
Run 25,,,,,,Run 20,,,,,,Iteration 7: SSE = 6673.763
-----,,,,,,-----,,,,,,Iteration 8: SSE = 6646.112
Iteration 1: SSE = 14322.63,,,,,,Iteration 1: SSE = 13814.59,,,,,,Iteration 9: SSE = 6639.932
Iteration 2: SSE = 7851.762,,,,,,Iteration 2: SSE = 7475.001,,,,,,
Iteration 3: SSE = 7514.192,,,,,,Iteration 3: SSE = 6855.539,,,,,,Run 28
Iteration 4: SSE = 7192.335,,,,,,Iteration 4: SSE = 6733.207,,,,,,-----
Iteration 5: SSE = 6933.341,,,,,,Iteration 5: SSE = 6697.833,,,,,,Iteration 1: SSE = 14404.87
Iteration 6: SSE = 6879.46,,,,,,Iteration 6: SSE = 6668.372,,,,,,Iteration 2: SSE = 7784.7
Iteration 7: SSE = 6852.476,,,,,,Iteration 7: SSE = 6643.996,,,,,,Iteration 3: SSE = 7138.431
Iteration 8: SSE = 6835.711,,,,,,Iteration 8: SSE = 6631.02,,,,,,Iteration 4: SSE = 6906.345
Iteration 9: SSE = 6829.375,,,,,,Iteration 9: SSE = 6629.216,,,,,,Iteration 5: SSE = 6778.751
,,,,,,,,,,,,Iteration 6: SSE = 6707.978
Run 26,,,,,,Run 21,,,,,,Iteration 7: SSE = 6673.763
-----,,,,,,-----,,,,,,Iteration 8: SSE = 6646.112
Iteration 1: SSE = 14322.63,,,,,,Iteration 1: SSE = 13814.59,,,,,,Iteration 9: SSE = 6639.932
Iteration 2: SSE = 7851.762,,,,,,Iteration 2: SSE = 7475.001,,,,,,
Iteration 3: SSE = 7514.192,,,,,,Iteration 3: SSE = 6855.539,,,,,,Run 29
Iteration 4: SSE = 7192.335,,,,,,Iteration 4: SSE = 6733.207,,,,,,-----
Iteration 5: SSE = 6933.341,,,,,,Iteration 5: SSE = 6697.833,,,,,,Iteration 1: SSE = 14404.87
Iteration 6: SSE = 6879.46,,,,,,Iteration 6: SSE = 6668.372,,,,,,Iteration 2: SSE = 7784.7
Iteration 7: SSE = 6852.476,,,,,,Iteration 7: SSE = 6643.996,,,,,,Iteration 3: SSE = 7138.431
Iteration 8: SSE = 6835.711,,,,,,Iteration 8: SSE = 6631.02,,,,,,Iteration 4: SSE = 6906.345
Iteration 9: SSE = 6829.375,,,,,,Iteration 9: SSE = 6629.216,,,,,,Iteration 5: SSE = 6778.751
,,,,,,,,,,,,Iteration 6: SSE = 6707.978
Run 27,,,,,,Run 22,,,,,,Iteration 7: SSE = 6673.763
-----,,,,,,-----,,,,,,Iteration 8: SSE = 6646.112
Iteration 1: SSE = 14322.63,,,,,,Iteration 1: SSE = 13814.59,,,,,,Iteration 9: SSE = 6639.932
Iteration 2: SSE = 7851.762,,,,,,Iteration 2: SSE = 7475.001,,,,,,
Iteration 3: SSE = 7514.192,,,,,,Iteration 3: SSE = 6855.539,,,,,,Run 30
Iteration 4: SSE = 7192.335,,,,,,Iteration 4: SSE = 6733.207,,,,,,-----
Iteration 5: SSE = 6933.341,,,,,,Iteration 5: SSE = 6697.833,,,,,,Iteration 1: SSE = 14607.57
Iteration 6: SSE = 6879.46,,,,,,Iteration 6: SSE = 6668.372,,,,,,Iteration 2: SSE = 8274.679
Iteration 7: SSE = 6852.476,,,,,,Iteration 7: SSE = 6643.996,,,,,,Iteration 3: SSE = 7160.381
Iteration 8: SSE = 6835.711,,,,,,Iteration 8: SSE = 6631.02,,,,,,Iteration 4: SSE = 6819.155
Iteration 9: SSE = 6829.375,,,,,,Iteration 9: SSE = 6629.216,,,,,,Iteration 5: SSE = 6722.281
,,,,,,,,,,,,Iteration 6: SSE = 6685.13
Run 28,,,,,,Run 23,,,,,,Iteration 7: SSE = 6659.696
-----,,,,,,-----,,,,,,Iteration 8: SSE = 6651.926
Iteration 1: SSE = 13901.04,,,,,,Iteration 1: SSE = 13814.59,,,,,,Iteration 9: SSE = 6650.433
Iteration 2: SSE = 6986.199,,,,,,Iteration 2: SSE = 7475.001,,,,,,
Iteration 3: SSE = 6229.394,,,,,,Iteration 3: SSE = 6855.539,,,,,,Run 31
Iteration 4: SSE = 5980.238,,,,,,Iteration 4: SSE = 6733.207,,,,,,-----
Iteration 5: SSE = 5957.138,,,,,,Iteration 5: SSE = 6697.833,,,,,,Iteration 1: SSE = 14607.57
Iteration 6: SSE = 5948.366,,,,,,Iteration 6: SSE = 6668.372,,,,,,Iteration 2: SSE = 8274.679
Iteration 7: SSE = 5947.308,,,,,,Iteration 7: SSE = 6643.996,,,,,,Iteration 3: SSE = 7160.381
,,,,,,Iteration 8: SSE = 6631.02,,,,,,Iteration 4: SSE = 6819.155
Run 29,,,,,,Iteration 9: SSE = 6629.216,,,,,,Iteration 5: SSE = 6722.281
-----,,,,,,,,,,,,Iteration 6: SSE = 6685.13
Iteration 1: SSE = 13901.04,,,,,,Run 24,,,,,,Iteration 7: SSE = 6659.696
Iteration 2: SSE = 6986.199,,,,,,-----,,,,,,Iteration 8: SSE = 6651.926
Iteration 3: SSE = 6229.394,,,,,,Iteration 1: SSE = 13814.59,,,,,,Iteration 9: SSE = 6650.433
Iteration 4: SSE = 5980.238,,,,,,Iteration 2: SSE = 7475.001,,,,,,
Iteration 5: SSE = 5957.138,,,,,,Iteration 3: SSE = 6855.539,,,,,,Run 32
Iteration 6: SSE = 5948.366,,,,,,Iteration 4: SSE = 6733.207,,,,,,-----
Iteration 7: SSE = 5947.308,,,,,,Iteration 5: SSE = 6697.833,,,,,,Iteration 1: SSE = 14607.57
,,,,,,Iteration 6: SSE = 6668.372,,,,,,Iteration 2: SSE = 8274.679
Run 30,,,,,,Iteration 7: SSE = 6643.996,,,,,,Iteration 3: SSE = 7160.381
-----,,,,,,Iteration 8: SSE = 6631.02,,,,,,Iteration 4: SSE = 6819.155
Iteration 1: SSE = 13901.04,,,,,,Iteration 9: SSE = 6629.216,,,,,,Iteration 5: SSE = 6722.281
Iteration 2: SSE = 6986.199,,,,,,,,,,,,Iteration 6: SSE = 6685.13
Iteration 3: SSE = 6229.394,,,,,,Run 25,,,,,,Iteration 7: SSE = 6659.696
Iteration 4: SSE = 5980.238,,,,,,-----,,,,,,Iteration 8: SSE = 6651.926
Iteration 5: SSE = 5957.138,,,,,,Iteration 1: SSE = 14057.27,,,,,,Iteration 9: SSE = 6650.433
Iteration 6: SSE = 5948.366,,,,,,Iteration 2: SSE = 7999.585,,,,,,
Iteration 7: SSE = 5947.308,,,,,,Iteration 3: SSE = 7406.112,,,,,,Run 33
,,,,,,Iteration 4: SSE = 7193.08,,,,,,-----
Run 31,,,,,,Iteration 5: SSE = 6842.676,,,,,,Iteration 1: SSE = 14607.57
-----,,,,,,Iteration 6: SSE = 6195.608,,,,,,Iteration 2: SSE = 8274.679
Iteration 1: SSE = 13901.04,,,,,,Iteration 7: SSE = 5990.033,,,,,,Iteration 3: SSE = 7160.381
Iteration 2: SSE = 6986.199,,,,,,Iteration 8: SSE = 5962.923,,,,,,Iteration 4: SSE = 6819.155
Iteration 3: SSE = 6229.394,,,,,,Iteration 9: SSE = 5950.576,,,,,,Iteration 5: SSE = 6722.281
Iteration 4: SSE = 5980.238,,,,,,Iteration 10: SSE = 5947.152,,,,,,Iteration 6: SSE = 6685.13
Iteration 5: SSE = 5957.138,,,,,,,,,,,,Iteration 7: SSE = 6659.696
Iteration 6: SSE = 5948.366,,,,,,Run 26,,,,,,Iteration 8: SSE = 6651.926
Iteration 7: SSE = 5947.308,,,,,,-----,,,,,,Iteration 9: SSE = 6650.433
,,,,,,Iteration 1: SSE = 14057.27,,,,,,
Run 32,,,,,,Iteration 2: SSE = 7999.585,,,,,,Run 34
-----,,,,,,Iteration 3: SSE = 7406.112,,,,,,-----
Iteration 1: SSE = 13901.04,,,,,,Iteration 4: SSE = 7193.08,,,,,,Iteration 1: SSE = 14607.57
Iteration 2: SSE = 6986.199,,,,,,Iteration 5: SSE = 6842.676,,,,,,Iteration 2: SSE = 8274.679
Iteration 3: SSE = 6229.394,,,,,,Iteration 6: SSE = 6195.608,,,,,,Iteration 3: SSE = 7160.381
Iteration 4: SSE = 5980.238,,,,,,Iteration 7: SSE = 5990.033,,,,,,Iteration 4: SSE = 6819.155
Iteration 5: SSE = 5957.138,,,,,,Iteration 8: SSE = 5962.923,,,,,,Iteration 5: SSE = 6722.281
Iteration 6: SSE = 5948.366,,,,,,Iteration 9: SSE = 5950.576,,,,,,Iteration 6: SSE = 6685.13
Iteration 7: SSE = 5947.308,,,,,,Iteration 10: SSE = 5947.152,,,,,,Iteration 7: SSE = 6659.696
,,,,,,,,,,,,Iteration 8: SSE = 6651.926
Run 33,,,,,,Run 27,,,,,,Iteration 9: SSE = 6650.433
-----,,,,,,-----,,,,,,
Iteration 1: SSE = 13901.04,,,,,,Iteration 1: SSE = 14057.27,,,,,,Run 35
Iteration 2: SSE = 6986.199,,,,,,Iteration 2: SSE = 7999.585,,,,,,-----
Iteration 3: SSE = 6229.394,,,,,,Iteration 3: SSE = 7406.112,,,,,,Iteration 1: SSE = 14607.57
Iteration 4: SSE = 5980.238,,,,,,Iteration 4: SSE = 7193.08,,,,,,Iteration 2: SSE = 8274.679
Iteration 5: SSE = 5957.138,,,,,,Iteration 5: SSE = 6842.676,,,,,,Iteration 3: SSE = 7160.381
Iteration 6: SSE = 5948.366,,,,,,Iteration 6: SSE = 6195.608,,,,,,Iteration 4: SSE = 6819.155
Iteration 7: SSE = 5947.308,,,,,,Iteration 7: SSE = 5990.033,,,,,,Iteration 5: SSE = 6722.281
,,,,,,Iteration 8: SSE = 5962.923,,,,,,Iteration 6: SSE = 6685.13
Run 34,,,,,,Iteration 9: SSE = 5950.576,,,,,,Iteration 7: SSE = 6659.696
-----,,,,,,Iteration 10: SSE = 5947.152,,,,,,Iteration 8: SSE = 6651.926
Iteration 1: SSE = 13901.04,,,,,,,,,,,,Iteration 9: SSE = 6650.433
Iteration 2: SSE = 6986.199,,,,,,Run 28,,,,,,
Iteration 3: SSE = 6229.394,,,,,,-----,,,,,,Run 36
Iteration 4: SSE = 5980.238,,,,,,Iteration 1: SSE = 14057.27,,,,,,-----
Iteration 5: SSE = 5957.138,,,,,,Iteration 2: SSE = 7999.585,,,,,,Iteration 1: SSE = 14607.57
Iteration 6: SSE = 5948.366,,,,,,Iteration 3: SSE = 7406.112,,,,,,Iteration 2: SSE = 8274.679
Iteration 7: SSE = 5947.308,,,,,,Iteration 4: SSE = 7193.08,,,,,,Iteration 3: SSE = 7160.381
,,,,,,Iteration 5: SSE = 6842.676,,,,,,Iteration 4: SSE = 6819.155
Run 35,,,,,,Iteration 6: SSE = 6195.608,,,,,,Iteration 5: SSE = 6722.281
-----,,,,,,Iteration 7: SSE = 5990.033,,,,,,Iteration 6: SSE = 6685.13
Iteration 1: SSE = 13901.04,,,,,,Iteration 8: SSE = 5962.923,,,,,,Iteration 7: SSE = 6659.696
Iteration 2: SSE = 6986.199,,,,,,Iteration 9: SSE = 5950.576,,,,,,Iteration 8: SSE = 6651.926
Iteration 3: SSE = 6229.394,,,,,,Iteration 10: SSE = 5947.152,,,,,,Iteration 9: SSE = 6650.433
Iteration 4: SSE = 5980.238,,,,,,,,,,,,
Iteration 5: SSE = 5957.138,,,,,,Run 29,,,,,,Run 37
Iteration 6: SSE = 5948.366,,,,,,-----,,,,,,-----
Iteration 7: SSE = 5947.308,,,,,,Iteration 1: SSE = 14057.27,,,,,,Iteration 1: SSE = 14399.29
,,,,,,Iteration 2: SSE = 7999.585,,,,,,Iteration 2: SSE = 7524.624
Run 36,,,,,,Iteration 3: SSE = 7406.112,,,,,,Iteration 3: SSE = 6297.19
-----,,,,,,Iteration 4: SSE = 7193.08,,,,,,Iteration 4: SSE = 5971.718
Iteration 1: SSE = 13601.79,,,,,,Iteration 5: SSE = 6842.676,,,,,,Iteration 5: SSE = 5948.655
Iteration 2: SSE = 6983.633,,,,,,Iteration 6: SSE = 6195.608,,,,,,Iteration 6: SSE = 5946.778
Iteration 3: SSE = 6916.939,,,,,,Iteration 7: SSE = 5990.033,,,,,,
Iteration 4: SSE = 6885.594,,,,,,Iteration 8: SSE = 5962.923,,,,,,Run 38
Iteration 5: SSE = 6843.247,,,,,,Iteration 9: SSE = 5950.576,,,,,,-----
Iteration 6: SSE = 6807.437,,,,,,Iteration 10: SSE = 5947.152,,,,,,Iteration 1: SSE = 14399.29
Iteration 7: SSE = 6781.412,,,,,,,,,,,,Iteration 2: SSE = 7524.624
Iteration 8: SSE = 6752.893,,,,,,Run 30,,,,,,Iteration 3: SSE = 6297.19
Iteration 9: SSE = 6719.641,,,,,,-----,,,,,,Iteration 4: SSE = 5971.718
Iteration 10: SSE = 6695.613,,,,,,Iteration 1: SSE = 14057.27,,,,,,Iteration 5: SSE = 5948.655
Iteration 11: SSE = 6666.848,,,,,,Iteration 2: SSE = 7999.585,,,,,,Iteration 6: SSE = 5946.778
Iteration 12: SSE = 6651.414,,,,,,Iteration 3: SSE = 7406.112,,,,,,
Iteration 13: SSE = 6638.61,,,,,,Iteration 4: SSE = 7193.08,,,,,,Run 39
Iteration 14: SSE = 6635.476,,,,,,Iteration 5: SSE = 6842.676,,,,,,-----
,,,,,,Iteration 6: SSE = 6195.608,,,,,,Iteration 1: SSE = 14399.29
Run 37,,,,,,Iteration 7: SSE = 5990.033,,,,,,Iteration 2: SSE = 7524.624
-----,,,,,,Iteration 8: SSE = 5962.923,,,,,,Iteration 3: SSE = 6297.19
Iteration 1: SSE = 13601.79,,,,,,Iteration 9: SSE = 5950.576,,,,,,Iteration 4: SSE = 5971.718
Iteration 2: SSE = 6983.633,,,,,,Iteration 10: SSE = 5947.152,,,,,,Iteration 5: SSE = 5948.655
Iteration 3: SSE = 6916.939,,,,,,,,,,,,Iteration 6: SSE = 5946.778
Iteration 4: SSE = 6885.594,,,,,,Run 31,,,,,,
Iteration 5: SSE = 6843.247,,,,,,-----,,,,,,Run 40
Iteration 6: SSE = 6807.437,,,,,,Iteration 1: SSE = 14057.27,,,,,,-----
Iteration 7: SSE = 6781.412,,,,,,Iteration 2: SSE = 7999.585,,,,,,Iteration 1: SSE = 14399.29
Iteration 8: SSE = 6752.893,,,,,,Iteration 3: SSE = 7406.112,,,,,,Iteration 2: SSE = 7524.624
Iteration 9: SSE = 6719.641,,,,,,Iteration 4: SSE = 7193.08,,,,,,Iteration 3: SSE = 6297.19
Iteration 10: SSE = 6695.613,,,,,,Iteration 5: SSE = 6842.676,,,,,,Iteration 4: SSE = 5971.718
Iteration 11: SSE = 6666.848,,,,,,Iteration 6: SSE = 6195.608,,,,,,Iteration 5: SSE = 5948.655
Iteration 12: SSE = 6651.414,,,,,,Iteration 7: SSE = 5990.033,,,,,,Iteration 6: SSE = 5946.778
Iteration 13: SSE = 6638.61,,,,,,Iteration 8: SSE = 5962.923,,,,,,
Iteration 14: SSE = 6635.476,,,,,,Iteration 9: SSE = 5950.576,,,,,,Run 41
,,,,,,Iteration 10: SSE = 5947.152,,,,,,-----
Run 38,,,,,,,,,,,,Iteration 1: SSE = 14399.29
-----,,,,,,Run 32,,,,,,Iteration 2: SSE = 7524.624
Iteration 1: SSE = 13601.79,,,,,,-----,,,,,,Iteration 3: SSE = 6297.19
Iteration 2: SSE = 6983.633,,,,,,Iteration 1: SSE = 14544.07,,,,,,Iteration 4: SSE = 5971.718
Iteration 3: SSE = 6916.939,,,,,,Iteration 2: SSE = 7261.465,,,,,,Iteration 5: SSE = 5948.655
Iteration 4: SSE = 6885.594,,,,,,Iteration 3: SSE = 6856.453,,,,,,Iteration 6: SSE = 5946.778
Iteration 5: SSE = 6843.247,,,,,,Iteration 4: SSE = 6813.235,,,,,,
Iteration 6: SSE = 6807.437,,,,,,Iteration 5: SSE = 6792.281,,,,,,Run 42
Iteration 7: SSE = 6781.412,,,,,,Iteration 6: SSE = 6776.504,,,,,,-----
Iteration 8: SSE = 6752.893,,,,,,Iteration 7: SSE = 6761.633,,,,,,Iteration 1: SSE = 14399.29
Iteration 9: SSE = 6719.641,,,,,,Iteration 8: SSE = 6735.02,,,,,,Iteration 2: SSE = 7524.624
Iteration 10: SSE = 6695.613,,,,,,Iteration 9: SSE = 6695.397,,,,,,Iteration 3: SSE = 6297.19
Iteration 11: SSE = 6666.848,,,,,,Iteration 10: SSE = 6676.666,,,,,,Iteration 4: SSE = 5971.718
Iteration 12: SSE = 6651.414,,,,,,Iteration 11: SSE = 6661.148,,,,,,Iteration 5: SSE = 5948.655
Iteration 13: SSE = 6638.61,,,,,,Iteration 12: SSE = 6647.889,,,,,,Iteration 6: SSE = 5946.778
Iteration 14: SSE = 6635.476,,,,,,Iteration 13: SSE = 6642.008,,,,,,
,,,,,,,,,,,,Run 43
Run 39,,,,,,Run 33,,,,,,-----
-----,,,,,,-----,,,,,,Iteration 1: SSE = 14399.29
Iteration 1: SSE = 13601.79,,,,,,Iteration 1: SSE = 14544.07,,,,,,Iteration 2: SSE = 7524.624
Iteration 2: SSE = 6983.633,,,,,,Iteration 2: SSE = 7261.465,,,,,,Iteration 3: SSE = 6297.19
Iteration 3: SSE = 6916.939,,,,,,Iteration 3: SSE = 6856.453,,,,,,Iteration 4: SSE = 5971.718
Iteration 4: SSE = 6885.594,,,,,,Iteration 4: SSE = 6813.235,,,,,,Iteration 5: SSE = 5948.655
Iteration 5: SSE = 6843.247,,,,,,Iteration 5: SSE = 6792.281,,,,,,Iteration 6: SSE = 5946.778
Iteration 6: SSE = 6807.437,,,,,,Iteration 6: SSE = 6776.504,,,,,,
Iteration 7: SSE = 6781.412,,,,,,Iteration 7: SSE = 6761.633,,,,,,Run 44
Iteration 8: SSE = 6752.893,,,,,,Iteration 8: SSE = 6735.02,,,,,,-----
Iteration 9: SSE = 6719.641,,,,,,Iteration 9: SSE = 6695.397,,,,,,Iteration 1: SSE = 14399.29
Iteration 10: SSE = 6695.613,,,,,,Iteration 10: SSE = 6676.666,,,,,,Iteration 2: SSE = 7524.624
Iteration 11: SSE = 6666.848,,,,,,Iteration 11: SSE = 6661.148,,,,,,Iteration 3: SSE = 6297.19
Iteration 12: SSE = 6651.414,,,,,,Iteration 12: SSE = 6647.889,,,,,,Iteration 4: SSE = 5971.718
Iteration 13: SSE = 6638.61,,,,,,Iteration 13: SSE = 6642.008,,,,,,Iteration 5: SSE = 5948.655
Iteration 14: SSE = 6635.476,,,,,,,,,,,,Iteration 6: SSE = 5946.778
,,,,,,Run 34,,,,,,
Run 40,,,,,,-----,,,,,,Run 45
-----,,,,,,Iteration 1: SSE = 14544.07,,,,,,-----
Iteration 1: SSE = 13601.79,,,,,,Iteration 2: SSE = 7261.465,,,,,,Iteration 1: SSE = 14399.29
Iteration 2: SSE = 6983.633,,,,,,Iteration 3: SSE = 6856.453,,,,,,Iteration 2: SSE = 7524.624
Iteration 3: SSE = 6916.939,,,,,,Iteration 4: SSE = 6813.235,,,,,,Iteration 3: SSE = 6297.19
Iteration 4: SSE = 6885.594,,,,,,Iteration 5: SSE = 6792.281,,,,,,Iteration 4: SSE = 5971.718
Iteration 5: SSE = 6843.247,,,,,,Iteration 6: SSE = 6776.504,,,,,,Iteration 5: SSE = 5948.655
Iteration 6: SSE = 6807.437,,,,,,Iteration 7: SSE = 6761.633,,,,,,Iteration 6: SSE = 5946.778
Iteration 7: SSE = 6781.412,,,,,,Iteration 8: SSE = 6735.02,,,,,,
Iteration 8: SSE = 6752.893,,,,,,Iteration 9: SSE = 6695.397,,,,,,Run 46
Iteration 9: SSE = 6719.641,,,,,,Iteration 10: SSE = 6676.666,,,,,,-----
Iteration 10: SSE = 6695.613,,,,,,Iteration 11: SSE = 6661.148,,,,,,Iteration 1: SSE = 14399.29
Iteration 11: SSE = 6666.848,,,,,,Iteration 12: SSE = 6647.889,,,,,,Iteration 2: SSE = 7524.624
Iteration 12: SSE = 6651.414,,,,,,Iteration 13: SSE = 6642.008,,,,,,Iteration 3: SSE = 6297.19
Iteration 13: SSE = 6638.61,,,,,,,,,,,,Iteration 4: SSE = 5971.718
Iteration 14: SSE = 6635.476,,,,,,Run 35,,,,,,Iteration 5: SSE = 5948.655
,,,,,,-----,,,,,,Iteration 6: SSE = 5946.778
Run 41,,,,,,Iteration 1: SSE = 14544.07,,,,,,
-----,,,,,,Iteration 2: SSE = 7261.465,,,,,,Run 47
Iteration 1: SSE = 13601.79,,,,,,Iteration 3: SSE = 6856.453,,,,,,-----
Iteration 2: SSE = 6983.633,,,,,,Iteration 4: SSE = 6813.235,,,,,,Iteration 1: SSE = 14399.29
Iteration 3: SSE = 6916.939,,,,,,Iteration 5: SSE = 6792.281,,,,,,Iteration 2: SSE = 7524.624
Iteration 4: SSE = 6885.594,,,,,,Iteration 6: SSE = 6776.504,,,,,,Iteration 3: SSE = 6297.19
Iteration 5: SSE = 6843.247,,,,,,Iteration 7: SSE = 6761.633,,,,,,Iteration 4: SSE = 5971.718
Iteration 6: SSE = 6807.437,,,,,,Iteration 8: SSE = 6735.02,,,,,,Iteration 5: SSE = 5948.655
Iteration 7: SSE = 6781.412,,,,,,Iteration 9: SSE = 6695.397,,,,,,Iteration 6: SSE = 5946.778
Iteration 8: SSE = 6752.893,,,,,,Iteration 10: SSE = 6676.666,,,,,,
Iteration 9: SSE = 6719.641,,,,,,Iteration 11: SSE = 6661.148,,,,,,Run 48
Iteration 10: SSE = 6695.613,,,,,,Iteration 12: SSE = 6647.889,,,,,,-----
Iteration 11: SSE = 6666.848,,,,,,Iteration 13: SSE = 6642.008,,,,,,Iteration 1: SSE = 14399.29
Iteration 12: SSE = 6651.414,,,,,,,,,,,,Iteration 2: SSE = 7524.624
Iteration 13: SSE = 6638.61,,,,,,Run 36,,,,,,Iteration 3: SSE = 6297.19
Iteration 14: SSE = 6635.476,,,,,,-----,,,,,,Iteration 4: SSE = 5971.718
,,,,,,Iteration 1: SSE = 14544.07,,,,,,Iteration 5: SSE = 5948.655
Run 42,,,,,,Iteration 2: SSE = 7261.465,,,,,,Iteration 6: SSE = 5946.778
-----,,,,,,Iteration 3: SSE = 6856.453,,,,,,
Iteration 1: SSE = 14016.26,,,,,,Iteration 4: SSE = 6813.235,,,,,,Run 49
Iteration 2: SSE = 7235.986,,,,,,Iteration 5: SSE = 6792.281,,,,,,-----
Iteration 3: SSE = 6951.425,,,,,,Iteration 6: SSE = 6776.504,,,,,,Iteration 1: SSE = 13800.72
Iteration 4: SSE = 6875.607,,,,,,Iteration 7: SSE = 6761.633,,,,,,Iteration 2: SSE = 7259.136
Iteration 5: SSE = 6856.766,,,,,,Iteration 8: SSE = 6735.02,,,,,,Iteration 3: SSE = 6877.51
Iteration 6: SSE = 6847.346,,,,,,Iteration 9: SSE = 6695.397,,,,,,Iteration 4: SSE = 6212.093
Iteration 7: SSE = 6838.855,,,,,,Iteration 10: SSE = 6676.666,,,,,,Iteration 5: SSE = 5996.866
Iteration 8: SSE = 6832.131,,,,,,Iteration 11: SSE = 6661.148,,,,,,Iteration 6: SSE = 5963.624
,,,,,,Iteration 12: SSE = 6647.889,,,,,,Iteration 7: SSE = 5951.27
Run 43,,,,,,Iteration 13: SSE = 6642.008,,,,,,Iteration 8: SSE = 5947.293
-----,,,,,,,,,,,,
Iteration 1: SSE = 14016.26,,,,,,Run 37,,,,,,Run 50
Iteration 2: SSE = 7235.986,,,,,,-----,,,,,,-----
Iteration 3: SSE = 6951.425,,,,,,Iteration 1: SSE = 14544.07,,,,,,Iteration 1: SSE = 13800.72
Iteration 4: SSE = 6875.607,,,,,,Iteration 2: SSE = 7261.465,,,,,,Iteration 2: SSE = 7259.136
Iteration 5: SSE = 6856.766,,,,,,Iteration 3: SSE = 6856.453,,,,,,Iteration 3: SSE = 6877.51
Iteration 6: SSE = 6847.346,,,,,,Iteration 4: SSE = 6813.235,,,,,,Iteration 4: SSE = 6212.093
Iteration 7: SSE = 6838.855,,,,,,Iteration 5: SSE = 6792.281,,,,,,Iteration 5: SSE = 5996.866
Iteration 8: SSE = 6832.131,,,,,,Iteration 6: SSE = 6776.504,,,,,,Iteration 6: SSE = 5963.624
,,,,,,Iteration 7: SSE = 6761.633,,,,,,Iteration 7: SSE = 5951.27
Run 44,,,,,,Iteration 8: SSE = 6735.02,,,,,,Iteration 8: SSE = 5947.293
-----,,,,,,Iteration 9: SSE = 6695.397,,,,,,
Iteration 1: SSE = 14016.26,,,,,,Iteration 10: SSE = 6676.666,,,,,,Run 51
Iteration 2: SSE = 7235.986,,,,,,Iteration 11: SSE = 6661.148,,,,,,-----
Iteration 3: SSE = 6951.425,,,,,,Iteration 12: SSE = 6647.889,,,,,,Iteration 1: SSE = 13800.72
Iteration 4: SSE = 6875.607,,,,,,Iteration 13: SSE = 6642.008,,,,,,Iteration 2: SSE = 7259.136
Iteration 5: SSE = 6856.766,,,,,,,,,,,,Iteration 3: SSE = 6877.51
Iteration 6: SSE = 6847.346,,,,,,Run 38,,,,,,Iteration 4: SSE = 6212.093
Iteration 7: SSE = 6838.855,,,,,,-----,,,,,,Iteration 5: SSE = 5996.866
Iteration 8: SSE = 6832.131,,,,,,Iteration 1: SSE = 14157.27,,,,,,Iteration 6: SSE = 5963.624
,,,,,,Iteration 2: SSE = 7679.531,,,,,,Iteration 7: SSE = 5951.27
Run 45,,,,,,Iteration 3: SSE = 7020.841,,,,,,Iteration 8: SSE = 5947.293
-----,,,,,,Iteration 4: SSE = 6766.142,,,,,,
Iteration 1: SSE = 14016.26,,,,,,Iteration 5: SSE = 6677.435,,,,,,Run 52
Iteration 2: SSE = 7235.986,,,,,,Iteration 6: SSE = 6638.404,,,,,,-----
Iteration 3: SSE = 6951.425,,,,,,Iteration 7: SSE = 6627.202,,,,,,Iteration 1: SSE = 13800.72
Iteration 4: SSE = 6875.607,,,,,,Iteration 8: SSE = 6625.344,,,,,,Iteration 2: SSE = 7259.136
Iteration 5: SSE = 6856.766,,,,,,,,,,,,Iteration 3: SSE = 6877.51
Iteration 6: SSE = 6847.346,,,,,,Run 39,,,,,,Iteration 4: SSE = 6212.093
Iteration 7: SSE = 6838.855,,,,,,-----,,,,,,Iteration 5: SSE = 5996.866
Iteration 8: SSE = 6832.131,,,,,,Iteration 1: SSE = 14157.27,,,,,,Iteration 6: SSE = 5963.624
,,,,,,Iteration 2: SSE = 7679.531,,,,,,Iteration 7: SSE = 5951.27
Run 46,,,,,,Iteration 3: SSE = 7020.841,,,,,,Iteration 8: SSE = 5947.293
-----,,,,,,Iteration 4: SSE = 6766.142,,,,,,
Iteration 1: SSE = 14016.26,,,,,,Iteration 5: SSE = 6677.435,,,,,,Run 53
Iteration 2: SSE = 7235.986,,,,,,Iteration 6: SSE = 6638.404,,,,,,-----
Iteration 3: SSE = 6951.425,,,,,,Iteration 7: SSE = 6627.202,,,,,,Iteration 1: SSE = 13800.72
Iteration 4: SSE = 6875.607,,,,,,Iteration 8: SSE = 6625.344,,,,,,Iteration 2: SSE = 7259.136
Iteration 5: SSE = 6856.766,,,,,,,,,,,,Iteration 3: SSE = 6877.51
Iteration 6: SSE = 6847.346,,,,,,Run 40,,,,,,Iteration 4: SSE = 6212.093
Iteration 7: SSE = 6838.855,,,,,,-----,,,,,,Iteration 5: SSE = 5996.866
Iteration 8: SSE = 6832.131,,,,,,Iteration 1: SSE = 14157.27,,,,,,Iteration 6: SSE = 5963.624
,,,,,,Iteration 2: SSE = 7679.531,,,,,,Iteration 7: SSE = 5951.27
Run 47,,,,,,Iteration 3: SSE = 7020.841,,,,,,Iteration 8: SSE = 5947.293
-----,,,,,,Iteration 4: SSE = 6766.142,,,,,,
Iteration 1: SSE = 14016.26,,,,,,Iteration 5: SSE = 6677.435,,,,,,Run 54
Iteration 2: SSE = 7235.986,,,,,,Iteration 6: SSE = 6638.404,,,,,,-----
Iteration 3: SSE = 6951.425,,,,,,Iteration 7: SSE = 6627.202,,,,,,Iteration 1: SSE = 13800.72
Iteration 4: SSE = 6875.607,,,,,,Iteration 8: SSE = 6625.344,,,,,,Iteration 2: SSE = 7259.136
Iteration 5: SSE = 6856.766,,,,,,,,,,,,Iteration 3: SSE = 6877.51
Iteration 6: SSE = 6847.346,,,,,,Run 41,,,,,,Iteration 4: SSE = 6212.093
Iteration 7: SSE = 6838.855,,,,,,-----,,,,,,Iteration 5: SSE = 5996.866
Iteration 8: SSE = 6832.131,,,,,,Iteration 1: SSE = 14157.27,,,,,,Iteration 6: SSE = 5963.624
,,,,,,Iteration 2: SSE = 7679.531,,,,,,Iteration 7: SSE = 5951.27
Run 48,,,,,,Iteration 3: SSE = 7020.841,,,,,,Iteration 8: SSE = 5947.293
-----,,,,,,Iteration 4: SSE = 6766.142,,,,,,
Iteration 1: SSE = 14016.26,,,,,,Iteration 5: SSE = 6677.435,,,,,,Run 55
Iteration 2: SSE = 7235.986,,,,,,Iteration 6: SSE = 6638.404,,,,,,-----
Iteration 3: SSE = 6951.425,,,,,,Iteration 7: SSE = 6627.202,,,,,,Iteration 1: SSE = 13800.72
Iteration 4: SSE = 6875.607,,,,,,Iteration 8: SSE = 6625.344,,,,,,Iteration 2: SSE = 7259.136
Iteration 5: SSE = 6856.766,,,,,,,,,,,,Iteration 3: SSE = 6877.51
Iteration 6: SSE = 6847.346,,,,,,Run 42,,,,,,Iteration 4: SSE = 6212.093
Iteration 7: SSE = 6838.855,,,,,,-----,,,,,,Iteration 5: SSE = 5996.866
Iteration 8: SSE = 6832.131,,,,,,Iteration 1: SSE = 14157.27,,,,,,Iteration 6: SSE = 5963.624
,,,,,,Iteration 2: SSE = 7679.531,,,,,,Iteration 7: SSE = 5951.27
Run 49,,,,,,Iteration 3: SSE = 7020.841,,,,,,Iteration 8: SSE = 5947.293
-----,,,,,,Iteration 4: SSE = 6766.142,,,,,,
Iteration 1: SSE = 14016.26,,,,,,Iteration 5: SSE = 6677.435,,,,,,Run 56
Iteration 2: SSE = 7235.986,,,,,,Iteration 6: SSE = 6638.404,,,,,,-----
Iteration 3: SSE = 6951.425,,,,,,Iteration 7: SSE = 6627.202,,,,,,Iteration 1: SSE = 13800.72
Iteration 4: SSE = 6875.607,,,,,,Iteration 8: SSE = 6625.344,,,,,,Iteration 2: SSE = 7259.136
Iteration 5: SSE = 6856.766,,,,,,,,,,,,Iteration 3: SSE = 6877.51
Iteration 6: SSE = 6847.346,,,,,,Run 43,,,,,,Iteration 4: SSE = 6212.093
Iteration 7: SSE = 6838.855,,,,,,-----,,,,,,Iteration 5: SSE = 5996.866
Iteration 8: SSE = 6832.131,,,,,,Iteration 1: SSE = 14157.27,,,,,,Iteration 6: SSE = 5963.624
,,,,,,Iteration 2: SSE = 7679.531,,,,,,Iteration 7: SSE = 5951.27
Run 50,,,,,,Iteration 3: SSE = 7020.841,,,,,,Iteration 8: SSE = 5947.293
-----,,,,,,Iteration 4: SSE = 6766.142,,,,,,
Iteration 1: SSE = 13220.31,,,,,,Iteration 5: SSE = 6677.435,,,,,,Run 57
Iteration 2: SSE = 7053.076,,,,,,Iteration 6: SSE = 6638.404,,,,,,-----
Iteration 3: SSE = 6067.503,,,,,,Iteration 7: SSE = 6627.202,,,,,,Iteration 1: SSE = 13800.72
Iteration 4: SSE = 5957.134,,,,,,Iteration 8: SSE = 6625.344,,,,,,Iteration 2: SSE = 7259.136
Iteration 5: SSE = 5942.025,,,,,,,,,,,,Iteration 3: SSE = 6877.51
Iteration 6: SSE = 5940.806,,,,,,Run 44,,,,,,Iteration 4: SSE = 6212.093
,,,,,,-----,,,,,,Iteration 5: SSE = 5996.866
Run 51,,,,,,Iteration 1: SSE = 14157.27,,,,,,Iteration 6: SSE = 5963.624
-----,,,,,,Iteration 2: SSE = 7679.531,,,,,,Iteration 7: SSE = 5951.27
Iteration 1: SSE = 13220.31,,,,,,Iteration 3: SSE = 7020.841,,,,,,Iteration 8: SSE = 5947.293
Iteration 2: SSE = 7053.076,,,,,,Iteration 4: SSE = 6766.142,,,,,,
Iteration 3: SSE = 6067.503,,,,,,Iteration 5: SSE = 6677.435,,,,,,Run 58
Iteration 4: SSE = 5957.134,,,,,,Iteration 6: SSE = 6638.404,,,,,,-----
Iteration 5: SSE = 5942.025,,,,,,Iteration 7: SSE = 6627.202,,,,,,Iteration 1: SSE = 14021.06
Iteration 6: SSE = 5940.806,,,,,,Iteration 8: SSE = 6625.344,,,,,,Iteration 2: SSE = 7874.248
,,,,,,,,,,,,Iteration 3: SSE = 6839.855
Run 52,,,,,,Run 45,,,,,,Iteration 4: SSE = 6672.281
-----,,,,,,-----,,,,,,Iteration 5: SSE = 6653.184
Iteration 1: SSE = 13220.31,,,,,,Iteration 1: SSE = 14157.27,,,,,,Iteration 6: SSE = 6648.399
Iteration 2: SSE = 7053.076,,,,,,Iteration 2: SSE = 7679.531,,,,,,
Iteration 3: SSE = 6067.503,,,,,,Iteration 3: SSE = 7020.841,,,,,,Run 59
Iteration 4: SSE = 5957.134,,,,,,Iteration 4: SSE = 6766.142,,,,,,-----
Iteration 5: SSE = 5942.025,,,,,,Iteration 5: SSE = 6677.435,,,,,,Iteration 1: SSE = 14021.06
Iteration 6: SSE = 5940.806,,,,,,Iteration 6: SSE = 6638.404,,,,,,Iteration 2: SSE = 7874.248
,,,,,,Iteration 7: SSE = 6627.202,,,,,,Iteration 3: SSE = 6839.855
Run 53,,,,,,Iteration 8: SSE = 6625.344,,,,,,Iteration 4: SSE = 6672.281
-----,,,,,,,,,,,,Iteration 5: SSE = 6653.184
Iteration 1: SSE = 13220.31,,,,,,Run 46,,,,,,Iteration 6: SSE = 6648.399
Iteration 2: SSE = 7053.076,,,,,,-----,,,,,,
Iteration 3: SSE = 6067.503,,,,,,Iteration 1: SSE = 14157.27,,,,,,Run 60
Iteration 4: SSE = 5957.134,,,,,,Iteration 2: SSE = 7679.531,,,,,,-----
Iteration 5: SSE = 5942.025,,,,,,Iteration 3: SSE = 7020.841,,,,,,Iteration 1: SSE = 14021.06
Iteration 6: SSE = 5940.806,,,,,,Iteration 4: SSE = 6766.142,,,,,,Iteration 2: SSE = 7874.248
,,,,,,Iteration 5: SSE = 6677.435,,,,,,Iteration 3: SSE = 6839.855
Run 54,,,,,,Iteration 6: SSE = 6638.404,,,,,,Iteration 4: SSE = 6672.281
-----,,,,,,Iteration 7: SSE = 6627.202,,,,,,Iteration 5: SSE = 6653.184
Iteration 1: SSE = 13220.31,,,,,,Iteration 8: SSE = 6625.344,,,,,,Iteration 6: SSE = 6648.399
Iteration 2: SSE = 7053.076,,,,,,,,,,,,
Iteration 3: SSE = 6067.503,,,,,,Run 47,,,,,,Run 61
Iteration 4: SSE = 5957.134,,,,,,-----,,,,,,-----
Iteration 5: SSE = 5942.025,,,,,,Iteration 1: SSE = 14090.62,,,,,,Iteration 1: SSE = 14021.06
Iteration 6: SSE = 5940.806,,,,,,Iteration 2: SSE = 7378.981,,,,,,Iteration 2: SSE = 7874.248
,,,,,,Iteration 3: SSE = 6799.095,,,,,,Iteration 3: SSE = 6839.855
Run 55,,,,,,Iteration 4: SSE = 6652.263,,,,,,Iteration 4: SSE = 6672.281
-----,,,,,,Iteration 5: SSE = 6632.19,,,,,,Iteration 5: SSE = 6653.184
Iteration 1: SSE = 13220.31,,,,,,Iteration 6: SSE = 6623.735,,,,,,Iteration 6: SSE = 6648.399
Iteration 2: SSE = 7053.076,,,,,,Iteration 7: SSE = 6622.347,,,,,,
Iteration 3: SSE = 6067.503,,,,,,,,,,,,Run 62
Iteration 4: SSE = 5957.134,,,,,,Run 48,,,,,,-----
Iteration 5: SSE = 5942.025,,,,,,-----,,,,,,Iteration 1: SSE = 14021.06
Iteration 6: SSE = 5940.806,,,,,,Iteration 1: SSE = 14090.62,,,,,,Iteration 2: SSE = 7874.248
,,,,,,Iteration 2: SSE = 7378.981,,,,,,Iteration 3: SSE = 6839.855
Run 56,,,,,,Iteration 3: SSE = 6799.095,,,,,,Iteration 4: SSE = 6672.281
-----,,,,,,Iteration 4: SSE = 6652.263,,,,,,Iteration 5: SSE = 6653.184
Iteration 1: SSE = 13220.31,,,,,,Iteration 5: SSE = 6632.19,,,,,,Iteration 6: SSE = 6648.399
Iteration 2: SSE = 7053.076,,,,,,Iteration 6: SSE = 6623.735,,,,,,
Iteration 3: SSE = 6067.503,,,,,,Iteration 7: SSE = 6622.347,,,,,,Run 63
Iteration 4: SSE = 5957.134,,,,,,,,,,,,-----
Iteration 5: SSE = 5942.025,,,,,,Run 49,,,,,,Iteration 1: SSE = 14021.06
Iteration 6: SSE = 5940.806,,,,,,-----,,,,,,Iteration 2: SSE = 7874.248
,,,,,,Iteration 1: SSE = 14090.62,,,,,,Iteration 3: SSE = 6839.855
Run 57,,,,,,Iteration 2: SSE = 7378.981,,,,,,Iteration 4: SSE = 6672.281
-----,,,,,,Iteration 3: SSE = 6799.095,,,,,,Iteration 5: SSE = 6653.184
Iteration 1: SSE = 13220.31,,,,,,Iteration 4: SSE = 6652.263,,,,,,Iteration 6: SSE = 6648.399
Iteration 2: SSE = 7053.076,,,,,,Iteration 5: SSE = 6632.19,,,,,,
Iteration 3: SSE = 6067.503,,,,,,Iteration 6: SSE = 6623.735,,,,,,Run 64
Iteration 4: SSE = 5957.134,,,,,,Iteration 7: SSE = 6622.347,,,,,,-----
Iteration 5: SSE = 5942.025,,,,,,,,,,,,Iteration 1: SSE = 14021.06
Iteration 6: SSE = 5940.806,,,,,,Run 50,,,,,,Iteration 2: SSE = 7874.248
,,,,,,-----,,,,,,Iteration 3: SSE = 6839.855
Run 58,,,,,,Iteration 1: SSE = 14090.62,,,,,,Iteration 4: SSE = 6672.281
-----,,,,,,Iteration 2: SSE = 7378.981,,,,,,Iteration 5: SSE = 6653.184
Iteration 1: SSE = 13220.31,,,,,,Iteration 3: SSE = 6799.095,,,,,,Iteration 6: SSE = 6648.399
Iteration 2: SSE = 7053.076,,,,,,Iteration 4: SSE = 6652.263,,,,,,
Iteration 3: SSE = 6067.503,,,,,,Iteration 5: SSE = 6632.19,,,,,,Run 65
Iteration 4: SSE = 5957.134,,,,,,Iteration 6: SSE = 6623.735,,,,,,-----
Iteration 5: SSE = 5942.025,,,,,,Iteration 7: SSE = 6622.347,,,,,,Iteration 1: SSE = 14021.06
Iteration 6: SSE = 5940.806,,,,,,,,,,,,Iteration 2: SSE = 7874.248
,,,,,,Run 51,,,,,,Iteration 3: SSE = 6839.855
Run 59,,,,,,-----,,,,,,Iteration 4: SSE = 6672.281
-----,,,,,,Iteration 1: SSE = 14090.62,,,,,,Iteration 5: SSE = 6653.184
Iteration 1: SSE = 13220.31,,,,,,Iteration 2: SSE = 7378.981,,,,,,Iteration 6: SSE = 6648.399
Iteration 2: SSE = 7053.076,,,,,,Iteration 3: SSE = 6799.095,,,,,,
Iteration 3: SSE = 6067.503,,,,,,Iteration 4: SSE = 6652.263,,,,,,Run 66
Iteration 4: SSE = 5957.134,,,,,,Iteration 5: SSE = 6632.19,,,,,,-----
Iteration 5: SSE = 5942.025,,,,,,Iteration 6: SSE = 6623.735,,,,,,Iteration 1: SSE = 14021.06
Iteration 6: SSE = 5940.806,,,,,,Iteration 7: SSE = 6622.347,,,,,,Iteration 2: SSE = 7874.248
,,,,,,,,,,,,Iteration 3: SSE = 6839.855
Run 60,,,,,,Run 52,,,,,,Iteration 4: SSE = 6672.281
-----,,,,,,-----,,,,,,Iteration 5: SSE = 6653.184
Iteration 1: SSE = 13220.31,,,,,,Iteration 1: SSE = 14090.62,,,,,,Iteration 6: SSE = 6648.399
Iteration 2: SSE = 7053.076,,,,,,Iteration 2: SSE = 7378.981,,,,,,
Iteration 3: SSE = 6067.503,,,,,,Iteration 3: SSE = 6799.095,,,,,,Run 67
Iteration 4: SSE = 5957.134,,,,,,Iteration 4: SSE = 6652.263,,,,,,-----
Iteration 5: SSE = 5942.025,,,,,,Iteration 5: SSE = 6632.19,,,,,,Iteration 1: SSE = 14021.06
Iteration 6: SSE = 5940.806,,,,,,Iteration 6: SSE = 6623.735,,,,,,Iteration 2: SSE = 7874.248
,,,,,,Iteration 7: SSE = 6622.347,,,,,,Iteration 3: SSE = 6839.855
Run 61,,,,,,,,,,,,Iteration 4: SSE = 6672.281
-----,,,,,,Run 53,,,,,,Iteration 5: SSE = 6653.184
Iteration 1: SSE = 14009.23,,,,,,-----,,,,,,Iteration 6: SSE = 6648.399
Iteration 2: SSE = 7437.398,,,,,,Iteration 1: SSE = 14090.62,,,,,,
Iteration 3: SSE = 6594.492,,,,,,Iteration 2: SSE = 7378.981,,,,,,Run 68
Iteration 4: SSE = 6028.591,,,,,,Iteration 3: SSE = 6799.095,,,,,,-----
Iteration 5: SSE = 5963.643,,,,,,Iteration 4: SSE = 6652.263,,,,,,Iteration 1: SSE = 14021.06
Iteration 6: SSE = 5951.017,,,,,,Iteration 5: SSE = 6632.19,,,,,,Iteration 2: SSE = 7874.248
Iteration 7: SSE = 5947.719,,,,,,Iteration 6: SSE = 6623.735,,,,,,Iteration 3: SSE = 6839.855
,,,,,,Iteration 7: SSE = 6622.347,,,,,,Iteration 4: SSE = 6672.281
Run 62,,,,,,,,,,,,Iteration 5: SSE = 6653.184
-----,,,,,,Run 54,,,,,,Iteration 6: SSE = 6648.399
Iteration 1: SSE = 14009.23,,,,,,-----,,,,,,
Iteration 2: SSE = 7437.398,,,,,,Iteration 1: SSE = 14090.62,,,,,,Run 69
Iteration 3: SSE = 6594.492,,,,,,Iteration 2: SSE = 7378.981,,,,,,-----
Iteration 4: SSE = 6028.591,,,,,,Iteration 3: SSE = 6799.095,,,,,,Iteration 1: SSE = 14021.06
Iteration 5: SSE = 5963.643,,,,,,Iteration 4: SSE = 6652.263,,,,,,Iteration 2: SSE = 7874.248
Iteration 6: SSE = 5951.017,,,,,,Iteration 5: SSE = 6632.19,,,,,,Iteration 3: SSE = 6839.855
Iteration 7: SSE = 5947.719,,,,,,Iteration 6: SSE = 6623.735,,,,,,Iteration 4: SSE = 6672.281
,,,,,,Iteration 7: SSE = 6622.347,,,,,,Iteration 5: SSE = 6653.184
Run 63,,,,,,,,,,,,Iteration 6: SSE = 6648.399
-----,,,,,,Run 55,,,,,,
Iteration 1: SSE = 14009.23,,,,,,-----,,,,,,Run 70
Iteration 2: SSE = 7437.398,,,,,,Iteration 1: SSE = 14090.62,,,,,,-----
Iteration 3: SSE = 6594.492,,,,,,Iteration 2: SSE = 7378.981,,,,,,Iteration 1: SSE = 13190.82
Iteration 4: SSE = 6028.591,,,,,,Iteration 3: SSE = 6799.095,,,,,,Iteration 2: SSE = 7022.736
Iteration 5: SSE = 5963.643,,,,,,Iteration 4: SSE = 6652.263,,,,,,Iteration 3: SSE = 6887.645
Iteration 6: SSE = 5951.017,,,,,,Iteration 5: SSE = 6632.19,,,,,,Iteration 4: SSE = 6849.512
Iteration 7: SSE = 5947.719,,,,,,Iteration 6: SSE = 6623.735,,,,,,Iteration 5: SSE = 6809.826
,,,,,,Iteration 7: SSE = 6622.347,,,,,,Iteration 6: SSE = 6789.65
Run 64,,,,,,,,,,,,Iteration 7: SSE = 6762.991
-----,,,,,,Run 56,,,,,,Iteration 8: SSE = 6735.344
Iteration 1: SSE = 14009.23,,,,,,-----,,,,,,Iteration 9: SSE = 6704.923
Iteration 2: SSE = 7437.398,,,,,,Iteration 1: SSE = 14090.62,,,,,,Iteration 10: SSE = 6674.078
Iteration 3: SSE = 6594.492,,,,,,Iteration 2: SSE = 7378.981,,,,,,Iteration 11: SSE = 6656.163
Iteration 4: SSE = 6028.591,,,,,,Iteration 3: SSE = 6799.095,,,,,,Iteration 12: SSE = 6643.909
Iteration 5: SSE = 5963.643,,,,,,Iteration 4: SSE = 6652.263,,,,,,Iteration 13: SSE = 6637.248
Iteration 6: SSE = 5951.017,,,,,,Iteration 5: SSE = 6632.19,,,,,,Iteration 14: SSE = 6635.318
Iteration 7: SSE = 5947.719,,,,,,Iteration 6: SSE = 6623.735,,,,,,
,,,,,,Iteration 7: SSE = 6622.347,,,,,,Run 71
Run 65,,,,,,,,,,,,-----
-----,,,,,,Run 57,,,,,,Iteration 1: SSE = 13190.82
Iteration 1: SSE = 14009.23,,,,,,-----,,,,,,Iteration 2: SSE = 7022.736
Iteration 2: SSE = 7437.398,,,,,,Iteration 1: SSE = 14388.43,,,,,,Iteration 3: SSE = 6887.645
Iteration 3: SSE = 6594.492,,,,,,Iteration 2: SSE = 7035.299,,,,,,Iteration 4: SSE = 6849.512
Iteration 4: SSE = 6028.591,,,,,,Iteration 3: SSE = 6752.816,,,,,,Iteration 5: SSE = 6809.826
Iteration 5: SSE = 5963.643,,,,,,Iteration 4: SSE = 6707.507,,,,,,Iteration 6: SSE = 6789.65
Iteration 6: SSE = 5951.017,,,,,,Iteration 5: SSE = 6671.105,,,,,,Iteration 7: SSE = 6762.991
Iteration 7: SSE = 5947.719,,,,,,Iteration 6: SSE = 6642.668,,,,,,Iteration 8: SSE = 6735.344
,,,,,,Iteration 7: SSE = 6638.353,,,,,,Iteration 9: SSE = 6704.923
Run 66,,,,,,,,,,,,Iteration 10: SSE = 6674.078
-----,,,,,,Run 58,,,,,,Iteration 11: SSE = 6656.163
Iteration 1: SSE = 14009.23,,,,,,-----,,,,,,Iteration 12: SSE = 6643.909
Iteration 2: SSE = 7437.398,,,,,,Iteration 1: SSE = 14388.43,,,,,,Iteration 13: SSE = 6637.248
Iteration 3: SSE = 6594.492,,,,,,Iteration 2: SSE = 7035.299,,,,,,Iteration 14: SSE = 6635.318
Iteration 4: SSE = 6028.591,,,,,,Iteration 3: SSE = 6752.816,,,,,,
Iteration 5: SSE = 5963.643,,,,,,Iteration 4: SSE = 6707.507,,,,,,Run 72
Iteration 6: SSE = 5951.017,,,,,,Iteration 5: SSE = 6671.105,,,,,,-----
Iteration 7: SSE = 5947.719,,,,,,Iteration 6: SSE = 6642.668,,,,,,Iteration 1: SSE = 13190.82
,,,,,,Iteration 7: SSE = 6638.353,,,,,,Iteration 2: SSE = 7022.736
Run 67,,,,,,,,,,,,Iteration 3: SSE = 6887.645
-----,,,,,,Run 59,,,,,,Iteration 4: SSE = 6849.512
Iteration 1: SSE = 14009.23,,,,,,-----,,,,,,Iteration 5: SSE = 6809.826
Iteration 2: SSE = 7437.398,,,,,,Iteration 1: SSE = 14388.43,,,,,,Iteration 6: SSE = 6789.65
Iteration 3: SSE = 6594.492,,,,,,Iteration 2: SSE = 7035.299,,,,,,Iteration 7: SSE = 6762.991
Iteration 4: SSE = 6028.591,,,,,,Iteration 3: SSE = 6752.816,,,,,,Iteration 8: SSE = 6735.344
Iteration 5: SSE = 5963.643,,,,,,Iteration 4: SSE = 6707.507,,,,,,Iteration 9: SSE = 6704.923
Iteration 6: SSE = 5951.017,,,,,,Iteration 5: SSE = 6671.105,,,,,,Iteration 10: SSE = 6674.078
Iteration 7: SSE = 5947.719,,,,,,Iteration 6: SSE = 6642.668,,,,,,Iteration 11: SSE = 6656.163
,,,,,,Iteration 7: SSE = 6638.353,,,,,,Iteration 12: SSE = 6643.909
Run 68,,,,,,,,,,,,Iteration 13: SSE = 6637.248
-----,,,,,,Run 60,,,,,,Iteration 14: SSE = 6635.318
Iteration 1: SSE = 14009.23,,,,,,-----,,,,,,
Iteration 2: SSE = 7437.398,,,,,,Iteration 1: SSE = 14388.43,,,,,,Run 73
Iteration 3: SSE = 6594.492,,,,,,Iteration 2: SSE = 7035.299,,,,,,-----
Iteration 4: SSE = 6028.591,,,,,,Iteration 3: SSE = 6752.816,,,,,,Iteration 1: SSE = 13190.82
Iteration 5: SSE = 5963.643,,,,,,Iteration 4: SSE = 6707.507,,,,,,Iteration 2: SSE = 7022.736
Iteration 6: SSE = 5951.017,,,,,,Iteration 5: SSE = 6671.105,,,,,,Iteration 3: SSE = 6887.645
Iteration 7: SSE = 5947.719,,,,,,Iteration 6: SSE = 6642.668,,,,,,Iteration 4: SSE = 6849.512
,,,,,,Iteration 7: SSE = 6638.353,,,,,,Iteration 5: SSE = 6809.826
Run 69,,,,,,,,,,,,Iteration 6: SSE = 6789.65
-----,,,,,,Run 61,,,,,,Iteration 7: SSE = 6762.991
Iteration 1: SSE = 14009.23,,,,,,-----,,,,,,Iteration 8: SSE = 6735.344
Iteration 2: SSE = 7437.398,,,,,,Iteration 1: SSE = 14388.43,,,,,,Iteration 9: SSE = 6704.923
Iteration 3: SSE = 6594.492,,,,,,Iteration 2: SSE = 7035.299,,,,,,Iteration 10: SSE = 6674.078
Iteration 4: SSE = 6028.591,,,,,,Iteration 3: SSE = 6752.816,,,,,,Iteration 11: SSE = 6656.163
Iteration 5: SSE = 5963.643,,,,,,Iteration 4: SSE = 6707.507,,,,,,Iteration 12: SSE = 6643.909
Iteration 6: SSE = 5951.017,,,,,,Iteration 5: SSE = 6671.105,,,,,,Iteration 13: SSE = 6637.248
Iteration 7: SSE = 5947.719,,,,,,Iteration 6: SSE = 6642.668,,,,,,Iteration 14: SSE = 6635.318
,,,,,,Iteration 7: SSE = 6638.353,,,,,,
Run 70,,,,,,,,,,,,Run 74
-----,,,,,,Run 62,,,,,,-----
Iteration 1: SSE = 14009.23,,,,,,-----,,,,,,Iteration 1: SSE = 13190.82
Iteration 2: SSE = 7437.398,,,,,,Iteration 1: SSE = 14388.43,,,,,,Iteration 2: SSE = 7022.736
Iteration 3: SSE = 6594.492,,,,,,Iteration 2: SSE = 7035.299,,,,,,Iteration 3: SSE = 6887.645
Iteration 4: SSE = 6028.591,,,,,,Iteration 3: SSE = 6752.816,,,,,,Iteration 4: SSE = 6849.512
Iteration 5: SSE = 5963.643,,,,,,Iteration 4: SSE = 6707.507,,,,,,Iteration 5: SSE = 6809.826
Iteration 6: SSE = 5951.017,,,,,,Iteration 5: SSE = 6671.105,,,,,,Iteration 6: SSE = 6789.65
Iteration 7: SSE = 5947.719,,,,,,Iteration 6: SSE = 6642.668,,,,,,Iteration 7: SSE = 6762.991
,,,,,,Iteration 7: SSE = 6638.353,,,,,,Iteration 8: SSE = 6735.344
Run 71,,,,,,,,,,,,Iteration 9: SSE = 6704.923
-----,,,,,,Run 63,,,,,,Iteration 10: SSE = 6674.078
Iteration 1: SSE = 14009.23,,,,,,-----,,,,,,Iteration 11: SSE = 6656.163
Iteration 2: SSE = 7437.398,,,,,,Iteration 1: SSE = 14388.43,,,,,,Iteration 12: SSE = 6643.909
Iteration 3: SSE = 6594.492,,,,,,Iteration 2: SSE = 7035.299,,,,,,Iteration 13: SSE = 6637.248
Iteration 4: SSE = 6028.591,,,,,,Iteration 3: SSE = 6752.816,,,,,,Iteration 14: SSE = 6635.318
Iteration 5: SSE = 5963.643,,,,,,Iteration 4: SSE = 6707.507,,,,,,
Iteration 6: SSE = 5951.017,,,,,,Iteration 5: SSE = 6671.105,,,,,,Run 75
Iteration 7: SSE = 5947.719,,,,,,Iteration 6: SSE = 6642.668,,,,,,-----
,,,,,,Iteration 7: SSE = 6638.353,,,,,,Iteration 1: SSE = 14265.93
Run 72,,,,,,,,,,,,Iteration 2: SSE = 7782.128
-----,,,,,,Run 64,,,,,,Iteration 3: SSE = 7100.465
Iteration 1: SSE = 14603.18,,,,,,-----,,,,,,Iteration 4: SSE = 6891.452
Iteration 2: SSE = 7461.595,,,,,,Iteration 1: SSE = 14388.43,,,,,,Iteration 5: SSE = 6829.194
Iteration 3: SSE = 6891.128,,,,,,Iteration 2: SSE = 7035.299,,,,,,Iteration 6: SSE = 6799.731
Iteration 4: SSE = 6682.42,,,,,,Iteration 3: SSE = 6752.816,,,,,,Iteration 7: SSE = 6778.971
Iteration 5: SSE = 6641.592,,,,,,Iteration 4: SSE = 6707.507,,,,,,Iteration 8: SSE = 6765.46
Iteration 6: SSE = 6628.181,,,,,,Iteration 5: SSE = 6671.105,,,,,,Iteration 9: SSE = 6753.302
Iteration 7: SSE = 6625.626,,,,,,Iteration 6: SSE = 6642.668,,,,,,Iteration 10: SSE = 6739.9
,,,,,,Iteration 7: SSE = 6638.353,,,,,,Iteration 11: SSE = 6734.321
Run 73,,,,,,,,,,,,
-----,,,,,,Run 65,,,,,,Run 76
Iteration 1: SSE = 14603.18,,,,,,-----,,,,,,-----
Iteration 2: SSE = 7461.595,,,,,,Iteration 1: SSE = 14388.43,,,,,,Iteration 1: SSE = 14265.93
Iteration 3: SSE = 6891.128,,,,,,Iteration 2: SSE = 7035.299,,,,,,Iteration 2: SSE = 7782.128
Iteration 4: SSE = 6682.42,,,,,,Iteration 3: SSE = 6752.816,,,,,,Iteration 3: SSE = 7100.465
Iteration 5: SSE = 6641.592,,,,,,Iteration 4: SSE = 6707.507,,,,,,Iteration 4: SSE = 6891.452
Iteration 6: SSE = 6628.181,,,,,,Iteration 5: SSE = 6671.105,,,,,,Iteration 5: SSE = 6829.194
Iteration 7: SSE = 6625.626,,,,,,Iteration 6: SSE = 6642.668,,,,,,Iteration 6: SSE = 6799.731
,,,,,,Iteration 7: SSE = 6638.353,,,,,,Iteration 7: SSE = 6778.971
Run 74,,,,,,,,,,,,Iteration 8: SSE = 6765.46
-----,,,,,,Run 66,,,,,,Iteration 9: SSE = 6753.302
Iteration 1: SSE = 14603.18,,,,,,-----,,,,,,Iteration 10: SSE = 6739.9
Iteration 2: SSE = 7461.595,,,,,,Iteration 1: SSE = 14388.43,,,,,,Iteration 11: SSE = 6734.321
Iteration 3: SSE = 6891.128,,,,,,Iteration 2: SSE = 7035.299,,,,,,
Iteration 4: SSE = 6682.42,,,,,,Iteration 3: SSE = 6752.816,,,,,,Run 77
Iteration 5: SSE = 6641.592,,,,,,Iteration 4: SSE = 6707.507,,,,,,-----
Iteration 6: SSE = 6628.181,,,,,,Iteration 5: SSE = 6671.105,,,,,,Iteration 1: SSE = 14265.93
Iteration 7: SSE = 6625.626,,,,,,Iteration 6: SSE = 6642.668,,,,,,Iteration 2: SSE = 7782.128
,,,,,,Iteration 7: SSE = 6638.353,,,,,,Iteration 3: SSE = 7100.465
Run 75,,,,,,,,,,,,Iteration 4: SSE = 6891.452
-----,,,,,,Run 67,,,,,,Iteration 5: SSE = 6829.194
Iteration 1: SSE = 14603.18,,,,,,-----,,,,,,Iteration 6: SSE = 6799.731
Iteration 2: SSE = 7461.595,,,,,,Iteration 1: SSE = 14388.43,,,,,,Iteration 7: SSE = 6778.971
Iteration 3: SSE = 6891.128,,,,,,Iteration 2: SSE = 7035.299,,,,,,Iteration 8: SSE = 6765.46
Iteration 4: SSE = 6682.42,,,,,,Iteration 3: SSE = 6752.816,,,,,,Iteration 9: SSE = 6753.302
Iteration 5: SSE = 6641.592,,,,,,Iteration 4: SSE = 6707.507,,,,,,Iteration 10: SSE = 6739.9
Iteration 6: SSE = 6628.181,,,,,,Iteration 5: SSE = 6671.105,,,,,,Iteration 11: SSE = 6734.321
Iteration 7: SSE = 6625.626,,,,,,Iteration 6: SSE = 6642.668,,,,,,
,,,,,,Iteration 7: SSE = 6638.353,,,,,,Run 78
Run 76,,,,,,,,,,,,-----
-----,,,,,,Run 68,,,,,,Iteration 1: SSE = 14265.93
Iteration 1: SSE = 14603.18,,,,,,-----,,,,,,Iteration 2: SSE = 7782.128
Iteration 2: SSE = 7461.595,,,,,,Iteration 1: SSE = 13485.83,,,,,,Iteration 3: SSE = 7100.465
Iteration 3: SSE = 6891.128,,,,,,Iteration 2: SSE = 7593.687,,,,,,Iteration 4: SSE = 6891.452
Iteration 4: SSE = 6682.42,,,,,,Iteration 3: SSE = 7172.826,,,,,,Iteration 5: SSE = 6829.194
Iteration 5: SSE = 6641.592,,,,,,Iteration 4: SSE = 6964.922,,,,,,Iteration 6: SSE = 6799.731
Iteration 6: SSE = 6628.181,,,,,,Iteration 5: SSE = 6789.491,,,,,,Iteration 7: SSE = 6778.971
Iteration 7: SSE = 6625.626,,,,,,Iteration 6: SSE = 6716.286,,,,,,Iteration 8: SSE = 6765.46
,,,,,,Iteration 7: SSE = 6691.777,,,,,,Iteration 9: SSE = 6753.302
Run 77,,,,,,Iteration 8: SSE = 6681.024,,,,,,Iteration 10: SSE = 6739.9
-----,,,,,,Iteration 9: SSE = 6676.715,,,,,,Iteration 11: SSE = 6734.321
Iteration 1: SSE = 14603.18,,,,,,,,,,,,
Iteration 2: SSE = 7461.595,,,,,,Run 69,,,,,,Run 79
Iteration 3: SSE = 6891.128,,,,,,-----,,,,,,-----
Iteration 4: SSE = 6682.42,,,,,,Iteration 1: SSE = 13485.83,,,,,,Iteration 1: SSE = 14265.93
Iteration 5: SSE = 6641.592,,,,,,Iteration 2: SSE = 7593.687,,,,,,Iteration 2: SSE = 7782.128
Iteration 6: SSE = 6628.181,,,,,,Iteration 3: SSE = 7172.826,,,,,,Iteration 3: SSE = 7100.465
Iteration 7: SSE = 6625.626,,,,,,Iteration 4: SSE = 6964.922,,,,,,Iteration 4: SSE = 6891.452
,,,,,,Iteration 5: SSE = 6789.491,,,,,,Iteration 5: SSE = 6829.194
Run 78,,,,,,Iteration 6: SSE = 6716.286,,,,,,Iteration 6: SSE = 6799.731
-----,,,,,,Iteration 7: SSE = 6691.777,,,,,,Iteration 7: SSE = 6778.971
Iteration 1: SSE = 14603.18,,,,,,Iteration 8: SSE = 6681.024,,,,,,Iteration 8: SSE = 6765.46
Iteration 2: SSE = 7461.595,,,,,,Iteration 9: SSE = 6676.715,,,,,,Iteration 9: SSE = 6753.302
Iteration 3: SSE = 6891.128,,,,,,,,,,,,Iteration 10: SSE = 6739.9
Iteration 4: SSE = 6682.42,,,,,,Run 70,,,,,,Iteration 11: SSE = 6734.321
Iteration 5: SSE = 6641.592,,,,,,-----,,,,,,
Iteration 6: SSE = 6628.181,,,,,,Iteration 1: SSE = 13485.83,,,,,,Run 80
Iteration 7: SSE = 6625.626,,,,,,Iteration 2: SSE = 7593.687,,,,,,-----
,,,,,,Iteration 3: SSE = 7172.826,,,,,,Iteration 1: SSE = 14265.93
Run 79,,,,,,Iteration 4: SSE = 6964.922,,,,,,Iteration 2: SSE = 7782.128
-----,,,,,,Iteration 5: SSE = 6789.491,,,,,,Iteration 3: SSE = 7100.465
Iteration 1: SSE = 14603.18,,,,,,Iteration 6: SSE = 6716.286,,,,,,Iteration 4: SSE = 6891.452
Iteration 2: SSE = 7461.595,,,,,,Iteration 7: SSE = 6691.777,,,,,,Iteration 5: SSE = 6829.194
Iteration 3: SSE = 6891.128,,,,,,Iteration 8: SSE = 6681.024,,,,,,Iteration 6: SSE = 6799.731
Iteration 4: SSE = 6682.42,,,,,,Iteration 9: SSE = 6676.715,,,,,,Iteration 7: SSE = 6778.971
Iteration 5: SSE = 6641.592,,,,,,,,,,,,Iteration 8: SSE = 6765.46
Iteration 6: SSE = 6628.181,,,,,,Run 71,,,,,,Iteration 9: SSE = 6753.302
Iteration 7: SSE = 6625.626,,,,,,-----,,,,,,Iteration 10: SSE = 6739.9
,,,,,,Iteration 1: SSE = 13485.83,,,,,,Iteration 11: SSE = 6734.321
Run 80,,,,,,Iteration 2: SSE = 7593.687,,,,,,
-----,,,,,,Iteration 3: SSE = 7172.826,,,,,,Run 81
Iteration 1: SSE = 14603.18,,,,,,Iteration 4: SSE = 6964.922,,,,,,-----
Iteration 2: SSE = 7461.595,,,,,,Iteration 5: SSE = 6789.491,,,,,,Iteration 1: SSE = 14265.93
Iteration 3: SSE = 6891.128,,,,,,Iteration 6: SSE = 6716.286,,,,,,Iteration 2: SSE = 7782.128
Iteration 4: SSE = 6682.42,,,,,,Iteration 7: SSE = 6691.777,,,,,,Iteration 3: SSE = 7100.465
Iteration 5: SSE = 6641.592,,,,,,Iteration 8: SSE = 6681.024,,,,,,Iteration 4: SSE = 6891.452
Iteration 6: SSE = 6628.181,,,,,,Iteration 9: SSE = 6676.715,,,,,,Iteration 5: SSE = 6829.194
Iteration 7: SSE = 6625.626,,,,,,,,,,,,Iteration 6: SSE = 6799.731
,,,,,,Run 72,,,,,,Iteration 7: SSE = 6778.971
Run 81,,,,,,-----,,,,,,Iteration 8: SSE = 6765.46
-----,,,,,,Iteration 1: SSE = 13485.83,,,,,,Iteration 9: SSE = 6753.302
Iteration 1: SSE = 14603.18,,,,,,Iteration 2: SSE = 7593.687,,,,,,Iteration 10: SSE = 6739.9
Iteration 2: SSE = 7461.595,,,,,,Iteration 3: SSE = 7172.826,,,,,,Iteration 11: SSE = 6734.321
Iteration 3: SSE = 6891.128,,,,,,Iteration 4: SSE = 6964.922,,,,,,
Iteration 4: SSE = 6682.42,,,,,,Iteration 5: SSE = 6789.491,,,,,,Run 82
Iteration 5: SSE = 6641.592,,,,,,Iteration 6: SSE = 6716.286,,,,,,-----
Iteration 6: SSE = 6628.181,,,,,,Iteration 7: SSE = 6691.777,,,,,,Iteration 1: SSE = 13601.15
Iteration 7: SSE = 6625.626,,,,,,Iteration 8: SSE = 6681.024,,,,,,Iteration 2: SSE = 7759.017
,,,,,,Iteration 9: SSE = 6676.715,,,,,,Iteration 3: SSE = 6788.847
Run 82,,,,,,,,,,,,Iteration 4: SSE = 6350.333
-----,,,,,,Run 73,,,,,,Iteration 5: SSE = 6119.616
Iteration 1: SSE = 14603.18,,,,,,-----,,,,,,Iteration 6: SSE = 5994.535
Iteration 2: SSE = 7461.595,,,,,,Iteration 1: SSE = 13485.83,,,,,,Iteration 7: SSE = 5954.989
Iteration 3: SSE = 6891.128,,,,,,Iteration 2: SSE = 7593.687,,,,,,Iteration 8: SSE = 5945.24
Iteration 4: SSE = 6682.42,,,,,,Iteration 3: SSE = 7172.826,,,,,,Iteration 9: SSE = 5942.463
Iteration 5: SSE = 6641.592,,,,,,Iteration 4: SSE = 6964.922,,,,,,
Iteration 6: SSE = 6628.181,,,,,,Iteration 5: SSE = 6789.491,,,,,,Run 83
Iteration 7: SSE = 6625.626,,,,,,Iteration 6: SSE = 6716.286,,,,,,-----
,,,,,,Iteration 7: SSE = 6691.777,,,,,,Iteration 1: SSE = 13601.15
Run 83,,,,,,Iteration 8: SSE = 6681.024,,,,,,Iteration 2: SSE = 7759.017
-----,,,,,,Iteration 9: SSE = 6676.715,,,,,,Iteration 3: SSE = 6788.847
Iteration 1: SSE = 13877.83,,,,,,,,,,,,Iteration 4: SSE = 6350.333
Iteration 2: SSE = 7040.131,,,,,,Run 74,,,,,,Iteration 5: SSE = 6119.616
Iteration 3: SSE = 6787.405,,,,,,-----,,,,,,Iteration 6: SSE = 5994.535
Iteration 4: SSE = 6717.92,,,,,,Iteration 1: SSE = 13485.83,,,,,,Iteration 7: SSE = 5954.989
Iteration 5: SSE = 6701.172,,,,,,Iteration 2: SSE = 7593.687,,,,,,Iteration 8: SSE = 5945.24
Iteration 6: SSE = 6686.612,,,,,,Iteration 3: SSE = 7172.826,,,,,,Iteration 9: SSE = 5942.463
Iteration 7: SSE = 6674.073,,,,,,Iteration 4: SSE = 6964.922,,,,,,
Iteration 8: SSE = 6658.875,,,,,,Iteration 5: SSE = 6789.491,,,,,,Run 84
Iteration 9: SSE = 6651.258,,,,,,Iteration 6: SSE = 6716.286,,,,,,-----
Iteration 10: SSE = 6649.184,,,,,,Iteration 7: SSE = 6691.777,,,,,,Iteration 1: SSE = 13601.15
,,,,,,Iteration 8: SSE = 6681.024,,,,,,Iteration 2: SSE = 7759.017
Run 84,,,,,,Iteration 9: SSE = 6676.715,,,,,,Iteration 3: SSE = 6788.847
-----,,,,,,,,,,,,Iteration 4: SSE = 6350.333
Iteration 1: SSE = 13877.83,,,,,,Run 75,,,,,,Iteration 5: SSE = 6119.616
Iteration 2: SSE = 7040.131,,,,,,-----,,,,,,Iteration 6: SSE = 5994.535
Iteration 3: SSE = 6787.405,,,,,,Iteration 1: SSE = 13485.83,,,,,,Iteration 7: SSE = 5954.989
Iteration 4: SSE = 6717.92,,,,,,Iteration 2: SSE = 7593.687,,,,,,Iteration 8: SSE = 5945.24
Iteration 5: SSE = 6701.172,,,,,,Iteration 3: SSE = 7172.826,,,,,,Iteration 9: SSE = 5942.463
Iteration 6: SSE = 6686.612,,,,,,Iteration 4: SSE = 6964.922,,,,,,
Iteration 7: SSE = 6674.073,,,,,,Iteration 5: SSE = 6789.491,,,,,,Run 85
Iteration 8: SSE = 6658.875,,,,,,Iteration 6: SSE = 6716.286,,,,,,-----
Iteration 9: SSE = 6651.258,,,,,,Iteration 7: SSE = 6691.777,,,,,,Iteration 1: SSE = 13601.15
Iteration 10: SSE = 6649.184,,,,,,Iteration 8: SSE = 6681.024,,,,,,Iteration 2: SSE = 7759.017
,,,,,,Iteration 9: SSE = 6676.715,,,,,,Iteration 3: SSE = 6788.847
Run 85,,,,,,,,,,,,Iteration 4: SSE = 6350.333
-----,,,,,,Run 76,,,,,,Iteration 5: SSE = 6119.616
Iteration 1: SSE = 13877.83,,,,,,-----,,,,,,Iteration 6: SSE = 5994.535
Iteration 2: SSE = 7040.131,,,,,,Iteration 1: SSE = 14041.16,,,,,,Iteration 7: SSE = 5954.989
Iteration 3: SSE = 6787.405,,,,,,Iteration 2: SSE = 7008.27,,,,,,Iteration 8: SSE = 5945.24
Iteration 4: SSE = 6717.92,,,,,,Iteration 3: SSE = 6764.132,,,,,,Iteration 9: SSE = 5942.463
Iteration 5: SSE = 6701.172,,,,,,Iteration 4: SSE = 6685.306,,,,,,
Iteration 6: SSE = 6686.612,,,,,,Iteration 5: SSE = 6656.513,,,,,,Run 86
Iteration 7: SSE = 6674.073,,,,,,Iteration 6: SSE = 6640.018,,,,,,-----
Iteration 8: SSE = 6658.875,,,,,,Iteration 7: SSE = 6636.555,,,,,,Iteration 1: SSE = 13601.15
Iteration 9: SSE = 6651.258,,,,,,,,,,,,Iteration 2: SSE = 7759.017
Iteration 10: SSE = 6649.184,,,,,,Run 77,,,,,,Iteration 3: SSE = 6788.847
,,,,,,-----,,,,,,Iteration 4: SSE = 6350.333
Run 86,,,,,,Iteration 1: SSE = 14041.16,,,,,,Iteration 5: SSE = 6119.616
-----,,,,,,Iteration 2: SSE = 7008.27,,,,,,Iteration 6: SSE = 5994.535
Iteration 1: SSE = 13877.83,,,,,,Iteration 3: SSE = 6764.132,,,,,,Iteration 7: SSE = 5954.989
Iteration 2: SSE = 7040.131,,,,,,Iteration 4: SSE = 6685.306,,,,,,Iteration 8: SSE = 5945.24
Iteration 3: SSE = 6787.405,,,,,,Iteration 5: SSE = 6656.513,,,,,,Iteration 9: SSE = 5942.463
Iteration 4: SSE = 6717.92,,,,,,Iteration 6: SSE = 6640.018,,,,,,
Iteration 5: SSE = 6701.172,,,,,,Iteration 7: SSE = 6636.555,,,,,,Run 87
Iteration 6: SSE = 6686.612,,,,,,,,,,,,-----
Iteration 7: SSE = 6674.073,,,,,,Run 78,,,,,,Iteration 1: SSE = 13601.15
Iteration 8: SSE = 6658.875,,,,,,-----,,,,,,Iteration 2: SSE = 7759.017
Iteration 9: SSE = 6651.258,,,,,,Iteration 1: SSE = 14041.16,,,,,,Iteration 3: SSE = 6788.847
Iteration 10: SSE = 6649.184,,,,,,Iteration 2: SSE = 7008.27,,,,,,Iteration 4: SSE = 6350.333
,,,,,,Iteration 3: SSE = 6764.132,,,,,,Iteration 5: SSE = 6119.616
Run 87,,,,,,Iteration 4: SSE = 6685.306,,,,,,Iteration 6: SSE = 5994.535
-----,,,,,,Iteration 5: SSE = 6656.513,,,,,,Iteration 7: SSE = 5954.989
Iteration 1: SSE = 13877.83,,,,,,Iteration 6: SSE = 6640.018,,,,,,Iteration 8: SSE = 5945.24
Iteration 2: SSE = 7040.131,,,,,,Iteration 7: SSE = 6636.555,,,,,,Iteration 9: SSE = 5942.463
Iteration 3: SSE = 6787.405,,,,,,,,,,,,
Iteration 4: SSE = 6717.92,,,,,,Run 79,,,,,,Run 88
Iteration 5: SSE = 6701.172,,,,,,-----,,,,,,-----
Iteration 6: SSE = 6686.612,,,,,,Iteration 1: SSE = 14041.16,,,,,,Iteration 1: SSE = 13601.15
Iteration 7: SSE = 6674.073,,,,,,Iteration 2: SSE = 7008.27,,,,,,Iteration 2: SSE = 7759.017
Iteration 8: SSE = 6658.875,,,,,,Iteration 3: SSE = 6764.132,,,,,,Iteration 3: SSE = 6788.847
Iteration 9: SSE = 6651.258,,,,,,Iteration 4: SSE = 6685.306,,,,,,Iteration 4: SSE = 6350.333
Iteration 10: SSE = 6649.184,,,,,,Iteration 5: SSE = 6656.513,,,,,,Iteration 5: SSE = 6119.616
,,,,,,Iteration 6: SSE = 6640.018,,,,,,Iteration 6: SSE = 5994.535
Run 88,,,,,,Iteration 7: SSE = 6636.555,,,,,,Iteration 7: SSE = 5954.989
-----,,,,,,,,,,,,Iteration 8: SSE = 5945.24
Iteration 1: SSE = 13877.83,,,,,,Run 80,,,,,,Iteration 9: SSE = 5942.463
Iteration 2: SSE = 7040.131,,,,,,-----,,,,,,
Iteration 3: SSE = 6787.405,,,,,,Iteration 1: SSE = 14041.16,,,,,,Run 89
Iteration 4: SSE = 6717.92,,,,,,Iteration 2: SSE = 7008.27,,,,,,-----
Iteration 5: SSE = 6701.172,,,,,,Iteration 3: SSE = 6764.132,,,,,,Iteration 1: SSE = 13601.15
Iteration 6: SSE = 6686.612,,,,,,Iteration 4: SSE = 6685.306,,,,,,Iteration 2: SSE = 7759.017
Iteration 7: SSE = 6674.073,,,,,,Iteration 5: SSE = 6656.513,,,,,,Iteration 3: SSE = 6788.847
Iteration 8: SSE = 6658.875,,,,,,Iteration 6: SSE = 6640.018,,,,,,Iteration 4: SSE = 6350.333
Iteration 9: SSE = 6651.258,,,,,,Iteration 7: SSE = 6636.555,,,,,,Iteration 5: SSE = 6119.616
Iteration 10: SSE = 6649.184,,,,,,,,,,,,Iteration 6: SSE = 5994.535
,,,,,,Run 81,,,,,,Iteration 7: SSE = 5954.989
Run 89,,,,,,-----,,,,,,Iteration 8: SSE = 5945.24
-----,,,,,,Iteration 1: SSE = 14041.16,,,,,,Iteration 9: SSE = 5942.463
Iteration 1: SSE = 13877.83,,,,,,Iteration 2: SSE = 7008.27,,,,,,
Iteration 2: SSE = 7040.131,,,,,,Iteration 3: SSE = 6764.132,,,,,,Run 90
Iteration 3: SSE = 6787.405,,,,,,Iteration 4: SSE = 6685.306,,,,,,-----
Iteration 4: SSE = 6717.92,,,,,,Iteration 5: SSE = 6656.513,,,,,,Iteration 1: SSE = 13601.15
Iteration 5: SSE = 6701.172,,,,,,Iteration 6: SSE = 6640.018,,,,,,Iteration 2: SSE = 7759.017
Iteration 6: SSE = 6686.612,,,,,,Iteration 7: SSE = 6636.555,,,,,,Iteration 3: SSE = 6788.847
Iteration 7: SSE = 6674.073,,,,,,,,,,,,Iteration 4: SSE = 6350.333
Iteration 8: SSE = 6658.875,,,,,,Run 82,,,,,,Iteration 5: SSE = 6119.616
Iteration 9: SSE = 6651.258,,,,,,-----,,,,,,Iteration 6: SSE = 5994.535
Iteration 10: SSE = 6649.184,,,,,,Iteration 1: SSE = 14041.16,,,,,,Iteration 7: SSE = 5954.989
,,,,,,Iteration 2: SSE = 7008.27,,,,,,Iteration 8: SSE = 5945.24
Run 90,,,,,,Iteration 3: SSE = 6764.132,,,,,,Iteration 9: SSE = 5942.463
-----,,,,,,Iteration 4: SSE = 6685.306,,,,,,
Iteration 1: SSE = 13921.54,,,,,,Iteration 5: SSE = 6656.513,,,,,,Run 91
Iteration 2: SSE = 7721.564,,,,,,Iteration 6: SSE = 6640.018,,,,,,-----
Iteration 3: SSE = 7308.146,,,,,,Iteration 7: SSE = 6636.555,,,,,,Iteration 1: SSE = 14370.78
Iteration 4: SSE = 6882.72,,,,,,,,,,,,Iteration 2: SSE = 7693.591
Iteration 5: SSE = 6701.517,,,,,,Run 83,,,,,,Iteration 3: SSE = 7303.227
Iteration 6: SSE = 6650.662,,,,,,-----,,,,,,Iteration 4: SSE = 7184.036
Iteration 7: SSE = 6629.978,,,,,,Iteration 1: SSE = 14041.16,,,,,,Iteration 5: SSE = 7028.604
Iteration 8: SSE = 6626.49,,,,,,Iteration 2: SSE = 7008.27,,,,,,Iteration 6: SSE = 6910.324
,,,,,,Iteration 3: SSE = 6764.132,,,,,,Iteration 7: SSE = 6824.959
Run 91,,,,,,Iteration 4: SSE = 6685.306,,,,,,Iteration 8: SSE = 6756.205
-----,,,,,,Iteration 5: SSE = 6656.513,,,,,,Iteration 9: SSE = 6696.535
Iteration 1: SSE = 13921.54,,,,,,Iteration 6: SSE = 6640.018,,,,,,Iteration 10: SSE = 6657.261
Iteration 2: SSE = 7721.564,,,,,,Iteration 7: SSE = 6636.555,,,,,,Iteration 11: SSE = 6634.657
Iteration 3: SSE = 7308.146,,,,,,,,,,,,Iteration 12: SSE = 6627.839
Iteration 4: SSE = 6882.72,,,,,,Run 84,,,,,,Iteration 13: SSE = 6626.378
Iteration 5: SSE = 6701.517,,,,,,-----,,,,,,
Iteration 6: SSE = 6650.662,,,,,,Iteration 1: SSE = 14041.16,,,,,,Run 92
Iteration 7: SSE = 6629.978,,,,,,Iteration 2: SSE = 7008.27,,,,,,-----
Iteration 8: SSE = 6626.49,,,,,,Iteration 3: SSE = 6764.132,,,,,,Iteration 1: SSE = 14370.78
,,,,,,Iteration 4: SSE = 6685.306,,,,,,Iteration 2: SSE = 7693.591
Run 92,,,,,,Iteration 5: SSE = 6656.513,,,,,,Iteration 3: SSE = 7303.227
-----,,,,,,Iteration 6: SSE = 6640.018,,,,,,Iteration 4: SSE = 7184.036
Iteration 1: SSE = 13921.54,,,,,,Iteration 7: SSE = 6636.555,,,,,,Iteration 5: SSE = 7028.604
Iteration 2: SSE = 7721.564,,,,,,,,,,,,Iteration 6: SSE = 6910.324
Iteration 3: SSE = 7308.146,,,,,,Run 85,,,,,,Iteration 7: SSE = 6824.959
Iteration 4: SSE = 6882.72,,,,,,-----,,,,,,Iteration 8: SSE = 6756.205
Iteration 5: SSE = 6701.517,,,,,,Iteration 1: SSE = 14041.16,,,,,,Iteration 9: SSE = 6696.535
Iteration 6: SSE = 6650.662,,,,,,Iteration 2: SSE = 7008.27,,,,,,Iteration 10: SSE = 6657.261
Iteration 7: SSE = 6629.978,,,,,,Iteration 3: SSE = 6764.132,,,,,,Iteration 11: SSE = 6634.657
Iteration 8: SSE = 6626.49,,,,,,Iteration 4: SSE = 6685.306,,,,,,Iteration 12: SSE = 6627.839
,,,,,,Iteration 5: SSE = 6656.513,,,,,,Iteration 13: SSE = 6626.378
Run 93,,,,,,Iteration 6: SSE = 6640.018,,,,,,
-----,,,,,,Iteration 7: SSE = 6636.555,,,,,,Run 93
Iteration 1: SSE = 13921.54,,,,,,,,,,,,-----
Iteration 2: SSE = 7721.564,,,,,,Run 86,,,,,,Iteration 1: SSE = 14370.78
Iteration 3: SSE = 7308.146,,,,,,-----,,,,,,Iteration 2: SSE = 7693.591
Iteration 4: SSE = 6882.72,,,,,,Iteration 1: SSE = 13871.42,,,,,,Iteration 3: SSE = 7303.227
Iteration 5: SSE = 6701.517,,,,,,Iteration 2: SSE = 7426.198,,,,,,Iteration 4: SSE = 7184.036
Iteration 6: SSE = 6650.662,,,,,,Iteration 3: SSE = 6292.942,,,,,,Iteration 5: SSE = 7028.604
Iteration 7: SSE = 6629.978,,,,,,Iteration 4: SSE = 5979.748,,,,,,Iteration 6: SSE = 6910.324
Iteration 8: SSE = 6626.49,,,,,,Iteration 5: SSE = 5946.875,,,,,,Iteration 7: SSE = 6824.959
,,,,,,Iteration 6: SSE = 5943.745,,,,,,Iteration 8: SSE = 6756.205
Run 94,,,,,,,,,,,,Iteration 9: SSE = 6696.535
-----,,,,,,Run 87,,,,,,Iteration 10: SSE = 6657.261
Iteration 1: SSE = 13921.54,,,,,,-----,,,,,,Iteration 11: SSE = 6634.657
Iteration 2: SSE = 7721.564,,,,,,Iteration 1: SSE = 13871.42,,,,,,Iteration 12: SSE = 6627.839
Iteration 3: SSE = 7308.146,,,,,,Iteration 2: SSE = 7426.198,,,,,,Iteration 13: SSE = 6626.378
Iteration 4: SSE = 6882.72,,,,,,Iteration 3: SSE = 6292.942,,,,,,
Iteration 5: SSE = 6701.517,,,,,,Iteration 4: SSE = 5979.748,,,,,,Run 94
Iteration 6: SSE = 6650.662,,,,,,Iteration 5: SSE = 5946.875,,,,,,-----
Iteration 7: SSE = 6629.978,,,,,,Iteration 6: SSE = 5943.745,,,,,,Iteration 1: SSE = 14370.78
Iteration 8: SSE = 6626.49,,,,,,,,,,,,Iteration 2: SSE = 7693.591
,,,,,,Run 88,,,,,,Iteration 3: SSE = 7303.227
Run 95,,,,,,-----,,,,,,Iteration 4: SSE = 7184.036
-----,,,,,,Iteration 1: SSE = 13871.42,,,,,,Iteration 5: SSE = 7028.604
Iteration 1: SSE = 13921.54,,,,,,Iteration 2: SSE = 7426.198,,,,,,Iteration 6: SSE = 6910.324
Iteration 2: SSE = 7721.564,,,,,,Iteration 3: SSE = 6292.942,,,,,,Iteration 7: SSE = 6824.959
Iteration 3: SSE = 7308.146,,,,,,Iteration 4: SSE = 5979.748,,,,,,Iteration 8: SSE = 6756.205
Iteration 4: SSE = 6882.72,,,,,,Iteration 5: SSE = 5946.875,,,,,,Iteration 9: SSE = 6696.535
Iteration 5: SSE = 6701.517,,,,,,Iteration 6: SSE = 5943.745,,,,,,Iteration 10: SSE = 6657.261
Iteration 6: SSE = 6650.662,,,,,,,,,,,,Iteration 11: SSE = 6634.657
Iteration 7: SSE = 6629.978,,,,,,Run 89,,,,,,Iteration 12: SSE = 6627.839
Iteration 8: SSE = 6626.49,,,,,,-----,,,,,,Iteration 13: SSE = 6626.378
,,,,,,Iteration 1: SSE = 13871.42,,,,,,
Run 96,,,,,,Iteration 2: SSE = 7426.198,,,,,,Run 95
-----,,,,,,Iteration 3: SSE = 6292.942,,,,,,-----
Iteration 1: SSE = 13921.54,,,,,,Iteration 4: SSE = 5979.748,,,,,,Iteration 1: SSE = 14370.78
Iteration 2: SSE = 7721.564,,,,,,Iteration 5: SSE = 5946.875,,,,,,Iteration 2: SSE = 7693.591
Iteration 3: SSE = 7308.146,,,,,,Iteration 6: SSE = 5943.745,,,,,,Iteration 3: SSE = 7303.227
Iteration 4: SSE = 6882.72,,,,,,,,,,,,Iteration 4: SSE = 7184.036
Iteration 5: SSE = 6701.517,,,,,,Run 90,,,,,,Iteration 5: SSE = 7028.604
Iteration 6: SSE = 6650.662,,,,,,-----,,,,,,Iteration 6: SSE = 6910.324
Iteration 7: SSE = 6629.978,,,,,,Iteration 1: SSE = 13871.42,,,,,,Iteration 7: SSE = 6824.959
Iteration 8: SSE = 6626.49,,,,,,Iteration 2: SSE = 7426.198,,,,,,Iteration 8: SSE = 6756.205
,,,,,,Iteration 3: SSE = 6292.942,,,,,,Iteration 9: SSE = 6696.535
Run 97,,,,,,Iteration 4: SSE = 5979.748,,,,,,Iteration 10: SSE = 6657.261
-----,,,,,,Iteration 5: SSE = 5946.875,,,,,,Iteration 11: SSE = 6634.657
Iteration 1: SSE = 13921.54,,,,,,Iteration 6: SSE = 5943.745,,,,,,Iteration 12: SSE = 6627.839
Iteration 2: SSE = 7721.564,,,,,,,,,,,,Iteration 13: SSE = 6626.378
Iteration 3: SSE = 7308.146,,,,,,Run 91,,,,,,
Iteration 4: SSE = 6882.72,,,,,,-----,,,,,,Run 96
Iteration 5: SSE = 6701.517,,,,,,Iteration 1: SSE = 13871.42,,,,,,-----
Iteration 6: SSE = 6650.662,,,,,,Iteration 2: SSE = 7426.198,,,,,,Iteration 1: SSE = 14370.78
Iteration 7: SSE = 6629.978,,,,,,Iteration 3: SSE = 6292.942,,,,,,Iteration 2: SSE = 7693.591
Iteration 8: SSE = 6626.49,,,,,,Iteration 4: SSE = 5979.748,,,,,,Iteration 3: SSE = 7303.227
,,,,,,Iteration 5: SSE = 5946.875,,,,,,Iteration 4: SSE = 7184.036
Run 98,,,,,,Iteration 6: SSE = 5943.745,,,,,,Iteration 5: SSE = 7028.604
-----,,,,,,,,,,,,Iteration 6: SSE = 6910.324
Iteration 1: SSE = 13921.54,,,,,,Run 92,,,,,,Iteration 7: SSE = 6824.959
Iteration 2: SSE = 7721.564,,,,,,-----,,,,,,Iteration 8: SSE = 6756.205
Iteration 3: SSE = 7308.146,,,,,,Iteration 1: SSE = 13871.42,,,,,,Iteration 9: SSE = 6696.535
Iteration 4: SSE = 6882.72,,,,,,Iteration 2: SSE = 7426.198,,,,,,Iteration 10: SSE = 6657.261
Iteration 5: SSE = 6701.517,,,,,,Iteration 3: SSE = 6292.942,,,,,,Iteration 11: SSE = 6634.657
Iteration 6: SSE = 6650.662,,,,,,Iteration 4: SSE = 5979.748,,,,,,Iteration 12: SSE = 6627.839
Iteration 7: SSE = 6629.978,,,,,,Iteration 5: SSE = 5946.875,,,,,,Iteration 13: SSE = 6626.378
Iteration 8: SSE = 6626.49,,,,,,Iteration 6: SSE = 5943.745,,,,,,
,,,,,,,,,,,,Run 97
Run 99,,,,,,Run 93,,,,,,-----
-----,,,,,,-----,,,,,,Iteration 1: SSE = 13860.55
Iteration 1: SSE = 14564.16,,,,,,Iteration 1: SSE = 13871.42,,,,,,Iteration 2: SSE = 7790.853
Iteration 2: SSE = 7931.164,,,,,,Iteration 2: SSE = 7426.198,,,,,,Iteration 3: SSE = 7221.128
Iteration 3: SSE = 6818.608,,,,,,Iteration 3: SSE = 6292.942,,,,,,Iteration 4: SSE = 7017.548
Iteration 4: SSE = 6700.683,,,,,,Iteration 4: SSE = 5979.748,,,,,,Iteration 5: SSE = 6904.741
Iteration 5: SSE = 6678.303,,,,,,Iteration 5: SSE = 5946.875,,,,,,Iteration 6: SSE = 6841.995
Iteration 6: SSE = 6674.299,,,,,,Iteration 6: SSE = 5943.745,,,,,,Iteration 7: SSE = 6802.808
,,,,,,,,,,,,Iteration 8: SSE = 6755.878
Run 100,,,,,,Run 94,,,,,,Iteration 9: SSE = 6701.097
-----,,,,,,-----,,,,,,Iteration 10: SSE = 6676.425
Iteration 1: SSE = 14564.16,,,,,,Iteration 1: SSE = 13871.42,,,,,,Iteration 11: SSE = 6660.772
Iteration 2: SSE = 7931.164,,,,,,Iteration 2: SSE = 7426.198,,,,,,Iteration 12: SSE = 6649.281
Iteration 3: SSE = 6818.608,,,,,,Iteration 3: SSE = 6292.942,,,,,,Iteration 13: SSE = 6644.552
Iteration 4: SSE = 6700.683,,,,,,Iteration 4: SSE = 5979.748,,,,,,
Iteration 5: SSE = 6678.303,,,,,,Iteration 5: SSE = 5946.875,,,,,,Run 98
Iteration 6: SSE = 6674.299,,,,,,Iteration 6: SSE = 5943.745,,,,,,-----
,,,,,,,,,,,,Iteration 1: SSE = 13860.55
Best Run: 50 SSE: 5940.806,,,,,,Run 95,,,,,,Iteration 2: SSE = 7790.853
,,,,,,-----,,,,,,Iteration 3: SSE = 7221.128
,,,,,,Iteration 1: SSE = 13871.42,,,,,,Iteration 4: SSE = 7017.548
,,,,,,Iteration 2: SSE = 7426.198,,,,,,Iteration 5: SSE = 6904.741
,,,,,,Iteration 3: SSE = 6292.942,,,,,,Iteration 6: SSE = 6841.995
,,,,,,Iteration 4: SSE = 5979.748,,,,,,Iteration 7: SSE = 6802.808
,,,,,,Iteration 5: SSE = 5946.875,,,,,,Iteration 8: SSE = 6755.878
,,,,,,Iteration 6: SSE = 5943.745,,,,,,Iteration 9: SSE = 6701.097
,,,,,,,,,,,,Iteration 10: SSE = 6676.425
,,,,,,Run 96,,,,,,Iteration 11: SSE = 6660.772
,,,,,,-----,,,,,,Iteration 12: SSE = 6649.281
,,,,,,Iteration 1: SSE = 13871.42,,,,,,Iteration 13: SSE = 6644.552
,,,,,,Iteration 2: SSE = 7426.198,,,,,,
,,,,,,Iteration 3: SSE = 6292.942,,,,,,Run 99
,,,,,,Iteration 4: SSE = 5979.748,,,,,,-----
,,,,,,Iteration 5: SSE = 5946.875,,,,,,Iteration 1: SSE = 13860.55
,,,,,,Iteration 6: SSE = 5943.745,,,,,,Iteration 2: SSE = 7790.853
,,,,,,,,,,,,Iteration 3: SSE = 7221.128
,,,,,,Run 97,,,,,,Iteration 4: SSE = 7017.548
,,,,,,-----,,,,,,Iteration 5: SSE = 6904.741
,,,,,,Iteration 1: SSE = 13871.42,,,,,,Iteration 6: SSE = 6841.995
,,,,,,Iteration 2: SSE = 7426.198,,,,,,Iteration 7: SSE = 6802.808
,,,,,,Iteration 3: SSE = 6292.942,,,,,,Iteration 8: SSE = 6755.878
,,,,,,Iteration 4: SSE = 5979.748,,,,,,Iteration 9: SSE = 6701.097
,,,,,,Iteration 5: SSE = 5946.875,,,,,,Iteration 10: SSE = 6676.425
,,,,,,Iteration 6: SSE = 5943.745,,,,,,Iteration 11: SSE = 6660.772
,,,,,,,,,,,,Iteration 12: SSE = 6649.281
,,,,,,Run 98,,,,,,Iteration 13: SSE = 6644.552
,,,,,,-----,,,,,,
,,,,,,Iteration 1: SSE = 14177.12,,,,,,Run 100
,,,,,,Iteration 2: SSE = 8001.435,,,,,,-----
,,,,,,Iteration 3: SSE = 7512.038,,,,,,Iteration 1: SSE = 13860.55
,,,,,,Iteration 4: SSE = 6564.416,,,,,,Iteration 2: SSE = 7790.853
,,,,,,Iteration 5: SSE = 6036.488,,,,,,Iteration 3: SSE = 7221.128
,,,,,,Iteration 6: SSE = 5958.477,,,,,,Iteration 4: SSE = 7017.548
,,,,,,Iteration 7: SSE = 5945.411,,,,,,Iteration 5: SSE = 6904.741
,,,,,,Iteration 8: SSE = 5943.633,,,,,,Iteration 6: SSE = 6841.995
,,,,,,,,,,,,Iteration 7: SSE = 6802.808
,,,,,,Run 99,,,,,,Iteration 8: SSE = 6755.878
,,,,,,-----,,,,,,Iteration 9: SSE = 6701.097
,,,,,,Iteration 1: SSE = 14177.12,,,,,,Iteration 10: SSE = 6676.425
,,,,,,Iteration 2: SSE = 8001.435,,,,,,Iteration 11: SSE = 6660.772
,,,,,,Iteration 3: SSE = 7512.038,,,,,,Iteration 12: SSE = 6649.281
,,,,,,Iteration 4: SSE = 6564.416,,,,,,Iteration 13: SSE = 6644.552
,,,,,,Iteration 5: SSE = 6036.488,,,,,,
,,,,,,Iteration 6: SSE = 5958.477,,,,,,Best Run: 82 SSE: 5942.463
,,,,,,Iteration 7: SSE = 5945.411,,,,,,
,,,,,,Iteration 8: SSE = 5943.633,,,,,,
,,,,,,,,,,,,
,,,,,,Run 100,,,,,,
,,,,,,-----,,,,,,
,,,,,,Iteration 1: SSE = 14177.12,,,,,,
,,,,,,Iteration 2: SSE = 8001.435,,,,,,
,,,,,,Iteration 3: SSE = 7512.038,,,,,,
,,,,,,Iteration 4: SSE = 6564.416,,,,,,
,,,,,,Iteration 5: SSE = 6036.488,,,,,,
,,,,,,Iteration 6: SSE = 5958.477,,,,,,
,,,,,,Iteration 7: SSE = 5945.411,,,,,,
,,,,,,Iteration 8: SSE = 5943.633,,,,,,
,,,,,,,,,,,,
,,,,,,Best Run: 98 SSE: 5943.633,,,,,,
