Performance1,,,,,,Performance2,,,,,,Performance3
Run 1,,,,,,Run 1,,,,,,Run 1
-----,,,,,,-----,,,,,,-----
Iteration 1: SSE = 1881.419,,,,,,Iteration 1: SSE = 1894.446,,,,,,Iteration 1: SSE = 1950.642
Iteration 2: SSE = 1416.683,,,,,,Iteration 2: SSE = 1457.764,,,,,,Iteration 2: SSE = 1347.952
Iteration 3: SSE = 1268.464,,,,,,Iteration 3: SSE = 1428.532,,,,,,Iteration 3: SSE = 1191.179
Iteration 4: SSE = 1164.903,,,,,,Iteration 4: SSE = 1356.601,,,,,,Iteration 4: SSE = 1145.322
Iteration 5: SSE = 1139.42,,,,,,Iteration 5: SSE = 1230.159,,,,,,Iteration 5: SSE = 1139.015
Iteration 6: SSE = 1136.609,,,,,,Iteration 6: SSE = 1159.262,,,,,,Iteration 6: SSE = 1138.454
Iteration 7: SSE = 1136.609,,,,,,Iteration 7: SSE = 1138.309,,,,,,
,,,,,,Iteration 8: SSE = 1136.609,,,,,,Run 2
Run 2,,,,,,Iteration 9: SSE = 1136.609,,,,,,-----
-----,,,,,,,,,,,,Iteration 1: SSE = 1950.642
Iteration 1: SSE = 1881.419,,,,,,Run 2,,,,,,Iteration 2: SSE = 1347.952
Iteration 2: SSE = 1416.683,,,,,,-----,,,,,,Iteration 3: SSE = 1191.179
Iteration 3: SSE = 1268.464,,,,,,Iteration 1: SSE = 1894.446,,,,,,Iteration 4: SSE = 1145.322
Iteration 4: SSE = 1164.903,,,,,,Iteration 2: SSE = 1457.764,,,,,,Iteration 5: SSE = 1139.015
Iteration 5: SSE = 1139.42,,,,,,Iteration 3: SSE = 1428.532,,,,,,Iteration 6: SSE = 1138.454
Iteration 6: SSE = 1136.609,,,,,,Iteration 4: SSE = 1356.601,,,,,,
Iteration 7: SSE = 1136.609,,,,,,Iteration 5: SSE = 1230.159,,,,,,Run 3
,,,,,,Iteration 6: SSE = 1159.262,,,,,,-----
Run 3,,,,,,Iteration 7: SSE = 1138.309,,,,,,Iteration 1: SSE = 1950.642
-----,,,,,,Iteration 8: SSE = 1136.609,,,,,,Iteration 2: SSE = 1347.952
Iteration 1: SSE = 1881.419,,,,,,Iteration 9: SSE = 1136.609,,,,,,Iteration 3: SSE = 1191.179
Iteration 2: SSE = 1416.683,,,,,,,,,,,,Iteration 4: SSE = 1145.322
Iteration 3: SSE = 1268.464,,,,,,Run 3,,,,,,Iteration 5: SSE = 1139.015
Iteration 4: SSE = 1164.903,,,,,,-----,,,,,,Iteration 6: SSE = 1138.454
Iteration 5: SSE = 1139.42,,,,,,Iteration 1: SSE = 1894.446,,,,,,
Iteration 6: SSE = 1136.609,,,,,,Iteration 2: SSE = 1457.764,,,,,,Run 4
Iteration 7: SSE = 1136.609,,,,,,Iteration 3: SSE = 1428.532,,,,,,-----
,,,,,,Iteration 4: SSE = 1356.601,,,,,,Iteration 1: SSE = 1950.642
Run 4,,,,,,Iteration 5: SSE = 1230.159,,,,,,Iteration 2: SSE = 1347.952
-----,,,,,,Iteration 6: SSE = 1159.262,,,,,,Iteration 3: SSE = 1191.179
Iteration 1: SSE = 1881.419,,,,,,Iteration 7: SSE = 1138.309,,,,,,Iteration 4: SSE = 1145.322
Iteration 2: SSE = 1416.683,,,,,,Iteration 8: SSE = 1136.609,,,,,,Iteration 5: SSE = 1139.015
Iteration 3: SSE = 1268.464,,,,,,Iteration 9: SSE = 1136.609,,,,,,Iteration 6: SSE = 1138.454
Iteration 4: SSE = 1164.903,,,,,,,,,,,,
Iteration 5: SSE = 1139.42,,,,,,Run 4,,,,,,Run 5
Iteration 6: SSE = 1136.609,,,,,,-----,,,,,,-----
Iteration 7: SSE = 1136.609,,,,,,Iteration 1: SSE = 1894.446,,,,,,Iteration 1: SSE = 1950.642
,,,,,,Iteration 2: SSE = 1457.764,,,,,,Iteration 2: SSE = 1347.952
Run 5,,,,,,Iteration 3: SSE = 1428.532,,,,,,Iteration 3: SSE = 1191.179
-----,,,,,,Iteration 4: SSE = 1356.601,,,,,,Iteration 4: SSE = 1145.322
Iteration 1: SSE = 1881.419,,,,,,Iteration 5: SSE = 1230.159,,,,,,Iteration 5: SSE = 1139.015
Iteration 2: SSE = 1416.683,,,,,,Iteration 6: SSE = 1159.262,,,,,,Iteration 6: SSE = 1138.454
Iteration 3: SSE = 1268.464,,,,,,Iteration 7: SSE = 1138.309,,,,,,
Iteration 4: SSE = 1164.903,,,,,,Iteration 8: SSE = 1136.609,,,,,,Run 6
Iteration 5: SSE = 1139.42,,,,,,Iteration 9: SSE = 1136.609,,,,,,-----
Iteration 6: SSE = 1136.609,,,,,,,,,,,,Iteration 1: SSE = 1950.642
Iteration 7: SSE = 1136.609,,,,,,Run 5,,,,,,Iteration 2: SSE = 1347.952
,,,,,,-----,,,,,,Iteration 3: SSE = 1191.179
Run 6,,,,,,Iteration 1: SSE = 1677.04,,,,,,Iteration 4: SSE = 1145.322
-----,,,,,,Iteration 2: SSE = 1139.309,,,,,,Iteration 5: SSE = 1139.015
Iteration 1: SSE = 1881.419,,,,,,Iteration 3: SSE = 1136.609,,,,,,Iteration 6: SSE = 1138.454
Iteration 2: SSE = 1416.683,,,,,,Iteration 4: SSE = 1136.609,,,,,,
Iteration 3: SSE = 1268.464,,,,,,,,,,,,Run 7
Iteration 4: SSE = 1164.903,,,,,,Run 6,,,,,,-----
Iteration 5: SSE = 1139.42,,,,,,-----,,,,,,Iteration 1: SSE = 1950.642
Iteration 6: SSE = 1136.609,,,,,,Iteration 1: SSE = 1677.04,,,,,,Iteration 2: SSE = 1347.952
Iteration 7: SSE = 1136.609,,,,,,Iteration 2: SSE = 1139.309,,,,,,Iteration 3: SSE = 1191.179
,,,,,,Iteration 3: SSE = 1136.609,,,,,,Iteration 4: SSE = 1145.322
Run 7,,,,,,Iteration 4: SSE = 1136.609,,,,,,Iteration 5: SSE = 1139.015
-----,,,,,,,,,,,,Iteration 6: SSE = 1138.454
Iteration 1: SSE = 1881.419,,,,,,Run 7,,,,,,
Iteration 2: SSE = 1416.683,,,,,,-----,,,,,,Run 8
Iteration 3: SSE = 1268.464,,,,,,Iteration 1: SSE = 1677.04,,,,,,-----
Iteration 4: SSE = 1164.903,,,,,,Iteration 2: SSE = 1139.309,,,,,,Iteration 1: SSE = 1950.642
Iteration 5: SSE = 1139.42,,,,,,Iteration 3: SSE = 1136.609,,,,,,Iteration 2: SSE = 1347.952
Iteration 6: SSE = 1136.609,,,,,,Iteration 4: SSE = 1136.609,,,,,,Iteration 3: SSE = 1191.179
Iteration 7: SSE = 1136.609,,,,,,,,,,,,Iteration 4: SSE = 1145.322
,,,,,,Run 8,,,,,,Iteration 5: SSE = 1139.015
Run 8,,,,,,-----,,,,,,Iteration 6: SSE = 1138.454
-----,,,,,,Iteration 1: SSE = 1677.04,,,,,,
Iteration 1: SSE = 1881.419,,,,,,Iteration 2: SSE = 1139.309,,,,,,Run 9
Iteration 2: SSE = 1416.683,,,,,,Iteration 3: SSE = 1136.609,,,,,,-----
Iteration 3: SSE = 1268.464,,,,,,Iteration 4: SSE = 1136.609,,,,,,Iteration 1: SSE = 1950.642
Iteration 4: SSE = 1164.903,,,,,,,,,,,,Iteration 2: SSE = 1347.952
Iteration 5: SSE = 1139.42,,,,,,Run 9,,,,,,Iteration 3: SSE = 1191.179
Iteration 6: SSE = 1136.609,,,,,,-----,,,,,,Iteration 4: SSE = 1145.322
Iteration 7: SSE = 1136.609,,,,,,Iteration 1: SSE = 1677.04,,,,,,Iteration 5: SSE = 1139.015
,,,,,,Iteration 2: SSE = 1139.309,,,,,,Iteration 6: SSE = 1138.454
Run 9,,,,,,Iteration 3: SSE = 1136.609,,,,,,
-----,,,,,,Iteration 4: SSE = 1136.609,,,,,,Run 10
Iteration 1: SSE = 1881.419,,,,,,,,,,,,-----
Iteration 2: SSE = 1416.683,,,,,,Run 10,,,,,,Iteration 1: SSE = 1950.642
Iteration 3: SSE = 1268.464,,,,,,-----,,,,,,Iteration 2: SSE = 1347.952
Iteration 4: SSE = 1164.903,,,,,,Iteration 1: SSE = 1677.04,,,,,,Iteration 3: SSE = 1191.179
Iteration 5: SSE = 1139.42,,,,,,Iteration 2: SSE = 1139.309,,,,,,Iteration 4: SSE = 1145.322
Iteration 6: SSE = 1136.609,,,,,,Iteration 3: SSE = 1136.609,,,,,,Iteration 5: SSE = 1139.015
Iteration 7: SSE = 1136.609,,,,,,Iteration 4: SSE = 1136.609,,,,,,Iteration 6: SSE = 1138.454
,,,,,,,,,,,,
Run 10,,,,,,Run 11,,,,,,Run 11
-----,,,,,,-----,,,,,,-----
Iteration 1: SSE = 1881.419,,,,,,Iteration 1: SSE = 1677.04,,,,,,Iteration 1: SSE = 1950.642
Iteration 2: SSE = 1416.683,,,,,,Iteration 2: SSE = 1139.309,,,,,,Iteration 2: SSE = 1347.952
Iteration 3: SSE = 1268.464,,,,,,Iteration 3: SSE = 1136.609,,,,,,Iteration 3: SSE = 1191.179
Iteration 4: SSE = 1164.903,,,,,,Iteration 4: SSE = 1136.609,,,,,,Iteration 4: SSE = 1145.322
Iteration 5: SSE = 1139.42,,,,,,,,,,,,Iteration 5: SSE = 1139.015
Iteration 6: SSE = 1136.609,,,,,,Run 12,,,,,,Iteration 6: SSE = 1138.454
Iteration 7: SSE = 1136.609,,,,,,-----,,,,,,
,,,,,,Iteration 1: SSE = 1677.04,,,,,,Run 12
Run 11,,,,,,Iteration 2: SSE = 1139.309,,,,,,-----
-----,,,,,,Iteration 3: SSE = 1136.609,,,,,,Iteration 1: SSE = 1950.642
Iteration 1: SSE = 1881.419,,,,,,Iteration 4: SSE = 1136.609,,,,,,Iteration 2: SSE = 1347.952
Iteration 2: SSE = 1416.683,,,,,,,,,,,,Iteration 3: SSE = 1191.179
Iteration 3: SSE = 1268.464,,,,,,Run 13,,,,,,Iteration 4: SSE = 1145.322
Iteration 4: SSE = 1164.903,,,,,,-----,,,,,,Iteration 5: SSE = 1139.015
Iteration 5: SSE = 1139.42,,,,,,Iteration 1: SSE = 1677.04,,,,,,Iteration 6: SSE = 1138.454
Iteration 6: SSE = 1136.609,,,,,,Iteration 2: SSE = 1139.309,,,,,,
Iteration 7: SSE = 1136.609,,,,,,Iteration 3: SSE = 1136.609,,,,,,Run 13
,,,,,,Iteration 4: SSE = 1136.609,,,,,,-----
Run 12,,,,,,,,,,,,Iteration 1: SSE = 1950.642
-----,,,,,,Run 14,,,,,,Iteration 2: SSE = 1347.952
Iteration 1: SSE = 1881.419,,,,,,-----,,,,,,Iteration 3: SSE = 1191.179
Iteration 2: SSE = 1416.683,,,,,,Iteration 1: SSE = 1677.04,,,,,,Iteration 4: SSE = 1145.322
Iteration 3: SSE = 1268.464,,,,,,Iteration 2: SSE = 1139.309,,,,,,Iteration 5: SSE = 1139.015
Iteration 4: SSE = 1164.903,,,,,,Iteration 3: SSE = 1136.609,,,,,,Iteration 6: SSE = 1138.454
Iteration 5: SSE = 1139.42,,,,,,Iteration 4: SSE = 1136.609,,,,,,
Iteration 6: SSE = 1136.609,,,,,,,,,,,,Run 14
Iteration 7: SSE = 1136.609,,,,,,Run 15,,,,,,-----
,,,,,,-----,,,,,,Iteration 1: SSE = 1950.642
Run 13,,,,,,Iteration 1: SSE = 1677.04,,,,,,Iteration 2: SSE = 1347.952
-----,,,,,,Iteration 2: SSE = 1139.309,,,,,,Iteration 3: SSE = 1191.179
Iteration 1: SSE = 1881.419,,,,,,Iteration 3: SSE = 1136.609,,,,,,Iteration 4: SSE = 1145.322
Iteration 2: SSE = 1416.683,,,,,,Iteration 4: SSE = 1136.609,,,,,,Iteration 5: SSE = 1139.015
Iteration 3: SSE = 1268.464,,,,,,,,,,,,Iteration 6: SSE = 1138.454
Iteration 4: SSE = 1164.903,,,,,,Run 16,,,,,,
Iteration 5: SSE = 1139.42,,,,,,-----,,,,,,Run 15
Iteration 6: SSE = 1136.609,,,,,,Iteration 1: SSE = 1677.04,,,,,,-----
Iteration 7: SSE = 1136.609,,,,,,Iteration 2: SSE = 1139.309,,,,,,Iteration 1: SSE = 1950.642
,,,,,,Iteration 3: SSE = 1136.609,,,,,,Iteration 2: SSE = 1347.952
Run 14,,,,,,Iteration 4: SSE = 1136.609,,,,,,Iteration 3: SSE = 1191.179
-----,,,,,,,,,,,,Iteration 4: SSE = 1145.322
Iteration 1: SSE = 1881.419,,,,,,Run 17,,,,,,Iteration 5: SSE = 1139.015
Iteration 2: SSE = 1416.683,,,,,,-----,,,,,,Iteration 6: SSE = 1138.454
Iteration 3: SSE = 1268.464,,,,,,Iteration 1: SSE = 1677.04,,,,,,
Iteration 4: SSE = 1164.903,,,,,,Iteration 2: SSE = 1139.309,,,,,,Run 16
Iteration 5: SSE = 1139.42,,,,,,Iteration 3: SSE = 1136.609,,,,,,-----
Iteration 6: SSE = 1136.609,,,,,,Iteration 4: SSE = 1136.609,,,,,,Iteration 1: SSE = 1950.642
Iteration 7: SSE = 1136.609,,,,,,,,,,,,Iteration 2: SSE = 1347.952
,,,,,,Run 18,,,,,,Iteration 3: SSE = 1191.179
Run 15,,,,,,-----,,,,,,Iteration 4: SSE = 1145.322
-----,,,,,,Iteration 1: SSE = 1677.04,,,,,,Iteration 5: SSE = 1139.015
Iteration 1: SSE = 1881.419,,,,,,Iteration 2: SSE = 1139.309,,,,,,Iteration 6: SSE = 1138.454
Iteration 2: SSE = 1416.683,,,,,,Iteration 3: SSE = 1136.609,,,,,,
Iteration 3: SSE = 1268.464,,,,,,Iteration 4: SSE = 1136.609,,,,,,Run 17
Iteration 4: SSE = 1164.903,,,,,,,,,,,,-----
Iteration 5: SSE = 1139.42,,,,,,Run 19,,,,,,Iteration 1: SSE = 1950.642
Iteration 6: SSE = 1136.609,,,,,,-----,,,,,,Iteration 2: SSE = 1347.952
Iteration 7: SSE = 1136.609,,,,,,Iteration 1: SSE = 1677.04,,,,,,Iteration 3: SSE = 1191.179
,,,,,,Iteration 2: SSE = 1139.309,,,,,,Iteration 4: SSE = 1145.322
Run 16,,,,,,Iteration 3: SSE = 1136.609,,,,,,Iteration 5: SSE = 1139.015
-----,,,,,,Iteration 4: SSE = 1136.609,,,,,,Iteration 6: SSE = 1138.454
Iteration 1: SSE = 1881.419,,,,,,,,,,,,
Iteration 2: SSE = 1416.683,,,,,,Run 20,,,,,,Run 18
Iteration 3: SSE = 1268.464,,,,,,-----,,,,,,-----
Iteration 4: SSE = 1164.903,,,,,,Iteration 1: SSE = 1677.04,,,,,,Iteration 1: SSE = 1950.642
Iteration 5: SSE = 1139.42,,,,,,Iteration 2: SSE = 1139.309,,,,,,Iteration 2: SSE = 1347.952
Iteration 6: SSE = 1136.609,,,,,,Iteration 3: SSE = 1136.609,,,,,,Iteration 3: SSE = 1191.179
Iteration 7: SSE = 1136.609,,,,,,Iteration 4: SSE = 1136.609,,,,,,Iteration 4: SSE = 1145.322
,,,,,,,,,,,,Iteration 5: SSE = 1139.015
Run 17,,,,,,Run 21,,,,,,Iteration 6: SSE = 1138.454
-----,,,,,,-----,,,,,,
Iteration 1: SSE = 1881.419,,,,,,Iteration 1: SSE = 1677.04,,,,,,Run 19
Iteration 2: SSE = 1416.683,,,,,,Iteration 2: SSE = 1139.309,,,,,,-----
Iteration 3: SSE = 1268.464,,,,,,Iteration 3: SSE = 1136.609,,,,,,Iteration 1: SSE = 1950.642
Iteration 4: SSE = 1164.903,,,,,,Iteration 4: SSE = 1136.609,,,,,,Iteration 2: SSE = 1347.952
Iteration 5: SSE = 1139.42,,,,,,,,,,,,Iteration 3: SSE = 1191.179
Iteration 6: SSE = 1136.609,,,,,,Run 22,,,,,,Iteration 4: SSE = 1145.322
Iteration 7: SSE = 1136.609,,,,,,-----,,,,,,Iteration 5: SSE = 1139.015
,,,,,,Iteration 1: SSE = 1677.04,,,,,,Iteration 6: SSE = 1138.454
Run 18,,,,,,Iteration 2: SSE = 1139.309,,,,,,
-----,,,,,,Iteration 3: SSE = 1136.609,,,,,,Run 20
Iteration 1: SSE = 1881.419,,,,,,Iteration 4: SSE = 1136.609,,,,,,-----
Iteration 2: SSE = 1416.683,,,,,,,,,,,,Iteration 1: SSE = 1950.642
Iteration 3: SSE = 1268.464,,,,,,Run 23,,,,,,Iteration 2: SSE = 1347.952
Iteration 4: SSE = 1164.903,,,,,,-----,,,,,,Iteration 3: SSE = 1191.179
Iteration 5: SSE = 1139.42,,,,,,Iteration 1: SSE = 1677.04,,,,,,Iteration 4: SSE = 1145.322
Iteration 6: SSE = 1136.609,,,,,,Iteration 2: SSE = 1139.309,,,,,,Iteration 5: SSE = 1139.015
Iteration 7: SSE = 1136.609,,,,,,Iteration 3: SSE = 1136.609,,,,,,Iteration 6: SSE = 1138.454
,,,,,,Iteration 4: SSE = 1136.609,,,,,,
Run 19,,,,,,,,,,,,Run 21
-----,,,,,,Run 24,,,,,,-----
Iteration 1: SSE = 1881.419,,,,,,-----,,,,,,Iteration 1: SSE = 1950.642
Iteration 2: SSE = 1416.683,,,,,,Iteration 1: SSE = 1677.04,,,,,,Iteration 2: SSE = 1347.952
Iteration 3: SSE = 1268.464,,,,,,Iteration 2: SSE = 1139.309,,,,,,Iteration 3: SSE = 1191.179
Iteration 4: SSE = 1164.903,,,,,,Iteration 3: SSE = 1136.609,,,,,,Iteration 4: SSE = 1145.322
Iteration 5: SSE = 1139.42,,,,,,Iteration 4: SSE = 1136.609,,,,,,Iteration 5: SSE = 1139.015
Iteration 6: SSE = 1136.609,,,,,,,,,,,,Iteration 6: SSE = 1138.454
Iteration 7: SSE = 1136.609,,,,,,Run 25,,,,,,
,,,,,,-----,,,,,,Run 22
Run 20,,,,,,Iteration 1: SSE = 1677.04,,,,,,-----
-----,,,,,,Iteration 2: SSE = 1139.309,,,,,,Iteration 1: SSE = 1915.343
Iteration 1: SSE = 1881.419,,,,,,Iteration 3: SSE = 1136.609,,,,,,Iteration 2: SSE = 1255.742
Iteration 2: SSE = 1416.683,,,,,,Iteration 4: SSE = 1136.609,,,,,,Iteration 3: SSE = 1140.215
Iteration 3: SSE = 1268.464,,,,,,,,,,,,Iteration 4: SSE = 1138.148
Iteration 4: SSE = 1164.903,,,,,,Run 26,,,,,,Iteration 5: SSE = 1137.75
Iteration 5: SSE = 1139.42,,,,,,-----,,,,,,
Iteration 6: SSE = 1136.609,,,,,,Iteration 1: SSE = 1677.04,,,,,,Run 23
Iteration 7: SSE = 1136.609,,,,,,Iteration 2: SSE = 1139.309,,,,,,-----
,,,,,,Iteration 3: SSE = 1136.609,,,,,,Iteration 1: SSE = 1915.343
Run 21,,,,,,Iteration 4: SSE = 1136.609,,,,,,Iteration 2: SSE = 1255.742
-----,,,,,,,,,,,,Iteration 3: SSE = 1140.215
Iteration 1: SSE = 1881.419,,,,,,Run 27,,,,,,Iteration 4: SSE = 1138.148
Iteration 2: SSE = 1416.683,,,,,,-----,,,,,,Iteration 5: SSE = 1137.75
Iteration 3: SSE = 1268.464,,,,,,Iteration 1: SSE = 1677.04,,,,,,
Iteration 4: SSE = 1164.903,,,,,,Iteration 2: SSE = 1139.309,,,,,,Run 24
Iteration 5: SSE = 1139.42,,,,,,Iteration 3: SSE = 1136.609,,,,,,-----
Iteration 6: SSE = 1136.609,,,,,,Iteration 4: SSE = 1136.609,,,,,,Iteration 1: SSE = 1915.343
Iteration 7: SSE = 1136.609,,,,,,,,,,,,Iteration 2: SSE = 1255.742
,,,,,,Run 28,,,,,,Iteration 3: SSE = 1140.215
Run 22,,,,,,-----,,,,,,Iteration 4: SSE = 1138.148
-----,,,,,,Iteration 1: SSE = 1677.04,,,,,,Iteration 5: SSE = 1137.75
Iteration 1: SSE = 1881.419,,,,,,Iteration 2: SSE = 1139.309,,,,,,
Iteration 2: SSE = 1416.683,,,,,,Iteration 3: SSE = 1136.609,,,,,,Run 25
Iteration 3: SSE = 1268.464,,,,,,Iteration 4: SSE = 1136.609,,,,,,-----
Iteration 4: SSE = 1164.903,,,,,,,,,,,,Iteration 1: SSE = 1915.343
Iteration 5: SSE = 1139.42,,,,,,Run 29,,,,,,Iteration 2: SSE = 1255.742
Iteration 6: SSE = 1136.609,,,,,,-----,,,,,,Iteration 3: SSE = 1140.215
Iteration 7: SSE = 1136.609,,,,,,Iteration 1: SSE = 1677.04,,,,,,Iteration 4: SSE = 1138.148
,,,,,,Iteration 2: SSE = 1139.309,,,,,,Iteration 5: SSE = 1137.75
Run 23,,,,,,Iteration 3: SSE = 1136.609,,,,,,
-----,,,,,,Iteration 4: SSE = 1136.609,,,,,,Run 26
Iteration 1: SSE = 1881.419,,,,,,,,,,,,-----
Iteration 2: SSE = 1416.683,,,,,,Run 30,,,,,,Iteration 1: SSE = 1915.343
Iteration 3: SSE = 1268.464,,,,,,-----,,,,,,Iteration 2: SSE = 1255.742
Iteration 4: SSE = 1164.903,,,,,,Iteration 1: SSE = 1677.04,,,,,,Iteration 3: SSE = 1140.215
Iteration 5: SSE = 1139.42,,,,,,Iteration 2: SSE = 1139.309,,,,,,Iteration 4: SSE = 1138.148
Iteration 6: SSE = 1136.609,,,,,,Iteration 3: SSE = 1136.609,,,,,,Iteration 5: SSE = 1137.75
Iteration 7: SSE = 1136.609,,,,,,Iteration 4: SSE = 1136.609,,,,,,
,,,,,,,,,,,,Run 27
Run 24,,,,,,Run 31,,,,,,-----
-----,,,,,,-----,,,,,,Iteration 1: SSE = 1915.343
Iteration 1: SSE = 1881.419,,,,,,Iteration 1: SSE = 1677.04,,,,,,Iteration 2: SSE = 1255.742
Iteration 2: SSE = 1416.683,,,,,,Iteration 2: SSE = 1139.309,,,,,,Iteration 3: SSE = 1140.215
Iteration 3: SSE = 1268.464,,,,,,Iteration 3: SSE = 1136.609,,,,,,Iteration 4: SSE = 1138.148
Iteration 4: SSE = 1164.903,,,,,,Iteration 4: SSE = 1136.609,,,,,,Iteration 5: SSE = 1137.75
Iteration 5: SSE = 1139.42,,,,,,,,,,,,
Iteration 6: SSE = 1136.609,,,,,,Run 32,,,,,,Run 28
Iteration 7: SSE = 1136.609,,,,,,-----,,,,,,-----
,,,,,,Iteration 1: SSE = 1677.04,,,,,,Iteration 1: SSE = 1915.343
Run 25,,,,,,Iteration 2: SSE = 1139.309,,,,,,Iteration 2: SSE = 1255.742
-----,,,,,,Iteration 3: SSE = 1136.609,,,,,,Iteration 3: SSE = 1140.215
Iteration 1: SSE = 1881.419,,,,,,Iteration 4: SSE = 1136.609,,,,,,Iteration 4: SSE = 1138.148
Iteration 2: SSE = 1416.683,,,,,,,,,,,,Iteration 5: SSE = 1137.75
Iteration 3: SSE = 1268.464,,,,,,Run 33,,,,,,
Iteration 4: SSE = 1164.903,,,,,,-----,,,,,,Run 29
Iteration 5: SSE = 1139.42,,,,,,Iteration 1: SSE = 1677.04,,,,,,-----
Iteration 6: SSE = 1136.609,,,,,,Iteration 2: SSE = 1139.309,,,,,,Iteration 1: SSE = 1915.343
Iteration 7: SSE = 1136.609,,,,,,Iteration 3: SSE = 1136.609,,,,,,Iteration 2: SSE = 1255.742
,,,,,,Iteration 4: SSE = 1136.609,,,,,,Iteration 3: SSE = 1140.215
Run 26,,,,,,,,,,,,Iteration 4: SSE = 1138.148
-----,,,,,,Run 34,,,,,,Iteration 5: SSE = 1137.75
Iteration 1: SSE = 1881.419,,,,,,-----,,,,,,
Iteration 2: SSE = 1416.683,,,,,,Iteration 1: SSE = 1677.04,,,,,,Run 30
Iteration 3: SSE = 1268.464,,,,,,Iteration 2: SSE = 1139.309,,,,,,-----
Iteration 4: SSE = 1164.903,,,,,,Iteration 3: SSE = 1136.609,,,,,,Iteration 1: SSE = 1915.343
Iteration 5: SSE = 1139.42,,,,,,Iteration 4: SSE = 1136.609,,,,,,Iteration 2: SSE = 1255.742
Iteration 6: SSE = 1136.609,,,,,,,,,,,,Iteration 3: SSE = 1140.215
Iteration 7: SSE = 1136.609,,,,,,Run 35,,,,,,Iteration 4: SSE = 1138.148
,,,,,,-----,,,,,,Iteration 5: SSE = 1137.75
Run 27,,,,,,Iteration 1: SSE = 1677.04,,,,,,
-----,,,,,,Iteration 2: SSE = 1139.309,,,,,,Run 31
Iteration 1: SSE = 1881.419,,,,,,Iteration 3: SSE = 1136.609,,,,,,-----
Iteration 2: SSE = 1416.683,,,,,,Iteration 4: SSE = 1136.609,,,,,,Iteration 1: SSE = 1915.343
Iteration 3: SSE = 1268.464,,,,,,,,,,,,Iteration 2: SSE = 1255.742
Iteration 4: SSE = 1164.903,,,,,,Run 36,,,,,,Iteration 3: SSE = 1140.215
Iteration 5: SSE = 1139.42,,,,,,-----,,,,,,Iteration 4: SSE = 1138.148
Iteration 6: SSE = 1136.609,,,,,,Iteration 1: SSE = 1677.04,,,,,,Iteration 5: SSE = 1137.75
Iteration 7: SSE = 1136.609,,,,,,Iteration 2: SSE = 1139.309,,,,,,
,,,,,,Iteration 3: SSE = 1136.609,,,,,,Run 32
Run 28,,,,,,Iteration 4: SSE = 1136.609,,,,,,-----
-----,,,,,,,,,,,,Iteration 1: SSE = 1915.343
Iteration 1: SSE = 1881.419,,,,,,Run 37,,,,,,Iteration 2: SSE = 1255.742
Iteration 2: SSE = 1416.683,,,,,,-----,,,,,,Iteration 3: SSE = 1140.215
Iteration 3: SSE = 1268.464,,,,,,Iteration 1: SSE = 1677.04,,,,,,Iteration 4: SSE = 1138.148
Iteration 4: SSE = 1164.903,,,,,,Iteration 2: SSE = 1139.309,,,,,,Iteration 5: SSE = 1137.75
Iteration 5: SSE = 1139.42,,,,,,Iteration 3: SSE = 1136.609,,,,,,
Iteration 6: SSE = 1136.609,,,,,,Iteration 4: SSE = 1136.609,,,,,,Run 33
Iteration 7: SSE = 1136.609,,,,,,,,,,,,-----
,,,,,,Run 38,,,,,,Iteration 1: SSE = 1915.343
Run 29,,,,,,-----,,,,,,Iteration 2: SSE = 1255.742
-----,,,,,,Iteration 1: SSE = 1677.04,,,,,,Iteration 3: SSE = 1140.215
Iteration 1: SSE = 1881.419,,,,,,Iteration 2: SSE = 1139.309,,,,,,Iteration 4: SSE = 1138.148
Iteration 2: SSE = 1416.683,,,,,,Iteration 3: SSE = 1136.609,,,,,,Iteration 5: SSE = 1137.75
Iteration 3: SSE = 1268.464,,,,,,Iteration 4: SSE = 1136.609,,,,,,
Iteration 4: SSE = 1164.903,,,,,,,,,,,,Run 34
Iteration 5: SSE = 1139.42,,,,,,Run 39,,,,,,-----
Iteration 6: SSE = 1136.609,,,,,,-----,,,,,,Iteration 1: SSE = 1915.343
Iteration 7: SSE = 1136.609,,,,,,Iteration 1: SSE = 1677.04,,,,,,Iteration 2: SSE = 1255.742
,,,,,,Iteration 2: SSE = 1139.309,,,,,,Iteration 3: SSE = 1140.215
Run 30,,,,,,Iteration 3: SSE = 1136.609,,,,,,Iteration 4: SSE = 1138.148
-----,,,,,,Iteration 4: SSE = 1136.609,,,,,,Iteration 5: SSE = 1137.75
Iteration 1: SSE = 1885.689,,,,,,,,,,,,
Iteration 2: SSE = 1278.671,,,,,,Run 40,,,,,,Run 35
Iteration 3: SSE = 1147.86,,,,,,-----,,,,,,-----
Iteration 4: SSE = 1138.305,,,,,,Iteration 1: SSE = 1677.04,,,,,,Iteration 1: SSE = 1915.343
Iteration 5: SSE = 1137.731,,,,,,Iteration 2: SSE = 1139.309,,,,,,Iteration 2: SSE = 1255.742
,,,,,,Iteration 3: SSE = 1136.609,,,,,,Iteration 3: SSE = 1140.215
Run 31,,,,,,Iteration 4: SSE = 1136.609,,,,,,Iteration 4: SSE = 1138.148
-----,,,,,,,,,,,,Iteration 5: SSE = 1137.75
Iteration 1: SSE = 1885.689,,,,,,Run 41,,,,,,
Iteration 2: SSE = 1278.671,,,,,,-----,,,,,,Run 36
Iteration 3: SSE = 1147.86,,,,,,Iteration 1: SSE = 1677.04,,,,,,-----
Iteration 4: SSE = 1138.305,,,,,,Iteration 2: SSE = 1139.309,,,,,,Iteration 1: SSE = 1915.343
Iteration 5: SSE = 1137.731,,,,,,Iteration 3: SSE = 1136.609,,,,,,Iteration 2: SSE = 1255.742
,,,,,,Iteration 4: SSE = 1136.609,,,,,,Iteration 3: SSE = 1140.215
Run 32,,,,,,,,,,,,Iteration 4: SSE = 1138.148
-----,,,,,,Run 42,,,,,,Iteration 5: SSE = 1137.75
Iteration 1: SSE = 1885.689,,,,,,-----,,,,,,
Iteration 2: SSE = 1278.671,,,,,,Iteration 1: SSE = 1677.04,,,,,,Run 37
Iteration 3: SSE = 1147.86,,,,,,Iteration 2: SSE = 1139.309,,,,,,-----
Iteration 4: SSE = 1138.305,,,,,,Iteration 3: SSE = 1136.609,,,,,,Iteration 1: SSE = 1915.343
Iteration 5: SSE = 1137.731,,,,,,Iteration 4: SSE = 1136.609,,,,,,Iteration 2: SSE = 1255.742
,,,,,,,,,,,,Iteration 3: SSE = 1140.215
Run 33,,,,,,Run 43,,,,,,Iteration 4: SSE = 1138.148
-----,,,,,,-----,,,,,,Iteration 5: SSE = 1137.75
Iteration 1: SSE = 1885.689,,,,,,Iteration 1: SSE = 1677.04,,,,,,
Iteration 2: SSE = 1278.671,,,,,,Iteration 2: SSE = 1139.309,,,,,,Run 38
Iteration 3: SSE = 1147.86,,,,,,Iteration 3: SSE = 1136.609,,,,,,-----
Iteration 4: SSE = 1138.305,,,,,,Iteration 4: SSE = 1136.609,,,,,,Iteration 1: SSE = 1915.343
Iteration 5: SSE = 1137.731,,,,,,,,,,,,Iteration 2: SSE = 1255.742
,,,,,,Run 44,,,,,,Iteration 3: SSE = 1140.215
Run 34,,,,,,-----,,,,,,Iteration 4: SSE = 1138.148
-----,,,,,,Iteration 1: SSE = 1677.04,,,,,,Iteration 5: SSE = 1137.75
Iteration 1: SSE = 1885.689,,,,,,Iteration 2: SSE = 1139.309,,,,,,
Iteration 2: SSE = 1278.671,,,,,,Iteration 3: SSE = 1136.609,,,,,,Run 39
Iteration 3: SSE = 1147.86,,,,,,Iteration 4: SSE = 1136.609,,,,,,-----
Iteration 4: SSE = 1138.305,,,,,,,,,,,,Iteration 1: SSE = 1915.343
Iteration 5: SSE = 1137.731,,,,,,Run 45,,,,,,Iteration 2: SSE = 1255.742
,,,,,,-----,,,,,,Iteration 3: SSE = 1140.215
Run 35,,,,,,Iteration 1: SSE = 1677.04,,,,,,Iteration 4: SSE = 1138.148
-----,,,,,,Iteration 2: SSE = 1139.309,,,,,,Iteration 5: SSE = 1137.75
Iteration 1: SSE = 1885.689,,,,,,Iteration 3: SSE = 1136.609,,,,,,
Iteration 2: SSE = 1278.671,,,,,,Iteration 4: SSE = 1136.609,,,,,,Run 40
Iteration 3: SSE = 1147.86,,,,,,,,,,,,-----
Iteration 4: SSE = 1138.305,,,,,,Run 46,,,,,,Iteration 1: SSE = 1909.798
Iteration 5: SSE = 1137.731,,,,,,-----,,,,,,Iteration 2: SSE = 1451.395
,,,,,,Iteration 1: SSE = 1677.04,,,,,,Iteration 3: SSE = 1422.97
Run 36,,,,,,Iteration 2: SSE = 1139.309,,,,,,Iteration 4: SSE = 1347.871
-----,,,,,,Iteration 3: SSE = 1136.609,,,,,,Iteration 5: SSE = 1204.406
Iteration 1: SSE = 1885.689,,,,,,Iteration 4: SSE = 1136.609,,,,,,Iteration 6: SSE = 1152.961
Iteration 2: SSE = 1278.671,,,,,,,,,,,,Iteration 7: SSE = 1139.015
Iteration 3: SSE = 1147.86,,,,,,Run 47,,,,,,Iteration 8: SSE = 1138.454
Iteration 4: SSE = 1138.305,,,,,,-----,,,,,,
Iteration 5: SSE = 1137.731,,,,,,Iteration 1: SSE = 1677.04,,,,,,Run 41
,,,,,,Iteration 2: SSE = 1139.309,,,,,,-----
Run 37,,,,,,Iteration 3: SSE = 1136.609,,,,,,Iteration 1: SSE = 1909.798
-----,,,,,,Iteration 4: SSE = 1136.609,,,,,,Iteration 2: SSE = 1451.395
Iteration 1: SSE = 1885.689,,,,,,,,,,,,Iteration 3: SSE = 1422.97
Iteration 2: SSE = 1278.671,,,,,,Run 48,,,,,,Iteration 4: SSE = 1347.871
Iteration 3: SSE = 1147.86,,,,,,-----,,,,,,Iteration 5: SSE = 1204.406
Iteration 4: SSE = 1138.305,,,,,,Iteration 1: SSE = 1954.445,,,,,,Iteration 6: SSE = 1152.961
Iteration 5: SSE = 1137.731,,,,,,Iteration 2: SSE = 1449.394,,,,,,Iteration 7: SSE = 1139.015
,,,,,,Iteration 3: SSE = 1149.047,,,,,,Iteration 8: SSE = 1138.454
Run 38,,,,,,Iteration 4: SSE = 1139.526,,,,,,
-----,,,,,,Iteration 5: SSE = 1139.289,,,,,,Run 42
Iteration 1: SSE = 1885.689,,,,,,,,,,,,-----
Iteration 2: SSE = 1278.671,,,,,,Run 49,,,,,,Iteration 1: SSE = 1909.798
Iteration 3: SSE = 1147.86,,,,,,-----,,,,,,Iteration 2: SSE = 1451.395
Iteration 4: SSE = 1138.305,,,,,,Iteration 1: SSE = 1954.445,,,,,,Iteration 3: SSE = 1422.97
Iteration 5: SSE = 1137.731,,,,,,Iteration 2: SSE = 1449.394,,,,,,Iteration 4: SSE = 1347.871
,,,,,,Iteration 3: SSE = 1149.047,,,,,,Iteration 5: SSE = 1204.406
Run 39,,,,,,Iteration 4: SSE = 1139.526,,,,,,Iteration 6: SSE = 1152.961
-----,,,,,,Iteration 5: SSE = 1139.289,,,,,,Iteration 7: SSE = 1139.015
Iteration 1: SSE = 1885.689,,,,,,,,,,,,Iteration 8: SSE = 1138.454
Iteration 2: SSE = 1278.671,,,,,,Run 50,,,,,,
Iteration 3: SSE = 1147.86,,,,,,-----,,,,,,Run 43
Iteration 4: SSE = 1138.305,,,,,,Iteration 1: SSE = 1954.445,,,,,,-----
Iteration 5: SSE = 1137.731,,,,,,Iteration 2: SSE = 1449.394,,,,,,Iteration 1: SSE = 1909.798
,,,,,,Iteration 3: SSE = 1149.047,,,,,,Iteration 2: SSE = 1451.395
Run 40,,,,,,Iteration 4: SSE = 1139.526,,,,,,Iteration 3: SSE = 1422.97
-----,,,,,,Iteration 5: SSE = 1139.289,,,,,,Iteration 4: SSE = 1347.871
Iteration 1: SSE = 1885.689,,,,,,,,,,,,Iteration 5: SSE = 1204.406
Iteration 2: SSE = 1278.671,,,,,,Run 51,,,,,,Iteration 6: SSE = 1152.961
Iteration 3: SSE = 1147.86,,,,,,-----,,,,,,Iteration 7: SSE = 1139.015
Iteration 4: SSE = 1138.305,,,,,,Iteration 1: SSE = 1954.445,,,,,,Iteration 8: SSE = 1138.454
Iteration 5: SSE = 1137.731,,,,,,Iteration 2: SSE = 1449.394,,,,,,
,,,,,,Iteration 3: SSE = 1149.047,,,,,,Run 44
Run 41,,,,,,Iteration 4: SSE = 1139.526,,,,,,-----
-----,,,,,,Iteration 5: SSE = 1139.289,,,,,,Iteration 1: SSE = 1909.798
Iteration 1: SSE = 1885.689,,,,,,,,,,,,Iteration 2: SSE = 1451.395
Iteration 2: SSE = 1278.671,,,,,,Run 52,,,,,,Iteration 3: SSE = 1422.97
Iteration 3: SSE = 1147.86,,,,,,-----,,,,,,Iteration 4: SSE = 1347.871
Iteration 4: SSE = 1138.305,,,,,,Iteration 1: SSE = 1954.445,,,,,,Iteration 5: SSE = 1204.406
Iteration 5: SSE = 1137.731,,,,,,Iteration 2: SSE = 1449.394,,,,,,Iteration 6: SSE = 1152.961
,,,,,,Iteration 3: SSE = 1149.047,,,,,,Iteration 7: SSE = 1139.015
Run 42,,,,,,Iteration 4: SSE = 1139.526,,,,,,Iteration 8: SSE = 1138.454
-----,,,,,,Iteration 5: SSE = 1139.289,,,,,,
Iteration 1: SSE = 1885.689,,,,,,,,,,,,Run 45
Iteration 2: SSE = 1278.671,,,,,,Run 53,,,,,,-----
Iteration 3: SSE = 1147.86,,,,,,-----,,,,,,Iteration 1: SSE = 1909.798
Iteration 4: SSE = 1138.305,,,,,,Iteration 1: SSE = 1954.445,,,,,,Iteration 2: SSE = 1451.395
Iteration 5: SSE = 1137.731,,,,,,Iteration 2: SSE = 1449.394,,,,,,Iteration 3: SSE = 1422.97
,,,,,,Iteration 3: SSE = 1149.047,,,,,,Iteration 4: SSE = 1347.871
Run 43,,,,,,Iteration 4: SSE = 1139.526,,,,,,Iteration 5: SSE = 1204.406
-----,,,,,,Iteration 5: SSE = 1139.289,,,,,,Iteration 6: SSE = 1152.961
Iteration 1: SSE = 1885.689,,,,,,,,,,,,Iteration 7: SSE = 1139.015
Iteration 2: SSE = 1278.671,,,,,,Run 54,,,,,,Iteration 8: SSE = 1138.454
Iteration 3: SSE = 1147.86,,,,,,-----,,,,,,
Iteration 4: SSE = 1138.305,,,,,,Iteration 1: SSE = 1954.445,,,,,,Run 46
Iteration 5: SSE = 1137.731,,,,,,Iteration 2: SSE = 1449.394,,,,,,-----
,,,,,,Iteration 3: SSE = 1149.047,,,,,,Iteration 1: SSE = 1909.798
Run 44,,,,,,Iteration 4: SSE = 1139.526,,,,,,Iteration 2: SSE = 1451.395
-----,,,,,,Iteration 5: SSE = 1139.289,,,,,,Iteration 3: SSE = 1422.97
Iteration 1: SSE = 1885.689,,,,,,,,,,,,Iteration 4: SSE = 1347.871
Iteration 2: SSE = 1278.671,,,,,,Run 55,,,,,,Iteration 5: SSE = 1204.406
Iteration 3: SSE = 1147.86,,,,,,-----,,,,,,Iteration 6: SSE = 1152.961
Iteration 4: SSE = 1138.305,,,,,,Iteration 1: SSE = 1954.445,,,,,,Iteration 7: SSE = 1139.015
Iteration 5: SSE = 1137.731,,,,,,Iteration 2: SSE = 1449.394,,,,,,Iteration 8: SSE = 1138.454
,,,,,,Iteration 3: SSE = 1149.047,,,,,,
Run 45,,,,,,Iteration 4: SSE = 1139.526,,,,,,Run 47
-----,,,,,,Iteration 5: SSE = 1139.289,,,,,,-----
Iteration 1: SSE = 1885.689,,,,,,,,,,,,Iteration 1: SSE = 1909.798
Iteration 2: SSE = 1278.671,,,,,,Run 56,,,,,,Iteration 2: SSE = 1451.395
Iteration 3: SSE = 1147.86,,,,,,-----,,,,,,Iteration 3: SSE = 1422.97
Iteration 4: SSE = 1138.305,,,,,,Iteration 1: SSE = 1954.445,,,,,,Iteration 4: SSE = 1347.871
Iteration 5: SSE = 1137.731,,,,,,Iteration 2: SSE = 1449.394,,,,,,Iteration 5: SSE = 1204.406
,,,,,,Iteration 3: SSE = 1149.047,,,,,,Iteration 6: SSE = 1152.961
Run 46,,,,,,Iteration 4: SSE = 1139.526,,,,,,Iteration 7: SSE = 1139.015
-----,,,,,,Iteration 5: SSE = 1139.289,,,,,,Iteration 8: SSE = 1138.454
Iteration 1: SSE = 1885.689,,,,,,,,,,,,
Iteration 2: SSE = 1278.671,,,,,,Run 57,,,,,,Run 48
Iteration 3: SSE = 1147.86,,,,,,-----,,,,,,-----
Iteration 4: SSE = 1138.305,,,,,,Iteration 1: SSE = 1954.445,,,,,,Iteration 1: SSE = 1909.798
Iteration 5: SSE = 1137.731,,,,,,Iteration 2: SSE = 1449.394,,,,,,Iteration 2: SSE = 1451.395
,,,,,,Iteration 3: SSE = 1149.047,,,,,,Iteration 3: SSE = 1422.97
Run 47,,,,,,Iteration 4: SSE = 1139.526,,,,,,Iteration 4: SSE = 1347.871
-----,,,,,,Iteration 5: SSE = 1139.289,,,,,,Iteration 5: SSE = 1204.406
Iteration 1: SSE = 1885.689,,,,,,,,,,,,Iteration 6: SSE = 1152.961
Iteration 2: SSE = 1278.671,,,,,,Run 58,,,,,,Iteration 7: SSE = 1139.015
Iteration 3: SSE = 1147.86,,,,,,-----,,,,,,Iteration 8: SSE = 1138.454
Iteration 4: SSE = 1138.305,,,,,,Iteration 1: SSE = 1954.445,,,,,,
Iteration 5: SSE = 1137.731,,,,,,Iteration 2: SSE = 1449.394,,,,,,Run 49
,,,,,,Iteration 3: SSE = 1149.047,,,,,,-----
Run 48,,,,,,Iteration 4: SSE = 1139.526,,,,,,Iteration 1: SSE = 1909.798
-----,,,,,,Iteration 5: SSE = 1139.289,,,,,,Iteration 2: SSE = 1451.395
Iteration 1: SSE = 1885.689,,,,,,,,,,,,Iteration 3: SSE = 1422.97
Iteration 2: SSE = 1278.671,,,,,,Run 59,,,,,,Iteration 4: SSE = 1347.871
Iteration 3: SSE = 1147.86,,,,,,-----,,,,,,Iteration 5: SSE = 1204.406
Iteration 4: SSE = 1138.305,,,,,,Iteration 1: SSE = 1954.445,,,,,,Iteration 6: SSE = 1152.961
Iteration 5: SSE = 1137.731,,,,,,Iteration 2: SSE = 1449.394,,,,,,Iteration 7: SSE = 1139.015
,,,,,,Iteration 3: SSE = 1149.047,,,,,,Iteration 8: SSE = 1138.454
Run 49,,,,,,Iteration 4: SSE = 1139.526,,,,,,
-----,,,,,,Iteration 5: SSE = 1139.289,,,,,,Run 50
Iteration 1: SSE = 1885.689,,,,,,,,,,,,-----
Iteration 2: SSE = 1278.671,,,,,,Run 60,,,,,,Iteration 1: SSE = 1909.798
Iteration 3: SSE = 1147.86,,,,,,-----,,,,,,Iteration 2: SSE = 1451.395
Iteration 4: SSE = 1138.305,,,,,,Iteration 1: SSE = 1954.445,,,,,,Iteration 3: SSE = 1422.97
Iteration 5: SSE = 1137.731,,,,,,Iteration 2: SSE = 1449.394,,,,,,Iteration 4: SSE = 1347.871
,,,,,,Iteration 3: SSE = 1149.047,,,,,,Iteration 5: SSE = 1204.406
Run 50,,,,,,Iteration 4: SSE = 1139.526,,,,,,Iteration 6: SSE = 1152.961
-----,,,,,,Iteration 5: SSE = 1139.289,,,,,,Iteration 7: SSE = 1139.015
Iteration 1: SSE = 1885.689,,,,,,,,,,,,Iteration 8: SSE = 1138.454
Iteration 2: SSE = 1278.671,,,,,,Run 61,,,,,,
Iteration 3: SSE = 1147.86,,,,,,-----,,,,,,Run 51
Iteration 4: SSE = 1138.305,,,,,,Iteration 1: SSE = 1954.445,,,,,,-----
Iteration 5: SSE = 1137.731,,,,,,Iteration 2: SSE = 1449.394,,,,,,Iteration 1: SSE = 1909.798
,,,,,,Iteration 3: SSE = 1149.047,,,,,,Iteration 2: SSE = 1451.395
Run 51,,,,,,Iteration 4: SSE = 1139.526,,,,,,Iteration 3: SSE = 1422.97
-----,,,,,,Iteration 5: SSE = 1139.289,,,,,,Iteration 4: SSE = 1347.871
Iteration 1: SSE = 1885.689,,,,,,,,,,,,Iteration 5: SSE = 1204.406
Iteration 2: SSE = 1278.671,,,,,,Run 62,,,,,,Iteration 6: SSE = 1152.961
Iteration 3: SSE = 1147.86,,,,,,-----,,,,,,Iteration 7: SSE = 1139.015
Iteration 4: SSE = 1138.305,,,,,,Iteration 1: SSE = 1954.445,,,,,,Iteration 8: SSE = 1138.454
Iteration 5: SSE = 1137.731,,,,,,Iteration 2: SSE = 1449.394,,,,,,
,,,,,,Iteration 3: SSE = 1149.047,,,,,,Run 52
Run 52,,,,,,Iteration 4: SSE = 1139.526,,,,,,-----
-----,,,,,,Iteration 5: SSE = 1139.289,,,,,,Iteration 1: SSE = 1909.798
Iteration 1: SSE = 1885.689,,,,,,,,,,,,Iteration 2: SSE = 1451.395
Iteration 2: SSE = 1278.671,,,,,,Run 63,,,,,,Iteration 3: SSE = 1422.97
Iteration 3: SSE = 1147.86,,,,,,-----,,,,,,Iteration 4: SSE = 1347.871
Iteration 4: SSE = 1138.305,,,,,,Iteration 1: SSE = 1954.445,,,,,,Iteration 5: SSE = 1204.406
Iteration 5: SSE = 1137.731,,,,,,Iteration 2: SSE = 1449.394,,,,,,Iteration 6: SSE = 1152.961
,,,,,,Iteration 3: SSE = 1149.047,,,,,,Iteration 7: SSE = 1139.015
Run 53,,,,,,Iteration 4: SSE = 1139.526,,,,,,Iteration 8: SSE = 1138.454
-----,,,,,,Iteration 5: SSE = 1139.289,,,,,,
Iteration 1: SSE = 1885.689,,,,,,,,,,,,Run 53
Iteration 2: SSE = 1278.671,,,,,,Run 64,,,,,,-----
Iteration 3: SSE = 1147.86,,,,,,-----,,,,,,Iteration 1: SSE = 1909.798
Iteration 4: SSE = 1138.305,,,,,,Iteration 1: SSE = 1954.445,,,,,,Iteration 2: SSE = 1451.395
Iteration 5: SSE = 1137.731,,,,,,Iteration 2: SSE = 1449.394,,,,,,Iteration 3: SSE = 1422.97
,,,,,,Iteration 3: SSE = 1149.047,,,,,,Iteration 4: SSE = 1347.871
Run 54,,,,,,Iteration 4: SSE = 1139.526,,,,,,Iteration 5: SSE = 1204.406
-----,,,,,,Iteration 5: SSE = 1139.289,,,,,,Iteration 6: SSE = 1152.961
Iteration 1: SSE = 1885.689,,,,,,,,,,,,Iteration 7: SSE = 1139.015
Iteration 2: SSE = 1278.671,,,,,,Run 65,,,,,,Iteration 8: SSE = 1138.454
Iteration 3: SSE = 1147.86,,,,,,-----,,,,,,
Iteration 4: SSE = 1138.305,,,,,,Iteration 1: SSE = 1954.445,,,,,,Run 54
Iteration 5: SSE = 1137.731,,,,,,Iteration 2: SSE = 1449.394,,,,,,-----
,,,,,,Iteration 3: SSE = 1149.047,,,,,,Iteration 1: SSE = 1909.798
Run 55,,,,,,Iteration 4: SSE = 1139.526,,,,,,Iteration 2: SSE = 1451.395
-----,,,,,,Iteration 5: SSE = 1139.289,,,,,,Iteration 3: SSE = 1422.97
Iteration 1: SSE = 1885.689,,,,,,,,,,,,Iteration 4: SSE = 1347.871
Iteration 2: SSE = 1278.671,,,,,,Run 66,,,,,,Iteration 5: SSE = 1204.406
Iteration 3: SSE = 1147.86,,,,,,-----,,,,,,Iteration 6: SSE = 1152.961
Iteration 4: SSE = 1138.305,,,,,,Iteration 1: SSE = 1954.445,,,,,,Iteration 7: SSE = 1139.015
Iteration 5: SSE = 1137.731,,,,,,Iteration 2: SSE = 1449.394,,,,,,Iteration 8: SSE = 1138.454
,,,,,,Iteration 3: SSE = 1149.047,,,,,,
Run 56,,,,,,Iteration 4: SSE = 1139.526,,,,,,Run 55
-----,,,,,,Iteration 5: SSE = 1139.289,,,,,,-----
Iteration 1: SSE = 1885.689,,,,,,,,,,,,Iteration 1: SSE = 1909.798
Iteration 2: SSE = 1278.671,,,,,,Run 67,,,,,,Iteration 2: SSE = 1451.395
Iteration 3: SSE = 1147.86,,,,,,-----,,,,,,Iteration 3: SSE = 1422.97
Iteration 4: SSE = 1138.305,,,,,,Iteration 1: SSE = 1954.445,,,,,,Iteration 4: SSE = 1347.871
Iteration 5: SSE = 1137.731,,,,,,Iteration 2: SSE = 1449.394,,,,,,Iteration 5: SSE = 1204.406
,,,,,,Iteration 3: SSE = 1149.047,,,,,,Iteration 6: SSE = 1152.961
Run 57,,,,,,Iteration 4: SSE = 1139.526,,,,,,Iteration 7: SSE = 1139.015
-----,,,,,,Iteration 5: SSE = 1139.289,,,,,,Iteration 8: SSE = 1138.454
Iteration 1: SSE = 1885.689,,,,,,,,,,,,
Iteration 2: SSE = 1278.671,,,,,,Run 68,,,,,,Run 56
Iteration 3: SSE = 1147.86,,,,,,-----,,,,,,-----
Iteration 4: SSE = 1138.305,,,,,,Iteration 1: SSE = 1954.445,,,,,,Iteration 1: SSE = 1909.798
Iteration 5: SSE = 1137.731,,,,,,Iteration 2: SSE = 1449.394,,,,,,Iteration 2: SSE = 1451.395
,,,,,,Iteration 3: SSE = 1149.047,,,,,,Iteration 3: SSE = 1422.97
Run 58,,,,,,Iteration 4: SSE = 1139.526,,,,,,Iteration 4: SSE = 1347.871
-----,,,,,,Iteration 5: SSE = 1139.289,,,,,,Iteration 5: SSE = 1204.406
Iteration 1: SSE = 1885.689,,,,,,,,,,,,Iteration 6: SSE = 1152.961
Iteration 2: SSE = 1278.671,,,,,,Run 69,,,,,,Iteration 7: SSE = 1139.015
Iteration 3: SSE = 1147.86,,,,,,-----,,,,,,Iteration 8: SSE = 1138.454
Iteration 4: SSE = 1138.305,,,,,,Iteration 1: SSE = 1954.445,,,,,,
Iteration 5: SSE = 1137.731,,,,,,Iteration 2: SSE = 1449.394,,,,,,Run 57
,,,,,,Iteration 3: SSE = 1149.047,,,,,,-----
Run 59,,,,,,Iteration 4: SSE = 1139.526,,,,,,Iteration 1: SSE = 1909.798
-----,,,,,,Iteration 5: SSE = 1139.289,,,,,,Iteration 2: SSE = 1451.395
Iteration 1: SSE = 1885.689,,,,,,,,,,,,Iteration 3: SSE = 1422.97
Iteration 2: SSE = 1278.671,,,,,,Run 70,,,,,,Iteration 4: SSE = 1347.871
Iteration 3: SSE = 1147.86,,,,,,-----,,,,,,Iteration 5: SSE = 1204.406
Iteration 4: SSE = 1138.305,,,,,,Iteration 1: SSE = 1954.445,,,,,,Iteration 6: SSE = 1152.961
Iteration 5: SSE = 1137.731,,,,,,Iteration 2: SSE = 1449.394,,,,,,Iteration 7: SSE = 1139.015
,,,,,,Iteration 3: SSE = 1149.047,,,,,,Iteration 8: SSE = 1138.454
Run 60,,,,,,Iteration 4: SSE = 1139.526,,,,,,
-----,,,,,,Iteration 5: SSE = 1139.289,,,,,,Run 58
Iteration 1: SSE = 1885.689,,,,,,,,,,,,-----
Iteration 2: SSE = 1278.671,,,,,,Run 71,,,,,,Iteration 1: SSE = 1909.798
Iteration 3: SSE = 1147.86,,,,,,-----,,,,,,Iteration 2: SSE = 1451.395
Iteration 4: SSE = 1138.305,,,,,,Iteration 1: SSE = 1954.445,,,,,,Iteration 3: SSE = 1422.97
Iteration 5: SSE = 1137.731,,,,,,Iteration 2: SSE = 1449.394,,,,,,Iteration 4: SSE = 1347.871
,,,,,,Iteration 3: SSE = 1149.047,,,,,,Iteration 5: SSE = 1204.406
Run 61,,,,,,Iteration 4: SSE = 1139.526,,,,,,Iteration 6: SSE = 1152.961
-----,,,,,,Iteration 5: SSE = 1139.289,,,,,,Iteration 7: SSE = 1139.015
Iteration 1: SSE = 1885.689,,,,,,,,,,,,Iteration 8: SSE = 1138.454
Iteration 2: SSE = 1278.671,,,,,,Run 72,,,,,,
Iteration 3: SSE = 1147.86,,,,,,-----,,,,,,Run 59
Iteration 4: SSE = 1138.305,,,,,,Iteration 1: SSE = 1954.445,,,,,,-----
Iteration 5: SSE = 1137.731,,,,,,Iteration 2: SSE = 1449.394,,,,,,Iteration 1: SSE = 1909.798
,,,,,,Iteration 3: SSE = 1149.047,,,,,,Iteration 2: SSE = 1451.395
Run 62,,,,,,Iteration 4: SSE = 1139.526,,,,,,Iteration 3: SSE = 1422.97
-----,,,,,,Iteration 5: SSE = 1139.289,,,,,,Iteration 4: SSE = 1347.871
Iteration 1: SSE = 1885.689,,,,,,,,,,,,Iteration 5: SSE = 1204.406
Iteration 2: SSE = 1278.671,,,,,,Run 73,,,,,,Iteration 6: SSE = 1152.961
Iteration 3: SSE = 1147.86,,,,,,-----,,,,,,Iteration 7: SSE = 1139.015
Iteration 4: SSE = 1138.305,,,,,,Iteration 1: SSE = 1954.445,,,,,,Iteration 8: SSE = 1138.454
Iteration 5: SSE = 1137.731,,,,,,Iteration 2: SSE = 1449.394,,,,,,
,,,,,,Iteration 3: SSE = 1149.047,,,,,,Run 60
Run 63,,,,,,Iteration 4: SSE = 1139.526,,,,,,-----
-----,,,,,,Iteration 5: SSE = 1139.289,,,,,,Iteration 1: SSE = 1909.798
Iteration 1: SSE = 1885.689,,,,,,,,,,,,Iteration 2: SSE = 1451.395
Iteration 2: SSE = 1278.671,,,,,,Run 74,,,,,,Iteration 3: SSE = 1422.97
Iteration 3: SSE = 1147.86,,,,,,-----,,,,,,Iteration 4: SSE = 1347.871
Iteration 4: SSE = 1138.305,,,,,,Iteration 1: SSE = 1954.445,,,,,,Iteration 5: SSE = 1204.406
Iteration 5: SSE = 1137.731,,,,,,Iteration 2: SSE = 1449.394,,,,,,Iteration 6: SSE = 1152.961
,,,,,,Iteration 3: SSE = 1149.047,,,,,,Iteration 7: SSE = 1139.015
Run 64,,,,,,Iteration 4: SSE = 1139.526,,,,,,Iteration 8: SSE = 1138.454
-----,,,,,,Iteration 5: SSE = 1139.289,,,,,,
Iteration 1: SSE = 1885.689,,,,,,,,,,,,Run 61
Iteration 2: SSE = 1278.671,,,,,,Run 75,,,,,,-----
Iteration 3: SSE = 1147.86,,,,,,-----,,,,,,Iteration 1: SSE = 1909.798
Iteration 4: SSE = 1138.305,,,,,,Iteration 1: SSE = 1954.445,,,,,,Iteration 2: SSE = 1451.395
Iteration 5: SSE = 1137.731,,,,,,Iteration 2: SSE = 1449.394,,,,,,Iteration 3: SSE = 1422.97
,,,,,,Iteration 3: SSE = 1149.047,,,,,,Iteration 4: SSE = 1347.871
Run 65,,,,,,Iteration 4: SSE = 1139.526,,,,,,Iteration 5: SSE = 1204.406
-----,,,,,,Iteration 5: SSE = 1139.289,,,,,,Iteration 6: SSE = 1152.961
Iteration 1: SSE = 1885.689,,,,,,,,,,,,Iteration 7: SSE = 1139.015
Iteration 2: SSE = 1278.671,,,,,,Run 76,,,,,,Iteration 8: SSE = 1138.454
Iteration 3: SSE = 1147.86,,,,,,-----,,,,,,
Iteration 4: SSE = 1138.305,,,,,,Iteration 1: SSE = 1954.445,,,,,,Run 62
Iteration 5: SSE = 1137.731,,,,,,Iteration 2: SSE = 1449.394,,,,,,-----
,,,,,,Iteration 3: SSE = 1149.047,,,,,,Iteration 1: SSE = 1909.798
Run 66,,,,,,Iteration 4: SSE = 1139.526,,,,,,Iteration 2: SSE = 1451.395
-----,,,,,,Iteration 5: SSE = 1139.289,,,,,,Iteration 3: SSE = 1422.97
Iteration 1: SSE = 1885.689,,,,,,,,,,,,Iteration 4: SSE = 1347.871
Iteration 2: SSE = 1278.671,,,,,,Run 77,,,,,,Iteration 5: SSE = 1204.406
Iteration 3: SSE = 1147.86,,,,,,-----,,,,,,Iteration 6: SSE = 1152.961
Iteration 4: SSE = 1138.305,,,,,,Iteration 1: SSE = 1954.445,,,,,,Iteration 7: SSE = 1139.015
Iteration 5: SSE = 1137.731,,,,,,Iteration 2: SSE = 1449.394,,,,,,Iteration 8: SSE = 1138.454
,,,,,,Iteration 3: SSE = 1149.047,,,,,,
Run 67,,,,,,Iteration 4: SSE = 1139.526,,,,,,Run 63
-----,,,,,,Iteration 5: SSE = 1139.289,,,,,,-----
Iteration 1: SSE = 1885.689,,,,,,,,,,,,Iteration 1: SSE = 1909.798
Iteration 2: SSE = 1278.671,,,,,,Run 78,,,,,,Iteration 2: SSE = 1451.395
Iteration 3: SSE = 1147.86,,,,,,-----,,,,,,Iteration 3: SSE = 1422.97
Iteration 4: SSE = 1138.305,,,,,,Iteration 1: SSE = 1954.445,,,,,,Iteration 4: SSE = 1347.871
Iteration 5: SSE = 1137.731,,,,,,Iteration 2: SSE = 1449.394,,,,,,Iteration 5: SSE = 1204.406
,,,,,,Iteration 3: SSE = 1149.047,,,,,,Iteration 6: SSE = 1152.961
Run 68,,,,,,Iteration 4: SSE = 1139.526,,,,,,Iteration 7: SSE = 1139.015
-----,,,,,,Iteration 5: SSE = 1139.289,,,,,,Iteration 8: SSE = 1138.454
Iteration 1: SSE = 1885.689,,,,,,,,,,,,
Iteration 2: SSE = 1278.671,,,,,,Run 79,,,,,,Run 64
Iteration 3: SSE = 1147.86,,,,,,-----,,,,,,-----
Iteration 4: SSE = 1138.305,,,,,,Iteration 1: SSE = 1954.445,,,,,,Iteration 1: SSE = 1909.798
Iteration 5: SSE = 1137.731,,,,,,Iteration 2: SSE = 1449.394,,,,,,Iteration 2: SSE = 1451.395
,,,,,,Iteration 3: SSE = 1149.047,,,,,,Iteration 3: SSE = 1422.97
Run 69,,,,,,Iteration 4: SSE = 1139.526,,,,,,Iteration 4: SSE = 1347.871
-----,,,,,,Iteration 5: SSE = 1139.289,,,,,,Iteration 5: SSE = 1204.406
Iteration 1: SSE = 1885.689,,,,,,,,,,,,Iteration 6: SSE = 1152.961
Iteration 2: SSE = 1278.671,,,,,,Run 80,,,,,,Iteration 7: SSE = 1139.015
Iteration 3: SSE = 1147.86,,,,,,-----,,,,,,Iteration 8: SSE = 1138.454
Iteration 4: SSE = 1138.305,,,,,,Iteration 1: SSE = 1954.445,,,,,,
Iteration 5: SSE = 1137.731,,,,,,Iteration 2: SSE = 1449.394,,,,,,Run 65
,,,,,,Iteration 3: SSE = 1149.047,,,,,,-----
Run 70,,,,,,Iteration 4: SSE = 1139.526,,,,,,Iteration 1: SSE = 1909.798
-----,,,,,,Iteration 5: SSE = 1139.289,,,,,,Iteration 2: SSE = 1451.395
Iteration 1: SSE = 1885.689,,,,,,,,,,,,Iteration 3: SSE = 1422.97
Iteration 2: SSE = 1278.671,,,,,,Run 81,,,,,,Iteration 4: SSE = 1347.871
Iteration 3: SSE = 1147.86,,,,,,-----,,,,,,Iteration 5: SSE = 1204.406
Iteration 4: SSE = 1138.305,,,,,,Iteration 1: SSE = 1954.445,,,,,,Iteration 6: SSE = 1152.961
Iteration 5: SSE = 1137.731,,,,,,Iteration 2: SSE = 1449.394,,,,,,Iteration 7: SSE = 1139.015
,,,,,,Iteration 3: SSE = 1149.047,,,,,,Iteration 8: SSE = 1138.454
Run 71,,,,,,Iteration 4: SSE = 1139.526,,,,,,
-----,,,,,,Iteration 5: SSE = 1139.289,,,,,,Run 66
Iteration 1: SSE = 1885.689,,,,,,,,,,,,-----
Iteration 2: SSE = 1278.671,,,,,,Run 82,,,,,,Iteration 1: SSE = 1909.798
Iteration 3: SSE = 1147.86,,,,,,-----,,,,,,Iteration 2: SSE = 1451.395
Iteration 4: SSE = 1138.305,,,,,,Iteration 1: SSE = 1954.445,,,,,,Iteration 3: SSE = 1422.97
Iteration 5: SSE = 1137.731,,,,,,Iteration 2: SSE = 1449.394,,,,,,Iteration 4: SSE = 1347.871
,,,,,,Iteration 3: SSE = 1149.047,,,,,,Iteration 5: SSE = 1204.406
Run 72,,,,,,Iteration 4: SSE = 1139.526,,,,,,Iteration 6: SSE = 1152.961
-----,,,,,,Iteration 5: SSE = 1139.289,,,,,,Iteration 7: SSE = 1139.015
Iteration 1: SSE = 1885.689,,,,,,,,,,,,Iteration 8: SSE = 1138.454
Iteration 2: SSE = 1278.671,,,,,,Run 83,,,,,,
Iteration 3: SSE = 1147.86,,,,,,-----,,,,,,Run 67
Iteration 4: SSE = 1138.305,,,,,,Iteration 1: SSE = 1954.445,,,,,,-----
Iteration 5: SSE = 1137.731,,,,,,Iteration 2: SSE = 1449.394,,,,,,Iteration 1: SSE = 1909.798
,,,,,,Iteration 3: SSE = 1149.047,,,,,,Iteration 2: SSE = 1451.395
Run 73,,,,,,Iteration 4: SSE = 1139.526,,,,,,Iteration 3: SSE = 1422.97
-----,,,,,,Iteration 5: SSE = 1139.289,,,,,,Iteration 4: SSE = 1347.871
Iteration 1: SSE = 1885.689,,,,,,,,,,,,Iteration 5: SSE = 1204.406
Iteration 2: SSE = 1278.671,,,,,,Run 84,,,,,,Iteration 6: SSE = 1152.961
Iteration 3: SSE = 1147.86,,,,,,-----,,,,,,Iteration 7: SSE = 1139.015
Iteration 4: SSE = 1138.305,,,,,,Iteration 1: SSE = 1954.445,,,,,,Iteration 8: SSE = 1138.454
Iteration 5: SSE = 1137.731,,,,,,Iteration 2: SSE = 1449.394,,,,,,
,,,,,,Iteration 3: SSE = 1149.047,,,,,,Run 68
Run 74,,,,,,Iteration 4: SSE = 1139.526,,,,,,-----
-----,,,,,,Iteration 5: SSE = 1139.289,,,,,,Iteration 1: SSE = 1909.798
Iteration 1: SSE = 1885.689,,,,,,,,,,,,Iteration 2: SSE = 1451.395
Iteration 2: SSE = 1278.671,,,,,,Run 85,,,,,,Iteration 3: SSE = 1422.97
Iteration 3: SSE = 1147.86,,,,,,-----,,,,,,Iteration 4: SSE = 1347.871
Iteration 4: SSE = 1138.305,,,,,,Iteration 1: SSE = 1954.445,,,,,,Iteration 5: SSE = 1204.406
Iteration 5: SSE = 1137.731,,,,,,Iteration 2: SSE = 1449.394,,,,,,Iteration 6: SSE = 1152.961
,,,,,,Iteration 3: SSE = 1149.047,,,,,,Iteration 7: SSE = 1139.015
Run 75,,,,,,Iteration 4: SSE = 1139.526,,,,,,Iteration 8: SSE = 1138.454
-----,,,,,,Iteration 5: SSE = 1139.289,,,,,,
Iteration 1: SSE = 1885.689,,,,,,,,,,,,Run 69
Iteration 2: SSE = 1278.671,,,,,,Run 86,,,,,,-----
Iteration 3: SSE = 1147.86,,,,,,-----,,,,,,Iteration 1: SSE = 1909.798
Iteration 4: SSE = 1138.305,,,,,,Iteration 1: SSE = 1954.445,,,,,,Iteration 2: SSE = 1451.395
Iteration 5: SSE = 1137.731,,,,,,Iteration 2: SSE = 1449.394,,,,,,Iteration 3: SSE = 1422.97
,,,,,,Iteration 3: SSE = 1149.047,,,,,,Iteration 4: SSE = 1347.871
Run 76,,,,,,Iteration 4: SSE = 1139.526,,,,,,Iteration 5: SSE = 1204.406
-----,,,,,,Iteration 5: SSE = 1139.289,,,,,,Iteration 6: SSE = 1152.961
Iteration 1: SSE = 1885.689,,,,,,,,,,,,Iteration 7: SSE = 1139.015
Iteration 2: SSE = 1278.671,,,,,,Run 87,,,,,,Iteration 8: SSE = 1138.454
Iteration 3: SSE = 1147.86,,,,,,-----,,,,,,
Iteration 4: SSE = 1138.305,,,,,,Iteration 1: SSE = 1954.445,,,,,,Run 70
Iteration 5: SSE = 1137.731,,,,,,Iteration 2: SSE = 1449.394,,,,,,-----
,,,,,,Iteration 3: SSE = 1149.047,,,,,,Iteration 1: SSE = 1909.798
Run 77,,,,,,Iteration 4: SSE = 1139.526,,,,,,Iteration 2: SSE = 1451.395
-----,,,,,,Iteration 5: SSE = 1139.289,,,,,,Iteration 3: SSE = 1422.97
Iteration 1: SSE = 1885.689,,,,,,,,,,,,Iteration 4: SSE = 1347.871
Iteration 2: SSE = 1278.671,,,,,,Run 88,,,,,,Iteration 5: SSE = 1204.406
Iteration 3: SSE = 1147.86,,,,,,-----,,,,,,Iteration 6: SSE = 1152.961
Iteration 4: SSE = 1138.305,,,,,,Iteration 1: SSE = 1954.445,,,,,,Iteration 7: SSE = 1139.015
Iteration 5: SSE = 1137.731,,,,,,Iteration 2: SSE = 1449.394,,,,,,Iteration 8: SSE = 1138.454
,,,,,,Iteration 3: SSE = 1149.047,,,,,,
Run 78,,,,,,Iteration 4: SSE = 1139.526,,,,,,Run 71
-----,,,,,,Iteration 5: SSE = 1139.289,,,,,,-----
Iteration 1: SSE = 1885.689,,,,,,,,,,,,Iteration 1: SSE = 1909.798
Iteration 2: SSE = 1278.671,,,,,,Run 89,,,,,,Iteration 2: SSE = 1451.395
Iteration 3: SSE = 1147.86,,,,,,-----,,,,,,Iteration 3: SSE = 1422.97
Iteration 4: SSE = 1138.305,,,,,,Iteration 1: SSE = 1954.445,,,,,,Iteration 4: SSE = 1347.871
Iteration 5: SSE = 1137.731,,,,,,Iteration 2: SSE = 1449.394,,,,,,Iteration 5: SSE = 1204.406
,,,,,,Iteration 3: SSE = 1149.047,,,,,,Iteration 6: SSE = 1152.961
Run 79,,,,,,Iteration 4: SSE = 1139.526,,,,,,Iteration 7: SSE = 1139.015
-----,,,,,,Iteration 5: SSE = 1139.289,,,,,,Iteration 8: SSE = 1138.454
Iteration 1: SSE = 1885.689,,,,,,,,,,,,
Iteration 2: SSE = 1278.671,,,,,,Run 90,,,,,,Run 72
Iteration 3: SSE = 1147.86,,,,,,-----,,,,,,-----
Iteration 4: SSE = 1138.305,,,,,,Iteration 1: SSE = 1954.445,,,,,,Iteration 1: SSE = 1909.798
Iteration 5: SSE = 1137.731,,,,,,Iteration 2: SSE = 1449.394,,,,,,Iteration 2: SSE = 1451.395
,,,,,,Iteration 3: SSE = 1149.047,,,,,,Iteration 3: SSE = 1422.97
Run 80,,,,,,Iteration 4: SSE = 1139.526,,,,,,Iteration 4: SSE = 1347.871
-----,,,,,,Iteration 5: SSE = 1139.289,,,,,,Iteration 5: SSE = 1204.406
Iteration 1: SSE = 1875.789,,,,,,,,,,,,Iteration 6: SSE = 1152.961
Iteration 2: SSE = 1266.74,,,,,,Run 91,,,,,,Iteration 7: SSE = 1139.015
Iteration 3: SSE = 1154.286,,,,,,-----,,,,,,Iteration 8: SSE = 1138.454
Iteration 4: SSE = 1137.825,,,,,,Iteration 1: SSE = 1954.445,,,,,,
Iteration 5: SSE = 1136.609,,,,,,Iteration 2: SSE = 1449.394,,,,,,Run 73
Iteration 6: SSE = 1136.609,,,,,,Iteration 3: SSE = 1149.047,,,,,,-----
,,,,,,Iteration 4: SSE = 1139.526,,,,,,Iteration 1: SSE = 1909.798
Run 81,,,,,,Iteration 5: SSE = 1139.289,,,,,,Iteration 2: SSE = 1451.395
-----,,,,,,,,,,,,Iteration 3: SSE = 1422.97
Iteration 1: SSE = 1875.789,,,,,,Run 92,,,,,,Iteration 4: SSE = 1347.871
Iteration 2: SSE = 1266.74,,,,,,-----,,,,,,Iteration 5: SSE = 1204.406
Iteration 3: SSE = 1154.286,,,,,,Iteration 1: SSE = 1954.445,,,,,,Iteration 6: SSE = 1152.961
Iteration 4: SSE = 1137.825,,,,,,Iteration 2: SSE = 1449.394,,,,,,Iteration 7: SSE = 1139.015
Iteration 5: SSE = 1136.609,,,,,,Iteration 3: SSE = 1149.047,,,,,,Iteration 8: SSE = 1138.454
Iteration 6: SSE = 1136.609,,,,,,Iteration 4: SSE = 1139.526,,,,,,
,,,,,,Iteration 5: SSE = 1139.289,,,,,,Run 74
Run 82,,,,,,,,,,,,-----
-----,,,,,,Run 93,,,,,,Iteration 1: SSE = 1909.798
Iteration 1: SSE = 1875.789,,,,,,-----,,,,,,Iteration 2: SSE = 1451.395
Iteration 2: SSE = 1266.74,,,,,,Iteration 1: SSE = 1954.445,,,,,,Iteration 3: SSE = 1422.97
Iteration 3: SSE = 1154.286,,,,,,Iteration 2: SSE = 1449.394,,,,,,Iteration 4: SSE = 1347.871
Iteration 4: SSE = 1137.825,,,,,,Iteration 3: SSE = 1149.047,,,,,,Iteration 5: SSE = 1204.406
Iteration 5: SSE = 1136.609,,,,,,Iteration 4: SSE = 1139.526,,,,,,Iteration 6: SSE = 1152.961
Iteration 6: SSE = 1136.609,,,,,,Iteration 5: SSE = 1139.289,,,,,,Iteration 7: SSE = 1139.015
,,,,,,,,,,,,Iteration 8: SSE = 1138.454
Run 83,,,,,,Run 94,,,,,,
-----,,,,,,-----,,,,,,Run 75
Iteration 1: SSE = 1875.789,,,,,,Iteration 1: SSE = 1954.445,,,,,,-----
Iteration 2: SSE = 1266.74,,,,,,Iteration 2: SSE = 1449.394,,,,,,Iteration 1: SSE = 1825.738
Iteration 3: SSE = 1154.286,,,,,,Iteration 3: SSE = 1149.047,,,,,,Iteration 2: SSE = 1284.354
Iteration 4: SSE = 1137.825,,,,,,Iteration 4: SSE = 1139.526,,,,,,Iteration 3: SSE = 1165.61
Iteration 5: SSE = 1136.609,,,,,,Iteration 5: SSE = 1139.289,,,,,,Iteration 4: SSE = 1141.856
Iteration 6: SSE = 1136.609,,,,,,,,,,,,Iteration 5: SSE = 1139.285
,,,,,,Run 95,,,,,,Iteration 6: SSE = 1139.285
Run 84,,,,,,-----,,,,,,
-----,,,,,,Iteration 1: SSE = 1954.445,,,,,,Run 76
Iteration 1: SSE = 1875.789,,,,,,Iteration 2: SSE = 1449.394,,,,,,-----
Iteration 2: SSE = 1266.74,,,,,,Iteration 3: SSE = 1149.047,,,,,,Iteration 1: SSE = 1825.738
Iteration 3: SSE = 1154.286,,,,,,Iteration 4: SSE = 1139.526,,,,,,Iteration 2: SSE = 1284.354
Iteration 4: SSE = 1137.825,,,,,,Iteration 5: SSE = 1139.289,,,,,,Iteration 3: SSE = 1165.61
Iteration 5: SSE = 1136.609,,,,,,,,,,,,Iteration 4: SSE = 1141.856
Iteration 6: SSE = 1136.609,,,,,,Run 96,,,,,,Iteration 5: SSE = 1139.285
,,,,,,-----,,,,,,Iteration 6: SSE = 1139.285
Run 85,,,,,,Iteration 1: SSE = 1954.445,,,,,,
-----,,,,,,Iteration 2: SSE = 1449.394,,,,,,Run 77
Iteration 1: SSE = 1875.789,,,,,,Iteration 3: SSE = 1149.047,,,,,,-----
Iteration 2: SSE = 1266.74,,,,,,Iteration 4: SSE = 1139.526,,,,,,Iteration 1: SSE = 1825.738
Iteration 3: SSE = 1154.286,,,,,,Iteration 5: SSE = 1139.289,,,,,,Iteration 2: SSE = 1284.354
Iteration 4: SSE = 1137.825,,,,,,,,,,,,Iteration 3: SSE = 1165.61
Iteration 5: SSE = 1136.609,,,,,,Run 97,,,,,,Iteration 4: SSE = 1141.856
Iteration 6: SSE = 1136.609,,,,,,-----,,,,,,Iteration 5: SSE = 1139.285
,,,,,,Iteration 1: SSE = 1954.445,,,,,,Iteration 6: SSE = 1139.285
Run 86,,,,,,Iteration 2: SSE = 1449.394,,,,,,
-----,,,,,,Iteration 3: SSE = 1149.047,,,,,,Run 78
Iteration 1: SSE = 1875.789,,,,,,Iteration 4: SSE = 1139.526,,,,,,-----
Iteration 2: SSE = 1266.74,,,,,,Iteration 5: SSE = 1139.289,,,,,,Iteration 1: SSE = 1825.738
Iteration 3: SSE = 1154.286,,,,,,,,,,,,Iteration 2: SSE = 1284.354
Iteration 4: SSE = 1137.825,,,,,,Run 98,,,,,,Iteration 3: SSE = 1165.61
Iteration 5: SSE = 1136.609,,,,,,-----,,,,,,Iteration 4: SSE = 1141.856
Iteration 6: SSE = 1136.609,,,,,,Iteration 1: SSE = 1954.445,,,,,,Iteration 5: SSE = 1139.285
,,,,,,Iteration 2: SSE = 1449.394,,,,,,Iteration 6: SSE = 1139.285
Run 87,,,,,,Iteration 3: SSE = 1149.047,,,,,,
-----,,,,,,Iteration 4: SSE = 1139.526,,,,,,Run 79
Iteration 1: SSE = 1875.789,,,,,,Iteration 5: SSE = 1139.289,,,,,,-----
Iteration 2: SSE = 1266.74,,,,,,,,,,,,Iteration 1: SSE = 1825.738
Iteration 3: SSE = 1154.286,,,,,,Run 99,,,,,,Iteration 2: SSE = 1284.354
Iteration 4: SSE = 1137.825,,,,,,-----,,,,,,Iteration 3: SSE = 1165.61
Iteration 5: SSE = 1136.609,,,,,,Iteration 1: SSE = 1954.445,,,,,,Iteration 4: SSE = 1141.856
Iteration 6: SSE = 1136.609,,,,,,Iteration 2: SSE = 1449.394,,,,,,Iteration 5: SSE = 1139.285
,,,,,,Iteration 3: SSE = 1149.047,,,,,,Iteration 6: SSE = 1139.285
Run 88,,,,,,Iteration 4: SSE = 1139.526,,,,,,
-----,,,,,,Iteration 5: SSE = 1139.289,,,,,,Run 80
Iteration 1: SSE = 1875.789,,,,,,,,,,,,-----
Iteration 2: SSE = 1266.74,,,,,,Run 100,,,,,,Iteration 1: SSE = 1825.738
Iteration 3: SSE = 1154.286,,,,,,-----,,,,,,Iteration 2: SSE = 1284.354
Iteration 4: SSE = 1137.825,,,,,,Iteration 1: SSE = 1954.445,,,,,,Iteration 3: SSE = 1165.61
Iteration 5: SSE = 1136.609,,,,,,Iteration 2: SSE = 1449.394,,,,,,Iteration 4: SSE = 1141.856
Iteration 6: SSE = 1136.609,,,,,,Iteration 3: SSE = 1149.047,,,,,,Iteration 5: SSE = 1139.285
,,,,,,Iteration 4: SSE = 1139.526,,,,,,Iteration 6: SSE = 1139.285
Run 89,,,,,,Iteration 5: SSE = 1139.289,,,,,,
-----,,,,,,,,,,,,Run 81
Iteration 1: SSE = 1875.789,,,,,,Best Run: 1 SSE: 1136.609,,,,,,-----
Iteration 2: SSE = 1266.74,,,,,,,,,,,,Iteration 1: SSE = 1825.738
Iteration 3: SSE = 1154.286,,,,,,,,,,,,Iteration 2: SSE = 1284.354
Iteration 4: SSE = 1137.825,,,,,,,,,,,,Iteration 3: SSE = 1165.61
Iteration 5: SSE = 1136.609,,,,,,,,,,,,Iteration 4: SSE = 1141.856
Iteration 6: SSE = 1136.609,,,,,,,,,,,,Iteration 5: SSE = 1139.285
,,,,,,,,,,,,Iteration 6: SSE = 1139.285
Run 90,,,,,,,,,,,,
-----,,,,,,,,,,,,Run 82
Iteration 1: SSE = 1875.789,,,,,,,,,,,,-----
Iteration 2: SSE = 1266.74,,,,,,,,,,,,Iteration 1: SSE = 1825.738
Iteration 3: SSE = 1154.286,,,,,,,,,,,,Iteration 2: SSE = 1284.354
Iteration 4: SSE = 1137.825,,,,,,,,,,,,Iteration 3: SSE = 1165.61
Iteration 5: SSE = 1136.609,,,,,,,,,,,,Iteration 4: SSE = 1141.856
Iteration 6: SSE = 1136.609,,,,,,,,,,,,Iteration 5: SSE = 1139.285
,,,,,,,,,,,,Iteration 6: SSE = 1139.285
Run 91,,,,,,,,,,,,
-----,,,,,,,,,,,,Run 83
Iteration 1: SSE = 1875.789,,,,,,,,,,,,-----
Iteration 2: SSE = 1266.74,,,,,,,,,,,,Iteration 1: SSE = 1825.738
Iteration 3: SSE = 1154.286,,,,,,,,,,,,Iteration 2: SSE = 1284.354
Iteration 4: SSE = 1137.825,,,,,,,,,,,,Iteration 3: SSE = 1165.61
Iteration 5: SSE = 1136.609,,,,,,,,,,,,Iteration 4: SSE = 1141.856
Iteration 6: SSE = 1136.609,,,,,,,,,,,,Iteration 5: SSE = 1139.285
,,,,,,,,,,,,Iteration 6: SSE = 1139.285
Run 92,,,,,,,,,,,,
-----,,,,,,,,,,,,Run 84
Iteration 1: SSE = 1875.789,,,,,,,,,,,,-----
Iteration 2: SSE = 1266.74,,,,,,,,,,,,Iteration 1: SSE = 1825.738
Iteration 3: SSE = 1154.286,,,,,,,,,,,,Iteration 2: SSE = 1284.354
Iteration 4: SSE = 1137.825,,,,,,,,,,,,Iteration 3: SSE = 1165.61
Iteration 5: SSE = 1136.609,,,,,,,,,,,,Iteration 4: SSE = 1141.856
Iteration 6: SSE = 1136.609,,,,,,,,,,,,Iteration 5: SSE = 1139.285
,,,,,,,,,,,,Iteration 6: SSE = 1139.285
Run 93,,,,,,,,,,,,
-----,,,,,,,,,,,,Run 85
Iteration 1: SSE = 1875.789,,,,,,,,,,,,-----
Iteration 2: SSE = 1266.74,,,,,,,,,,,,Iteration 1: SSE = 1825.738
Iteration 3: SSE = 1154.286,,,,,,,,,,,,Iteration 2: SSE = 1284.354
Iteration 4: SSE = 1137.825,,,,,,,,,,,,Iteration 3: SSE = 1165.61
Iteration 5: SSE = 1136.609,,,,,,,,,,,,Iteration 4: SSE = 1141.856
Iteration 6: SSE = 1136.609,,,,,,,,,,,,Iteration 5: SSE = 1139.285
,,,,,,,,,,,,Iteration 6: SSE = 1139.285
Run 94,,,,,,,,,,,,
-----,,,,,,,,,,,,Run 86
Iteration 1: SSE = 1875.789,,,,,,,,,,,,-----
Iteration 2: SSE = 1266.74,,,,,,,,,,,,Iteration 1: SSE = 1825.738
Iteration 3: SSE = 1154.286,,,,,,,,,,,,Iteration 2: SSE = 1284.354
Iteration 4: SSE = 1137.825,,,,,,,,,,,,Iteration 3: SSE = 1165.61
Iteration 5: SSE = 1136.609,,,,,,,,,,,,Iteration 4: SSE = 1141.856
Iteration 6: SSE = 1136.609,,,,,,,,,,,,Iteration 5: SSE = 1139.285
,,,,,,,,,,,,Iteration 6: SSE = 1139.285
Run 95,,,,,,,,,,,,
-----,,,,,,,,,,,,Run 87
Iteration 1: SSE = 1875.789,,,,,,,,,,,,-----
Iteration 2: SSE = 1266.74,,,,,,,,,,,,Iteration 1: SSE = 1825.738
Iteration 3: SSE = 1154.286,,,,,,,,,,,,Iteration 2: SSE = 1284.354
Iteration 4: SSE = 1137.825,,,,,,,,,,,,Iteration 3: SSE = 1165.61
Iteration 5: SSE = 1136.609,,,,,,,,,,,,Iteration 4: SSE = 1141.856
Iteration 6: SSE = 1136.609,,,,,,,,,,,,Iteration 5: SSE = 1139.285
,,,,,,,,,,,,Iteration 6: SSE = 1139.285
Run 96,,,,,,,,,,,,
-----,,,,,,,,,,,,Run 88
Iteration 1: SSE = 1875.789,,,,,,,,,,,,-----
Iteration 2: SSE = 1266.74,,,,,,,,,,,,Iteration 1: SSE = 1825.738
Iteration 3: SSE = 1154.286,,,,,,,,,,,,Iteration 2: SSE = 1284.354
Iteration 4: SSE = 1137.825,,,,,,,,,,,,Iteration 3: SSE = 1165.61
Iteration 5: SSE = 1136.609,,,,,,,,,,,,Iteration 4: SSE = 1141.856
Iteration 6: SSE = 1136.609,,,,,,,,,,,,Iteration 5: SSE = 1139.285
,,,,,,,,,,,,Iteration 6: SSE = 1139.285
Run 97,,,,,,,,,,,,
-----,,,,,,,,,,,,Run 89
Iteration 1: SSE = 1875.789,,,,,,,,,,,,-----
Iteration 2: SSE = 1266.74,,,,,,,,,,,,Iteration 1: SSE = 1825.738
Iteration 3: SSE = 1154.286,,,,,,,,,,,,Iteration 2: SSE = 1284.354
Iteration 4: SSE = 1137.825,,,,,,,,,,,,Iteration 3: SSE = 1165.61
Iteration 5: SSE = 1136.609,,,,,,,,,,,,Iteration 4: SSE = 1141.856
Iteration 6: SSE = 1136.609,,,,,,,,,,,,Iteration 5: SSE = 1139.285
,,,,,,,,,,,,Iteration 6: SSE = 1139.285
Run 98,,,,,,,,,,,,
-----,,,,,,,,,,,,Run 90
Iteration 1: SSE = 1875.789,,,,,,,,,,,,-----
Iteration 2: SSE = 1266.74,,,,,,,,,,,,Iteration 1: SSE = 1825.738
Iteration 3: SSE = 1154.286,,,,,,,,,,,,Iteration 2: SSE = 1284.354
Iteration 4: SSE = 1137.825,,,,,,,,,,,,Iteration 3: SSE = 1165.61
Iteration 5: SSE = 1136.609,,,,,,,,,,,,Iteration 4: SSE = 1141.856
Iteration 6: SSE = 1136.609,,,,,,,,,,,,Iteration 5: SSE = 1139.285
,,,,,,,,,,,,Iteration 6: SSE = 1139.285
Run 99,,,,,,,,,,,,
-----,,,,,,,,,,,,Run 91
Iteration 1: SSE = 1875.789,,,,,,,,,,,,-----
Iteration 2: SSE = 1266.74,,,,,,,,,,,,Iteration 1: SSE = 1825.738
Iteration 3: SSE = 1154.286,,,,,,,,,,,,Iteration 2: SSE = 1284.354
Iteration 4: SSE = 1137.825,,,,,,,,,,,,Iteration 3: SSE = 1165.61
Iteration 5: SSE = 1136.609,,,,,,,,,,,,Iteration 4: SSE = 1141.856
Iteration 6: SSE = 1136.609,,,,,,,,,,,,Iteration 5: SSE = 1139.285
,,,,,,,,,,,,Iteration 6: SSE = 1139.285
Run 100,,,,,,,,,,,,
-----,,,,,,,,,,,,Run 92
Iteration 1: SSE = 1875.789,,,,,,,,,,,,-----
Iteration 2: SSE = 1266.74,,,,,,,,,,,,Iteration 1: SSE = 1825.738
Iteration 3: SSE = 1154.286,,,,,,,,,,,,Iteration 2: SSE = 1284.354
Iteration 4: SSE = 1137.825,,,,,,,,,,,,Iteration 3: SSE = 1165.61
Iteration 5: SSE = 1136.609,,,,,,,,,,,,Iteration 4: SSE = 1141.856
Iteration 6: SSE = 1136.609,,,,,,,,,,,,Iteration 5: SSE = 1139.285
,,,,,,,,,,,,Iteration 6: SSE = 1139.285
Best Run: 1 SSE: 1136.609,,,,,,,,,,,,
,,,,,,,,,,,,Run 93
,,,,,,,,,,,,-----
,,,,,,,,,,,,Iteration 1: SSE = 1825.738
,,,,,,,,,,,,Iteration 2: SSE = 1284.354
,,,,,,,,,,,,Iteration 3: SSE = 1165.61
,,,,,,,,,,,,Iteration 4: SSE = 1141.856
,,,,,,,,,,,,Iteration 5: SSE = 1139.285
,,,,,,,,,,,,Iteration 6: SSE = 1139.285
,,,,,,,,,,,,
,,,,,,,,,,,,Run 94
,,,,,,,,,,,,-----
,,,,,,,,,,,,Iteration 1: SSE = 1825.738
,,,,,,,,,,,,Iteration 2: SSE = 1284.354
,,,,,,,,,,,,Iteration 3: SSE = 1165.61
,,,,,,,,,,,,Iteration 4: SSE = 1141.856
,,,,,,,,,,,,Iteration 5: SSE = 1139.285
,,,,,,,,,,,,Iteration 6: SSE = 1139.285
,,,,,,,,,,,,
,,,,,,,,,,,,Run 95
,,,,,,,,,,,,-----
,,,,,,,,,,,,Iteration 1: SSE = 1825.738
,,,,,,,,,,,,Iteration 2: SSE = 1284.354
,,,,,,,,,,,,Iteration 3: SSE = 1165.61
,,,,,,,,,,,,Iteration 4: SSE = 1141.856
,,,,,,,,,,,,Iteration 5: SSE = 1139.285
,,,,,,,,,,,,Iteration 6: SSE = 1139.285
,,,,,,,,,,,,
,,,,,,,,,,,,Run 96
,,,,,,,,,,,,-----
,,,,,,,,,,,,Iteration 1: SSE = 1825.738
,,,,,,,,,,,,Iteration 2: SSE = 1284.354
,,,,,,,,,,,,Iteration 3: SSE = 1165.61
,,,,,,,,,,,,Iteration 4: SSE = 1141.856
,,,,,,,,,,,,Iteration 5: SSE = 1139.285
,,,,,,,,,,,,Iteration 6: SSE = 1139.285
,,,,,,,,,,,,
,,,,,,,,,,,,Run 97
,,,,,,,,,,,,-----
,,,,,,,,,,,,Iteration 1: SSE = 1825.738
,,,,,,,,,,,,Iteration 2: SSE = 1284.354
,,,,,,,,,,,,Iteration 3: SSE = 1165.61
,,,,,,,,,,,,Iteration 4: SSE = 1141.856
,,,,,,,,,,,,Iteration 5: SSE = 1139.285
,,,,,,,,,,,,Iteration 6: SSE = 1139.285
,,,,,,,,,,,,
,,,,,,,,,,,,Run 98
,,,,,,,,,,,,-----
,,,,,,,,,,,,Iteration 1: SSE = 1825.738
,,,,,,,,,,,,Iteration 2: SSE = 1284.354
,,,,,,,,,,,,Iteration 3: SSE = 1165.61
,,,,,,,,,,,,Iteration 4: SSE = 1141.856
,,,,,,,,,,,,Iteration 5: SSE = 1139.285
,,,,,,,,,,,,Iteration 6: SSE = 1139.285
,,,,,,,,,,,,
,,,,,,,,,,,,Run 99
,,,,,,,,,,,,-----
,,,,,,,,,,,,Iteration 1: SSE = 1825.738
,,,,,,,,,,,,Iteration 2: SSE = 1284.354
,,,,,,,,,,,,Iteration 3: SSE = 1165.61
,,,,,,,,,,,,Iteration 4: SSE = 1141.856
,,,,,,,,,,,,Iteration 5: SSE = 1139.285
,,,,,,,,,,,,Iteration 6: SSE = 1139.285
,,,,,,,,,,,,
,,,,,,,,,,,,Run 100
,,,,,,,,,,,,-----
,,,,,,,,,,,,Iteration 1: SSE = 1825.738
,,,,,,,,,,,,Iteration 2: SSE = 1284.354
,,,,,,,,,,,,Iteration 3: SSE = 1165.61
,,,,,,,,,,,,Iteration 4: SSE = 1141.856
,,,,,,,,,,,,Iteration 5: SSE = 1139.285
,,,,,,,,,,,,Iteration 6: SSE = 1139.285
,,,,,,,,,,,,
,,,,,,,,,,,,Best Run: 22 SSE: 1137.75
