Performance1,,,,,,Performance2,,,,,,Performance3
Run 1,,,,,,Run 1,,,,,,Run 1
-----,,,,,,-----,,,,,,-----
Iteration 1: SSE = 17.85877,,,,,,Iteration 1: SSE = 17.85877,,,,,,Iteration 1: SSE = 17.85877
Iteration 2: SSE = 7.196745,,,,,,Iteration 2: SSE = 7.196745,,,,,,Iteration 2: SSE = 7.196745
Iteration 3: SSE = 7.037891,,,,,,Iteration 3: SSE = 7.037891,,,,,,Iteration 3: SSE = 7.037891
Iteration 4: SSE = 6.98742,,,,,,Iteration 4: SSE = 6.98742,,,,,,Iteration 4: SSE = 6.98742
Iteration 5: SSE = 6.982216,,,,,,Iteration 5: SSE = 6.982216,,,,,,Iteration 5: SSE = 6.982216
,,,,,,,,,,,,
Run 2,,,,,,Run 2,,,,,,Run 2
-----,,,,,,-----,,,,,,-----
Iteration 1: SSE = 17.85877,,,,,,Iteration 1: SSE = 17.85877,,,,,,Iteration 1: SSE = 17.85877
Iteration 2: SSE = 7.196745,,,,,,Iteration 2: SSE = 7.196745,,,,,,Iteration 2: SSE = 7.196745
Iteration 3: SSE = 7.037891,,,,,,Iteration 3: SSE = 7.037891,,,,,,Iteration 3: SSE = 7.037891
Iteration 4: SSE = 6.98742,,,,,,Iteration 4: SSE = 6.98742,,,,,,Iteration 4: SSE = 6.98742
Iteration 5: SSE = 6.982216,,,,,,Iteration 5: SSE = 6.982216,,,,,,Iteration 5: SSE = 6.982216
,,,,,,,,,,,,
Run 3,,,,,,Run 3,,,,,,Run 3
-----,,,,,,-----,,,,,,-----
Iteration 1: SSE = 17.85877,,,,,,Iteration 1: SSE = 17.85877,,,,,,Iteration 1: SSE = 17.85877
Iteration 2: SSE = 7.196745,,,,,,Iteration 2: SSE = 7.196745,,,,,,Iteration 2: SSE = 7.196745
Iteration 3: SSE = 7.037891,,,,,,Iteration 3: SSE = 7.037891,,,,,,Iteration 3: SSE = 7.037891
Iteration 4: SSE = 6.98742,,,,,,Iteration 4: SSE = 6.98742,,,,,,Iteration 4: SSE = 6.98742
Iteration 5: SSE = 6.982216,,,,,,Iteration 5: SSE = 6.982216,,,,,,Iteration 5: SSE = 6.982216
,,,,,,,,,,,,
Run 4,,,,,,Run 4,,,,,,Run 4
-----,,,,,,-----,,,,,,-----
Iteration 1: SSE = 17.85877,,,,,,Iteration 1: SSE = 17.85877,,,,,,Iteration 1: SSE = 17.85877
Iteration 2: SSE = 7.196745,,,,,,Iteration 2: SSE = 7.196745,,,,,,Iteration 2: SSE = 7.196745
Iteration 3: SSE = 7.037891,,,,,,Iteration 3: SSE = 7.037891,,,,,,Iteration 3: SSE = 7.037891
Iteration 4: SSE = 6.98742,,,,,,Iteration 4: SSE = 6.98742,,,,,,Iteration 4: SSE = 6.98742
Iteration 5: SSE = 6.982216,,,,,,Iteration 5: SSE = 6.982216,,,,,,Iteration 5: SSE = 6.982216
,,,,,,,,,,,,
Run 5,,,,,,Run 5,,,,,,Run 5
-----,,,,,,-----,,,,,,-----
Iteration 1: SSE = 17.85877,,,,,,Iteration 1: SSE = 17.85877,,,,,,Iteration 1: SSE = 17.85877
Iteration 2: SSE = 7.196745,,,,,,Iteration 2: SSE = 7.196745,,,,,,Iteration 2: SSE = 7.196745
Iteration 3: SSE = 7.037891,,,,,,Iteration 3: SSE = 7.037891,,,,,,Iteration 3: SSE = 7.037891
Iteration 4: SSE = 6.98742,,,,,,Iteration 4: SSE = 6.98742,,,,,,Iteration 4: SSE = 6.98742
Iteration 5: SSE = 6.982216,,,,,,Iteration 5: SSE = 6.982216,,,,,,Iteration 5: SSE = 6.982216
,,,,,,,,,,,,
Run 6,,,,,,Run 6,,,,,,Run 6
-----,,,,,,-----,,,,,,-----
Iteration 1: SSE = 17.85877,,,,,,Iteration 1: SSE = 17.85877,,,,,,Iteration 1: SSE = 17.85877
Iteration 2: SSE = 7.196745,,,,,,Iteration 2: SSE = 7.196745,,,,,,Iteration 2: SSE = 7.196745
Iteration 3: SSE = 7.037891,,,,,,Iteration 3: SSE = 7.037891,,,,,,Iteration 3: SSE = 7.037891
Iteration 4: SSE = 6.98742,,,,,,Iteration 4: SSE = 6.98742,,,,,,Iteration 4: SSE = 6.98742
Iteration 5: SSE = 6.982216,,,,,,Iteration 5: SSE = 6.982216,,,,,,Iteration 5: SSE = 6.982216
,,,,,,,,,,,,
Run 7,,,,,,Run 7,,,,,,Run 7
-----,,,,,,-----,,,,,,-----
Iteration 1: SSE = 17.85877,,,,,,Iteration 1: SSE = 17.85877,,,,,,Iteration 1: SSE = 17.85877
Iteration 2: SSE = 7.196745,,,,,,Iteration 2: SSE = 7.196745,,,,,,Iteration 2: SSE = 7.196745
Iteration 3: SSE = 7.037891,,,,,,Iteration 3: SSE = 7.037891,,,,,,Iteration 3: SSE = 7.037891
Iteration 4: SSE = 6.98742,,,,,,Iteration 4: SSE = 6.98742,,,,,,Iteration 4: SSE = 6.98742
Iteration 5: SSE = 6.982216,,,,,,Iteration 5: SSE = 6.982216,,,,,,Iteration 5: SSE = 6.982216
,,,,,,,,,,,,
Run 8,,,,,,Run 8,,,,,,Run 8
-----,,,,,,-----,,,,,,-----
Iteration 1: SSE = 17.85877,,,,,,Iteration 1: SSE = 17.85877,,,,,,Iteration 1: SSE = 17.85877
Iteration 2: SSE = 7.196745,,,,,,Iteration 2: SSE = 7.196745,,,,,,Iteration 2: SSE = 7.196745
Iteration 3: SSE = 7.037891,,,,,,Iteration 3: SSE = 7.037891,,,,,,Iteration 3: SSE = 7.037891
Iteration 4: SSE = 6.98742,,,,,,Iteration 4: SSE = 6.98742,,,,,,Iteration 4: SSE = 6.98742
Iteration 5: SSE = 6.982216,,,,,,Iteration 5: SSE = 6.982216,,,,,,Iteration 5: SSE = 6.982216
,,,,,,,,,,,,
Run 9,,,,,,Run 9,,,,,,Run 9
-----,,,,,,-----,,,,,,-----
Iteration 1: SSE = 17.85877,,,,,,Iteration 1: SSE = 17.85877,,,,,,Iteration 1: SSE = 17.85877
Iteration 2: SSE = 7.196745,,,,,,Iteration 2: SSE = 7.196745,,,,,,Iteration 2: SSE = 7.196745
Iteration 3: SSE = 7.037891,,,,,,Iteration 3: SSE = 7.037891,,,,,,Iteration 3: SSE = 7.037891
Iteration 4: SSE = 6.98742,,,,,,Iteration 4: SSE = 6.98742,,,,,,Iteration 4: SSE = 6.98742
Iteration 5: SSE = 6.982216,,,,,,Iteration 5: SSE = 6.982216,,,,,,Iteration 5: SSE = 6.982216
,,,,,,,,,,,,
Run 10,,,,,,Run 10,,,,,,Run 10
-----,,,,,,-----,,,,,,-----
Iteration 1: SSE = 17.85877,,,,,,Iteration 1: SSE = 17.85877,,,,,,Iteration 1: SSE = 17.85877
Iteration 2: SSE = 7.196745,,,,,,Iteration 2: SSE = 7.196745,,,,,,Iteration 2: SSE = 7.196745
Iteration 3: SSE = 7.037891,,,,,,Iteration 3: SSE = 7.037891,,,,,,Iteration 3: SSE = 7.037891
Iteration 4: SSE = 6.98742,,,,,,Iteration 4: SSE = 6.98742,,,,,,Iteration 4: SSE = 6.98742
Iteration 5: SSE = 6.982216,,,,,,Iteration 5: SSE = 6.982216,,,,,,Iteration 5: SSE = 6.982216
,,,,,,,,,,,,
Run 11,,,,,,Run 11,,,,,,Run 11
-----,,,,,,-----,,,,,,-----
Iteration 1: SSE = 17.85877,,,,,,Iteration 1: SSE = 17.85877,,,,,,Iteration 1: SSE = 17.85877
Iteration 2: SSE = 7.196745,,,,,,Iteration 2: SSE = 7.196745,,,,,,Iteration 2: SSE = 7.196745
Iteration 3: SSE = 7.037891,,,,,,Iteration 3: SSE = 7.037891,,,,,,Iteration 3: SSE = 7.037891
Iteration 4: SSE = 6.98742,,,,,,Iteration 4: SSE = 6.98742,,,,,,Iteration 4: SSE = 6.98742
Iteration 5: SSE = 6.982216,,,,,,Iteration 5: SSE = 6.982216,,,,,,Iteration 5: SSE = 6.982216
,,,,,,,,,,,,
Run 12,,,,,,Run 12,,,,,,Run 12
-----,,,,,,-----,,,,,,-----
Iteration 1: SSE = 17.85877,,,,,,Iteration 1: SSE = 17.85877,,,,,,Iteration 1: SSE = 17.85877
Iteration 2: SSE = 7.196745,,,,,,Iteration 2: SSE = 7.196745,,,,,,Iteration 2: SSE = 7.196745
Iteration 3: SSE = 7.037891,,,,,,Iteration 3: SSE = 7.037891,,,,,,Iteration 3: SSE = 7.037891
Iteration 4: SSE = 6.98742,,,,,,Iteration 4: SSE = 6.98742,,,,,,Iteration 4: SSE = 6.98742
Iteration 5: SSE = 6.982216,,,,,,Iteration 5: SSE = 6.982216,,,,,,Iteration 5: SSE = 6.982216
,,,,,,,,,,,,
Run 13,,,,,,Run 13,,,,,,Run 13
-----,,,,,,-----,,,,,,-----
Iteration 1: SSE = 17.85877,,,,,,Iteration 1: SSE = 17.85877,,,,,,Iteration 1: SSE = 17.85877
Iteration 2: SSE = 7.196745,,,,,,Iteration 2: SSE = 7.196745,,,,,,Iteration 2: SSE = 7.196745
Iteration 3: SSE = 7.037891,,,,,,Iteration 3: SSE = 7.037891,,,,,,Iteration 3: SSE = 7.037891
Iteration 4: SSE = 6.98742,,,,,,Iteration 4: SSE = 6.98742,,,,,,Iteration 4: SSE = 6.98742
Iteration 5: SSE = 6.982216,,,,,,Iteration 5: SSE = 6.982216,,,,,,Iteration 5: SSE = 6.982216
,,,,,,,,,,,,
Run 14,,,,,,Run 14,,,,,,Run 14
-----,,,,,,-----,,,,,,-----
Iteration 1: SSE = 17.85877,,,,,,Iteration 1: SSE = 17.85877,,,,,,Iteration 1: SSE = 17.85877
Iteration 2: SSE = 7.196745,,,,,,Iteration 2: SSE = 7.196745,,,,,,Iteration 2: SSE = 7.196745
Iteration 3: SSE = 7.037891,,,,,,Iteration 3: SSE = 7.037891,,,,,,Iteration 3: SSE = 7.037891
Iteration 4: SSE = 6.98742,,,,,,Iteration 4: SSE = 6.98742,,,,,,Iteration 4: SSE = 6.98742
Iteration 5: SSE = 6.982216,,,,,,Iteration 5: SSE = 6.982216,,,,,,Iteration 5: SSE = 6.982216
,,,,,,,,,,,,
Run 15,,,,,,Run 15,,,,,,Run 15
-----,,,,,,-----,,,,,,-----
Iteration 1: SSE = 17.85877,,,,,,Iteration 1: SSE = 17.85877,,,,,,Iteration 1: SSE = 17.85877
Iteration 2: SSE = 7.196745,,,,,,Iteration 2: SSE = 7.196745,,,,,,Iteration 2: SSE = 7.196745
Iteration 3: SSE = 7.037891,,,,,,Iteration 3: SSE = 7.037891,,,,,,Iteration 3: SSE = 7.037891
Iteration 4: SSE = 6.98742,,,,,,Iteration 4: SSE = 6.98742,,,,,,Iteration 4: SSE = 6.98742
Iteration 5: SSE = 6.982216,,,,,,Iteration 5: SSE = 6.982216,,,,,,Iteration 5: SSE = 6.982216
,,,,,,,,,,,,
Run 16,,,,,,Run 16,,,,,,Run 16
-----,,,,,,-----,,,,,,-----
Iteration 1: SSE = 17.85877,,,,,,Iteration 1: SSE = 17.85877,,,,,,Iteration 1: SSE = 17.85877
Iteration 2: SSE = 7.196745,,,,,,Iteration 2: SSE = 7.196745,,,,,,Iteration 2: SSE = 7.196745
Iteration 3: SSE = 7.037891,,,,,,Iteration 3: SSE = 7.037891,,,,,,Iteration 3: SSE = 7.037891
Iteration 4: SSE = 6.98742,,,,,,Iteration 4: SSE = 6.98742,,,,,,Iteration 4: SSE = 6.98742
Iteration 5: SSE = 6.982216,,,,,,Iteration 5: SSE = 6.982216,,,,,,Iteration 5: SSE = 6.982216
,,,,,,,,,,,,
Run 17,,,,,,Run 17,,,,,,Run 17
-----,,,,,,-----,,,,,,-----
Iteration 1: SSE = 17.85877,,,,,,Iteration 1: SSE = 17.85877,,,,,,Iteration 1: SSE = 17.85877
Iteration 2: SSE = 7.196745,,,,,,Iteration 2: SSE = 7.196745,,,,,,Iteration 2: SSE = 7.196745
Iteration 3: SSE = 7.037891,,,,,,Iteration 3: SSE = 7.037891,,,,,,Iteration 3: SSE = 7.037891
Iteration 4: SSE = 6.98742,,,,,,Iteration 4: SSE = 6.98742,,,,,,Iteration 4: SSE = 6.98742
Iteration 5: SSE = 6.982216,,,,,,Iteration 5: SSE = 6.982216,,,,,,Iteration 5: SSE = 6.982216
,,,,,,,,,,,,
Run 18,,,,,,Run 18,,,,,,Run 18
-----,,,,,,-----,,,,,,-----
Iteration 1: SSE = 17.85877,,,,,,Iteration 1: SSE = 17.85877,,,,,,Iteration 1: SSE = 17.85877
Iteration 2: SSE = 7.196745,,,,,,Iteration 2: SSE = 7.196745,,,,,,Iteration 2: SSE = 7.196745
Iteration 3: SSE = 7.037891,,,,,,Iteration 3: SSE = 7.037891,,,,,,Iteration 3: SSE = 7.037891
Iteration 4: SSE = 6.98742,,,,,,Iteration 4: SSE = 6.98742,,,,,,Iteration 4: SSE = 6.98742
Iteration 5: SSE = 6.982216,,,,,,Iteration 5: SSE = 6.982216,,,,,,Iteration 5: SSE = 6.982216
,,,,,,,,,,,,
Run 19,,,,,,Run 19,,,,,,Run 19
-----,,,,,,-----,,,,,,-----
Iteration 1: SSE = 17.85877,,,,,,Iteration 1: SSE = 17.85877,,,,,,Iteration 1: SSE = 17.85877
Iteration 2: SSE = 7.196745,,,,,,Iteration 2: SSE = 7.196745,,,,,,Iteration 2: SSE = 7.196745
Iteration 3: SSE = 7.037891,,,,,,Iteration 3: SSE = 7.037891,,,,,,Iteration 3: SSE = 7.037891
Iteration 4: SSE = 6.98742,,,,,,Iteration 4: SSE = 6.98742,,,,,,Iteration 4: SSE = 6.98742
Iteration 5: SSE = 6.982216,,,,,,Iteration 5: SSE = 6.982216,,,,,,Iteration 5: SSE = 6.982216
,,,,,,,,,,,,
Run 20,,,,,,Run 20,,,,,,Run 20
-----,,,,,,-----,,,,,,-----
Iteration 1: SSE = 17.85877,,,,,,Iteration 1: SSE = 17.85877,,,,,,Iteration 1: SSE = 17.85877
Iteration 2: SSE = 7.196745,,,,,,Iteration 2: SSE = 7.196745,,,,,,Iteration 2: SSE = 7.196745
Iteration 3: SSE = 7.037891,,,,,,Iteration 3: SSE = 7.037891,,,,,,Iteration 3: SSE = 7.037891
Iteration 4: SSE = 6.98742,,,,,,Iteration 4: SSE = 6.98742,,,,,,Iteration 4: SSE = 6.98742
Iteration 5: SSE = 6.982216,,,,,,Iteration 5: SSE = 6.982216,,,,,,Iteration 5: SSE = 6.982216
,,,,,,,,,,,,
Run 21,,,,,,Run 21,,,,,,Run 21
-----,,,,,,-----,,,,,,-----
Iteration 1: SSE = 17.85877,,,,,,Iteration 1: SSE = 17.85877,,,,,,Iteration 1: SSE = 17.85877
Iteration 2: SSE = 7.196745,,,,,,Iteration 2: SSE = 7.196745,,,,,,Iteration 2: SSE = 7.196745
Iteration 3: SSE = 7.037891,,,,,,Iteration 3: SSE = 7.037891,,,,,,Iteration 3: SSE = 7.037891
Iteration 4: SSE = 6.98742,,,,,,Iteration 4: SSE = 6.98742,,,,,,Iteration 4: SSE = 6.98742
Iteration 5: SSE = 6.982216,,,,,,Iteration 5: SSE = 6.982216,,,,,,Iteration 5: SSE = 6.982216
,,,,,,,,,,,,
Run 22,,,,,,Run 22,,,,,,Run 22
-----,,,,,,-----,,,,,,-----
Iteration 1: SSE = 17.85877,,,,,,Iteration 1: SSE = 17.85877,,,,,,Iteration 1: SSE = 17.85877
Iteration 2: SSE = 7.196745,,,,,,Iteration 2: SSE = 7.196745,,,,,,Iteration 2: SSE = 7.196745
Iteration 3: SSE = 7.037891,,,,,,Iteration 3: SSE = 7.037891,,,,,,Iteration 3: SSE = 7.037891
Iteration 4: SSE = 6.98742,,,,,,Iteration 4: SSE = 6.98742,,,,,,Iteration 4: SSE = 6.98742
Iteration 5: SSE = 6.982216,,,,,,Iteration 5: SSE = 6.982216,,,,,,Iteration 5: SSE = 6.982216
,,,,,,,,,,,,
Run 23,,,,,,Run 23,,,,,,Run 23
-----,,,,,,-----,,,,,,-----
Iteration 1: SSE = 17.85877,,,,,,Iteration 1: SSE = 17.85877,,,,,,Iteration 1: SSE = 17.85877
Iteration 2: SSE = 7.196745,,,,,,Iteration 2: SSE = 7.196745,,,,,,Iteration 2: SSE = 7.196745
Iteration 3: SSE = 7.037891,,,,,,Iteration 3: SSE = 7.037891,,,,,,Iteration 3: SSE = 7.037891
Iteration 4: SSE = 6.98742,,,,,,Iteration 4: SSE = 6.98742,,,,,,Iteration 4: SSE = 6.98742
Iteration 5: SSE = 6.982216,,,,,,Iteration 5: SSE = 6.982216,,,,,,Iteration 5: SSE = 6.982216
,,,,,,,,,,,,
Run 24,,,,,,Run 24,,,,,,Run 24
-----,,,,,,-----,,,,,,-----
Iteration 1: SSE = 17.85877,,,,,,Iteration 1: SSE = 17.85877,,,,,,Iteration 1: SSE = 17.85877
Iteration 2: SSE = 7.196745,,,,,,Iteration 2: SSE = 7.196745,,,,,,Iteration 2: SSE = 7.196745
Iteration 3: SSE = 7.037891,,,,,,Iteration 3: SSE = 7.037891,,,,,,Iteration 3: SSE = 7.037891
Iteration 4: SSE = 6.98742,,,,,,Iteration 4: SSE = 6.98742,,,,,,Iteration 4: SSE = 6.98742
Iteration 5: SSE = 6.982216,,,,,,Iteration 5: SSE = 6.982216,,,,,,Iteration 5: SSE = 6.982216
,,,,,,,,,,,,
Run 25,,,,,,Run 25,,,,,,Run 25
-----,,,,,,-----,,,,,,-----
Iteration 1: SSE = 17.85877,,,,,,Iteration 1: SSE = 17.85877,,,,,,Iteration 1: SSE = 17.85877
Iteration 2: SSE = 7.196745,,,,,,Iteration 2: SSE = 7.196745,,,,,,Iteration 2: SSE = 7.196745
Iteration 3: SSE = 7.037891,,,,,,Iteration 3: SSE = 7.037891,,,,,,Iteration 3: SSE = 7.037891
Iteration 4: SSE = 6.98742,,,,,,Iteration 4: SSE = 6.98742,,,,,,Iteration 4: SSE = 6.98742
Iteration 5: SSE = 6.982216,,,,,,Iteration 5: SSE = 6.982216,,,,,,Iteration 5: SSE = 6.982216
,,,,,,,,,,,,
Run 26,,,,,,Run 26,,,,,,Run 26
-----,,,,,,-----,,,,,,-----
Iteration 1: SSE = 17.85877,,,,,,Iteration 1: SSE = 17.85877,,,,,,Iteration 1: SSE = 17.85877
Iteration 2: SSE = 7.196745,,,,,,Iteration 2: SSE = 7.196745,,,,,,Iteration 2: SSE = 7.196745
Iteration 3: SSE = 7.037891,,,,,,Iteration 3: SSE = 7.037891,,,,,,Iteration 3: SSE = 7.037891
Iteration 4: SSE = 6.98742,,,,,,Iteration 4: SSE = 6.98742,,,,,,Iteration 4: SSE = 6.98742
Iteration 5: SSE = 6.982216,,,,,,Iteration 5: SSE = 6.982216,,,,,,Iteration 5: SSE = 6.982216
,,,,,,,,,,,,
Run 27,,,,,,Run 27,,,,,,Run 27
-----,,,,,,-----,,,,,,-----
Iteration 1: SSE = 17.85877,,,,,,Iteration 1: SSE = 17.85877,,,,,,Iteration 1: SSE = 17.85877
Iteration 2: SSE = 7.196745,,,,,,Iteration 2: SSE = 7.196745,,,,,,Iteration 2: SSE = 7.196745
Iteration 3: SSE = 7.037891,,,,,,Iteration 3: SSE = 7.037891,,,,,,Iteration 3: SSE = 7.037891
Iteration 4: SSE = 6.98742,,,,,,Iteration 4: SSE = 6.98742,,,,,,Iteration 4: SSE = 6.98742
Iteration 5: SSE = 6.982216,,,,,,Iteration 5: SSE = 6.982216,,,,,,Iteration 5: SSE = 6.982216
,,,,,,,,,,,,
Run 28,,,,,,Run 28,,,,,,Run 28
-----,,,,,,-----,,,,,,-----
Iteration 1: SSE = 17.85877,,,,,,Iteration 1: SSE = 17.85877,,,,,,Iteration 1: SSE = 17.85877
Iteration 2: SSE = 7.196745,,,,,,Iteration 2: SSE = 7.196745,,,,,,Iteration 2: SSE = 7.196745
Iteration 3: SSE = 7.037891,,,,,,Iteration 3: SSE = 7.037891,,,,,,Iteration 3: SSE = 7.037891
Iteration 4: SSE = 6.98742,,,,,,Iteration 4: SSE = 6.98742,,,,,,Iteration 4: SSE = 6.98742
Iteration 5: SSE = 6.982216,,,,,,Iteration 5: SSE = 6.982216,,,,,,Iteration 5: SSE = 6.982216
,,,,,,,,,,,,
Run 29,,,,,,Run 29,,,,,,Run 29
-----,,,,,,-----,,,,,,-----
Iteration 1: SSE = 17.85877,,,,,,Iteration 1: SSE = 17.85877,,,,,,Iteration 1: SSE = 17.85877
Iteration 2: SSE = 7.196745,,,,,,Iteration 2: SSE = 7.196745,,,,,,Iteration 2: SSE = 7.196745
Iteration 3: SSE = 7.037891,,,,,,Iteration 3: SSE = 7.037891,,,,,,Iteration 3: SSE = 7.037891
Iteration 4: SSE = 6.98742,,,,,,Iteration 4: SSE = 6.98742,,,,,,Iteration 4: SSE = 6.98742
Iteration 5: SSE = 6.982216,,,,,,Iteration 5: SSE = 6.982216,,,,,,Iteration 5: SSE = 6.982216
,,,,,,,,,,,,
Run 30,,,,,,Run 30,,,,,,Run 30
-----,,,,,,-----,,,,,,-----
Iteration 1: SSE = 17.85877,,,,,,Iteration 1: SSE = 17.85877,,,,,,Iteration 1: SSE = 17.85877
Iteration 2: SSE = 7.196745,,,,,,Iteration 2: SSE = 7.196745,,,,,,Iteration 2: SSE = 7.196745
Iteration 3: SSE = 7.037891,,,,,,Iteration 3: SSE = 7.037891,,,,,,Iteration 3: SSE = 7.037891
Iteration 4: SSE = 6.98742,,,,,,Iteration 4: SSE = 6.98742,,,,,,Iteration 4: SSE = 6.98742
Iteration 5: SSE = 6.982216,,,,,,Iteration 5: SSE = 6.982216,,,,,,Iteration 5: SSE = 6.982216
,,,,,,,,,,,,
Run 31,,,,,,Run 31,,,,,,Run 31
-----,,,,,,-----,,,,,,-----
Iteration 1: SSE = 17.85877,,,,,,Iteration 1: SSE = 17.85877,,,,,,Iteration 1: SSE = 17.85877
Iteration 2: SSE = 7.196745,,,,,,Iteration 2: SSE = 7.196745,,,,,,Iteration 2: SSE = 7.196745
Iteration 3: SSE = 7.037891,,,,,,Iteration 3: SSE = 7.037891,,,,,,Iteration 3: SSE = 7.037891
Iteration 4: SSE = 6.98742,,,,,,Iteration 4: SSE = 6.98742,,,,,,Iteration 4: SSE = 6.98742
Iteration 5: SSE = 6.982216,,,,,,Iteration 5: SSE = 6.982216,,,,,,Iteration 5: SSE = 6.982216
,,,,,,,,,,,,
Run 32,,,,,,Run 32,,,,,,Run 32
-----,,,,,,-----,,,,,,-----
Iteration 1: SSE = 17.85877,,,,,,Iteration 1: SSE = 17.85877,,,,,,Iteration 1: SSE = 17.85877
Iteration 2: SSE = 7.196745,,,,,,Iteration 2: SSE = 7.196745,,,,,,Iteration 2: SSE = 7.196745
Iteration 3: SSE = 7.037891,,,,,,Iteration 3: SSE = 7.037891,,,,,,Iteration 3: SSE = 7.037891
Iteration 4: SSE = 6.98742,,,,,,Iteration 4: SSE = 6.98742,,,,,,Iteration 4: SSE = 6.98742
Iteration 5: SSE = 6.982216,,,,,,Iteration 5: SSE = 6.982216,,,,,,Iteration 5: SSE = 6.982216
,,,,,,,,,,,,
Run 33,,,,,,Run 33,,,,,,Run 33
-----,,,,,,-----,,,,,,-----
Iteration 1: SSE = 17.85877,,,,,,Iteration 1: SSE = 17.85877,,,,,,Iteration 1: SSE = 17.85877
Iteration 2: SSE = 7.196745,,,,,,Iteration 2: SSE = 7.196745,,,,,,Iteration 2: SSE = 7.196745
Iteration 3: SSE = 7.037891,,,,,,Iteration 3: SSE = 7.037891,,,,,,Iteration 3: SSE = 7.037891
Iteration 4: SSE = 6.98742,,,,,,Iteration 4: SSE = 6.98742,,,,,,Iteration 4: SSE = 6.98742
Iteration 5: SSE = 6.982216,,,,,,Iteration 5: SSE = 6.982216,,,,,,Iteration 5: SSE = 6.982216
,,,,,,,,,,,,
Run 34,,,,,,Run 34,,,,,,Run 34
-----,,,,,,-----,,,,,,-----
Iteration 1: SSE = 17.85877,,,,,,Iteration 1: SSE = 17.85877,,,,,,Iteration 1: SSE = 17.85877
Iteration 2: SSE = 7.196745,,,,,,Iteration 2: SSE = 7.196745,,,,,,Iteration 2: SSE = 7.196745
Iteration 3: SSE = 7.037891,,,,,,Iteration 3: SSE = 7.037891,,,,,,Iteration 3: SSE = 7.037891
Iteration 4: SSE = 6.98742,,,,,,Iteration 4: SSE = 6.98742,,,,,,Iteration 4: SSE = 6.98742
Iteration 5: SSE = 6.982216,,,,,,Iteration 5: SSE = 6.982216,,,,,,Iteration 5: SSE = 6.982216
,,,,,,,,,,,,
Run 35,,,,,,Run 35,,,,,,Run 35
-----,,,,,,-----,,,,,,-----
Iteration 1: SSE = 17.85877,,,,,,Iteration 1: SSE = 17.85877,,,,,,Iteration 1: SSE = 17.85877
Iteration 2: SSE = 7.196745,,,,,,Iteration 2: SSE = 7.196745,,,,,,Iteration 2: SSE = 7.196745
Iteration 3: SSE = 7.037891,,,,,,Iteration 3: SSE = 7.037891,,,,,,Iteration 3: SSE = 7.037891
Iteration 4: SSE = 6.98742,,,,,,Iteration 4: SSE = 6.98742,,,,,,Iteration 4: SSE = 6.98742
Iteration 5: SSE = 6.982216,,,,,,Iteration 5: SSE = 6.982216,,,,,,Iteration 5: SSE = 6.982216
,,,,,,,,,,,,
Run 36,,,,,,Run 36,,,,,,Run 36
-----,,,,,,-----,,,,,,-----
Iteration 1: SSE = 17.85877,,,,,,Iteration 1: SSE = 17.85877,,,,,,Iteration 1: SSE = 17.85877
Iteration 2: SSE = 7.196745,,,,,,Iteration 2: SSE = 7.196745,,,,,,Iteration 2: SSE = 7.196745
Iteration 3: SSE = 7.037891,,,,,,Iteration 3: SSE = 7.037891,,,,,,Iteration 3: SSE = 7.037891
Iteration 4: SSE = 6.98742,,,,,,Iteration 4: SSE = 6.98742,,,,,,Iteration 4: SSE = 6.98742
Iteration 5: SSE = 6.982216,,,,,,Iteration 5: SSE = 6.982216,,,,,,Iteration 5: SSE = 6.982216
,,,,,,,,,,,,
Run 37,,,,,,Run 37,,,,,,Run 37
-----,,,,,,-----,,,,,,-----
Iteration 1: SSE = 17.85877,,,,,,Iteration 1: SSE = 17.85877,,,,,,Iteration 1: SSE = 17.85877
Iteration 2: SSE = 7.196745,,,,,,Iteration 2: SSE = 7.196745,,,,,,Iteration 2: SSE = 7.196745
Iteration 3: SSE = 7.037891,,,,,,Iteration 3: SSE = 7.037891,,,,,,Iteration 3: SSE = 7.037891
Iteration 4: SSE = 6.98742,,,,,,Iteration 4: SSE = 6.98742,,,,,,Iteration 4: SSE = 6.98742
Iteration 5: SSE = 6.982216,,,,,,Iteration 5: SSE = 6.982216,,,,,,Iteration 5: SSE = 6.982216
,,,,,,,,,,,,
Run 38,,,,,,Run 38,,,,,,Run 38
-----,,,,,,-----,,,,,,-----
Iteration 1: SSE = 17.85877,,,,,,Iteration 1: SSE = 17.85877,,,,,,Iteration 1: SSE = 17.85877
Iteration 2: SSE = 7.196745,,,,,,Iteration 2: SSE = 7.196745,,,,,,Iteration 2: SSE = 7.196745
Iteration 3: SSE = 7.037891,,,,,,Iteration 3: SSE = 7.037891,,,,,,Iteration 3: SSE = 7.037891
Iteration 4: SSE = 6.98742,,,,,,Iteration 4: SSE = 6.98742,,,,,,Iteration 4: SSE = 6.98742
Iteration 5: SSE = 6.982216,,,,,,Iteration 5: SSE = 6.982216,,,,,,Iteration 5: SSE = 6.982216
,,,,,,,,,,,,
Run 39,,,,,,Run 39,,,,,,Run 39
-----,,,,,,-----,,,,,,-----
Iteration 1: SSE = 17.85877,,,,,,Iteration 1: SSE = 17.85877,,,,,,Iteration 1: SSE = 17.85877
Iteration 2: SSE = 7.196745,,,,,,Iteration 2: SSE = 7.196745,,,,,,Iteration 2: SSE = 7.196745
Iteration 3: SSE = 7.037891,,,,,,Iteration 3: SSE = 7.037891,,,,,,Iteration 3: SSE = 7.037891
Iteration 4: SSE = 6.98742,,,,,,Iteration 4: SSE = 6.98742,,,,,,Iteration 4: SSE = 6.98742
Iteration 5: SSE = 6.982216,,,,,,Iteration 5: SSE = 6.982216,,,,,,Iteration 5: SSE = 6.982216
,,,,,,,,,,,,
Run 40,,,,,,Run 40,,,,,,Run 40
-----,,,,,,-----,,,,,,-----
Iteration 1: SSE = 17.85877,,,,,,Iteration 1: SSE = 17.85877,,,,,,Iteration 1: SSE = 17.85877
Iteration 2: SSE = 7.196745,,,,,,Iteration 2: SSE = 7.196745,,,,,,Iteration 2: SSE = 7.196745
Iteration 3: SSE = 7.037891,,,,,,Iteration 3: SSE = 7.037891,,,,,,Iteration 3: SSE = 7.037891
Iteration 4: SSE = 6.98742,,,,,,Iteration 4: SSE = 6.98742,,,,,,Iteration 4: SSE = 6.98742
Iteration 5: SSE = 6.982216,,,,,,Iteration 5: SSE = 6.982216,,,,,,Iteration 5: SSE = 6.982216
,,,,,,,,,,,,
Run 41,,,,,,Run 41,,,,,,Run 41
-----,,,,,,-----,,,,,,-----
Iteration 1: SSE = 17.85877,,,,,,Iteration 1: SSE = 17.85877,,,,,,Iteration 1: SSE = 17.85877
Iteration 2: SSE = 7.196745,,,,,,Iteration 2: SSE = 7.196745,,,,,,Iteration 2: SSE = 7.196745
Iteration 3: SSE = 7.037891,,,,,,Iteration 3: SSE = 7.037891,,,,,,Iteration 3: SSE = 7.037891
Iteration 4: SSE = 6.98742,,,,,,Iteration 4: SSE = 6.98742,,,,,,Iteration 4: SSE = 6.98742
Iteration 5: SSE = 6.982216,,,,,,Iteration 5: SSE = 6.982216,,,,,,Iteration 5: SSE = 6.982216
,,,,,,,,,,,,
Run 42,,,,,,Run 42,,,,,,Run 42
-----,,,,,,-----,,,,,,-----
Iteration 1: SSE = 17.85877,,,,,,Iteration 1: SSE = 17.85877,,,,,,Iteration 1: SSE = 17.85877
Iteration 2: SSE = 7.196745,,,,,,Iteration 2: SSE = 7.196745,,,,,,Iteration 2: SSE = 7.196745
Iteration 3: SSE = 7.037891,,,,,,Iteration 3: SSE = 7.037891,,,,,,Iteration 3: SSE = 7.037891
Iteration 4: SSE = 6.98742,,,,,,Iteration 4: SSE = 6.98742,,,,,,Iteration 4: SSE = 6.98742
Iteration 5: SSE = 6.982216,,,,,,Iteration 5: SSE = 6.982216,,,,,,Iteration 5: SSE = 6.982216
,,,,,,,,,,,,
Run 43,,,,,,Run 43,,,,,,Run 43
-----,,,,,,-----,,,,,,-----
Iteration 1: SSE = 17.85877,,,,,,Iteration 1: SSE = 17.85877,,,,,,Iteration 1: SSE = 17.85877
Iteration 2: SSE = 7.196745,,,,,,Iteration 2: SSE = 7.196745,,,,,,Iteration 2: SSE = 7.196745
Iteration 3: SSE = 7.037891,,,,,,Iteration 3: SSE = 7.037891,,,,,,Iteration 3: SSE = 7.037891
Iteration 4: SSE = 6.98742,,,,,,Iteration 4: SSE = 6.98742,,,,,,Iteration 4: SSE = 6.98742
Iteration 5: SSE = 6.982216,,,,,,Iteration 5: SSE = 6.982216,,,,,,Iteration 5: SSE = 6.982216
,,,,,,,,,,,,
Run 44,,,,,,Run 44,,,,,,Run 44
-----,,,,,,-----,,,,,,-----
Iteration 1: SSE = 17.85877,,,,,,Iteration 1: SSE = 17.85877,,,,,,Iteration 1: SSE = 17.85877
Iteration 2: SSE = 7.196745,,,,,,Iteration 2: SSE = 7.196745,,,,,,Iteration 2: SSE = 7.196745
Iteration 3: SSE = 7.037891,,,,,,Iteration 3: SSE = 7.037891,,,,,,Iteration 3: SSE = 7.037891
Iteration 4: SSE = 6.98742,,,,,,Iteration 4: SSE = 6.98742,,,,,,Iteration 4: SSE = 6.98742
Iteration 5: SSE = 6.982216,,,,,,Iteration 5: SSE = 6.982216,,,,,,Iteration 5: SSE = 6.982216
,,,,,,,,,,,,
Run 45,,,,,,Run 45,,,,,,Run 45
-----,,,,,,-----,,,,,,-----
Iteration 1: SSE = 17.85877,,,,,,Iteration 1: SSE = 17.85877,,,,,,Iteration 1: SSE = 17.85877
Iteration 2: SSE = 7.196745,,,,,,Iteration 2: SSE = 7.196745,,,,,,Iteration 2: SSE = 7.196745
Iteration 3: SSE = 7.037891,,,,,,Iteration 3: SSE = 7.037891,,,,,,Iteration 3: SSE = 7.037891
Iteration 4: SSE = 6.98742,,,,,,Iteration 4: SSE = 6.98742,,,,,,Iteration 4: SSE = 6.98742
Iteration 5: SSE = 6.982216,,,,,,Iteration 5: SSE = 6.982216,,,,,,Iteration 5: SSE = 6.982216
,,,,,,,,,,,,
Run 46,,,,,,Run 46,,,,,,Run 46
-----,,,,,,-----,,,,,,-----
Iteration 1: SSE = 17.85877,,,,,,Iteration 1: SSE = 17.85877,,,,,,Iteration 1: SSE = 17.85877
Iteration 2: SSE = 7.196745,,,,,,Iteration 2: SSE = 7.196745,,,,,,Iteration 2: SSE = 7.196745
Iteration 3: SSE = 7.037891,,,,,,Iteration 3: SSE = 7.037891,,,,,,Iteration 3: SSE = 7.037891
Iteration 4: SSE = 6.98742,,,,,,Iteration 4: SSE = 6.98742,,,,,,Iteration 4: SSE = 6.98742
Iteration 5: SSE = 6.982216,,,,,,Iteration 5: SSE = 6.982216,,,,,,Iteration 5: SSE = 6.982216
,,,,,,,,,,,,
Run 47,,,,,,Run 47,,,,,,Run 47
-----,,,,,,-----,,,,,,-----
Iteration 1: SSE = 17.85877,,,,,,Iteration 1: SSE = 17.85877,,,,,,Iteration 1: SSE = 17.85877
Iteration 2: SSE = 7.196745,,,,,,Iteration 2: SSE = 7.196745,,,,,,Iteration 2: SSE = 7.196745
Iteration 3: SSE = 7.037891,,,,,,Iteration 3: SSE = 7.037891,,,,,,Iteration 3: SSE = 7.037891
Iteration 4: SSE = 6.98742,,,,,,Iteration 4: SSE = 6.98742,,,,,,Iteration 4: SSE = 6.98742
Iteration 5: SSE = 6.982216,,,,,,Iteration 5: SSE = 6.982216,,,,,,Iteration 5: SSE = 6.982216
,,,,,,,,,,,,
Run 48,,,,,,Run 48,,,,,,Run 48
-----,,,,,,-----,,,,,,-----
Iteration 1: SSE = 17.85877,,,,,,Iteration 1: SSE = 17.85877,,,,,,Iteration 1: SSE = 17.85877
Iteration 2: SSE = 7.196745,,,,,,Iteration 2: SSE = 7.196745,,,,,,Iteration 2: SSE = 7.196745
Iteration 3: SSE = 7.037891,,,,,,Iteration 3: SSE = 7.037891,,,,,,Iteration 3: SSE = 7.037891
Iteration 4: SSE = 6.98742,,,,,,Iteration 4: SSE = 6.98742,,,,,,Iteration 4: SSE = 6.98742
Iteration 5: SSE = 6.982216,,,,,,Iteration 5: SSE = 6.982216,,,,,,Iteration 5: SSE = 6.982216
,,,,,,,,,,,,
Run 49,,,,,,Run 49,,,,,,Run 49
-----,,,,,,-----,,,,,,-----
Iteration 1: SSE = 17.85877,,,,,,Iteration 1: SSE = 17.85877,,,,,,Iteration 1: SSE = 17.85877
Iteration 2: SSE = 7.196745,,,,,,Iteration 2: SSE = 7.196745,,,,,,Iteration 2: SSE = 7.196745
Iteration 3: SSE = 7.037891,,,,,,Iteration 3: SSE = 7.037891,,,,,,Iteration 3: SSE = 7.037891
Iteration 4: SSE = 6.98742,,,,,,Iteration 4: SSE = 6.98742,,,,,,Iteration 4: SSE = 6.98742
Iteration 5: SSE = 6.982216,,,,,,Iteration 5: SSE = 6.982216,,,,,,Iteration 5: SSE = 6.982216
,,,,,,,,,,,,
Run 50,,,,,,Run 50,,,,,,Run 50
-----,,,,,,-----,,,,,,-----
Iteration 1: SSE = 17.85877,,,,,,Iteration 1: SSE = 17.85877,,,,,,Iteration 1: SSE = 17.85877
Iteration 2: SSE = 7.196745,,,,,,Iteration 2: SSE = 7.196745,,,,,,Iteration 2: SSE = 7.196745
Iteration 3: SSE = 7.037891,,,,,,Iteration 3: SSE = 7.037891,,,,,,Iteration 3: SSE = 7.037891
Iteration 4: SSE = 6.98742,,,,,,Iteration 4: SSE = 6.98742,,,,,,Iteration 4: SSE = 6.98742
Iteration 5: SSE = 6.982216,,,,,,Iteration 5: SSE = 6.982216,,,,,,Iteration 5: SSE = 6.982216
,,,,,,,,,,,,
Run 51,,,,,,Run 51,,,,,,Run 51
-----,,,,,,-----,,,,,,-----
Iteration 1: SSE = 17.85877,,,,,,Iteration 1: SSE = 17.85877,,,,,,Iteration 1: SSE = 17.85877
Iteration 2: SSE = 7.196745,,,,,,Iteration 2: SSE = 7.196745,,,,,,Iteration 2: SSE = 7.196745
Iteration 3: SSE = 7.037891,,,,,,Iteration 3: SSE = 7.037891,,,,,,Iteration 3: SSE = 7.037891
Iteration 4: SSE = 6.98742,,,,,,Iteration 4: SSE = 6.98742,,,,,,Iteration 4: SSE = 6.98742
Iteration 5: SSE = 6.982216,,,,,,Iteration 5: SSE = 6.982216,,,,,,Iteration 5: SSE = 6.982216
,,,,,,,,,,,,
Run 52,,,,,,Run 52,,,,,,Run 52
-----,,,,,,-----,,,,,,-----
Iteration 1: SSE = 17.85877,,,,,,Iteration 1: SSE = 17.85877,,,,,,Iteration 1: SSE = 17.85877
Iteration 2: SSE = 7.196745,,,,,,Iteration 2: SSE = 7.196745,,,,,,Iteration 2: SSE = 7.196745
Iteration 3: SSE = 7.037891,,,,,,Iteration 3: SSE = 7.037891,,,,,,Iteration 3: SSE = 7.037891
Iteration 4: SSE = 6.98742,,,,,,Iteration 4: SSE = 6.98742,,,,,,Iteration 4: SSE = 6.98742
Iteration 5: SSE = 6.982216,,,,,,Iteration 5: SSE = 6.982216,,,,,,Iteration 5: SSE = 6.982216
,,,,,,,,,,,,
Run 53,,,,,,Run 53,,,,,,Run 53
-----,,,,,,-----,,,,,,-----
Iteration 1: SSE = 17.85877,,,,,,Iteration 1: SSE = 17.85877,,,,,,Iteration 1: SSE = 17.85877
Iteration 2: SSE = 7.196745,,,,,,Iteration 2: SSE = 7.196745,,,,,,Iteration 2: SSE = 7.196745
Iteration 3: SSE = 7.037891,,,,,,Iteration 3: SSE = 7.037891,,,,,,Iteration 3: SSE = 7.037891
Iteration 4: SSE = 6.98742,,,,,,Iteration 4: SSE = 6.98742,,,,,,Iteration 4: SSE = 6.98742
Iteration 5: SSE = 6.982216,,,,,,Iteration 5: SSE = 6.982216,,,,,,Iteration 5: SSE = 6.982216
,,,,,,,,,,,,
Run 54,,,,,,Run 54,,,,,,Run 54
-----,,,,,,-----,,,,,,-----
Iteration 1: SSE = 17.85877,,,,,,Iteration 1: SSE = 17.85877,,,,,,Iteration 1: SSE = 17.85877
Iteration 2: SSE = 7.196745,,,,,,Iteration 2: SSE = 7.196745,,,,,,Iteration 2: SSE = 7.196745
Iteration 3: SSE = 7.037891,,,,,,Iteration 3: SSE = 7.037891,,,,,,Iteration 3: SSE = 7.037891
Iteration 4: SSE = 6.98742,,,,,,Iteration 4: SSE = 6.98742,,,,,,Iteration 4: SSE = 6.98742
Iteration 5: SSE = 6.982216,,,,,,Iteration 5: SSE = 6.982216,,,,,,Iteration 5: SSE = 6.982216
,,,,,,,,,,,,
Run 55,,,,,,Run 55,,,,,,Run 55
-----,,,,,,-----,,,,,,-----
Iteration 1: SSE = 17.85877,,,,,,Iteration 1: SSE = 17.85877,,,,,,Iteration 1: SSE = 17.85877
Iteration 2: SSE = 7.196745,,,,,,Iteration 2: SSE = 7.196745,,,,,,Iteration 2: SSE = 7.196745
Iteration 3: SSE = 7.037891,,,,,,Iteration 3: SSE = 7.037891,,,,,,Iteration 3: SSE = 7.037891
Iteration 4: SSE = 6.98742,,,,,,Iteration 4: SSE = 6.98742,,,,,,Iteration 4: SSE = 6.98742
Iteration 5: SSE = 6.982216,,,,,,Iteration 5: SSE = 6.982216,,,,,,Iteration 5: SSE = 6.982216
,,,,,,,,,,,,
Run 56,,,,,,Run 56,,,,,,Run 56
-----,,,,,,-----,,,,,,-----
Iteration 1: SSE = 17.85877,,,,,,Iteration 1: SSE = 17.85877,,,,,,Iteration 1: SSE = 17.85877
Iteration 2: SSE = 7.196745,,,,,,Iteration 2: SSE = 7.196745,,,,,,Iteration 2: SSE = 7.196745
Iteration 3: SSE = 7.037891,,,,,,Iteration 3: SSE = 7.037891,,,,,,Iteration 3: SSE = 7.037891
Iteration 4: SSE = 6.98742,,,,,,Iteration 4: SSE = 6.98742,,,,,,Iteration 4: SSE = 6.98742
Iteration 5: SSE = 6.982216,,,,,,Iteration 5: SSE = 6.982216,,,,,,Iteration 5: SSE = 6.982216
,,,,,,,,,,,,
Run 57,,,,,,Run 57,,,,,,Run 57
-----,,,,,,-----,,,,,,-----
Iteration 1: SSE = 17.85877,,,,,,Iteration 1: SSE = 17.85877,,,,,,Iteration 1: SSE = 17.85877
Iteration 2: SSE = 7.196745,,,,,,Iteration 2: SSE = 7.196745,,,,,,Iteration 2: SSE = 7.196745
Iteration 3: SSE = 7.037891,,,,,,Iteration 3: SSE = 7.037891,,,,,,Iteration 3: SSE = 7.037891
Iteration 4: SSE = 6.98742,,,,,,Iteration 4: SSE = 6.98742,,,,,,Iteration 4: SSE = 6.98742
Iteration 5: SSE = 6.982216,,,,,,Iteration 5: SSE = 6.982216,,,,,,Iteration 5: SSE = 6.982216
,,,,,,,,,,,,
Run 58,,,,,,Run 58,,,,,,Run 58
-----,,,,,,-----,,,,,,-----
Iteration 1: SSE = 17.85877,,,,,,Iteration 1: SSE = 17.85877,,,,,,Iteration 1: SSE = 17.85877
Iteration 2: SSE = 7.196745,,,,,,Iteration 2: SSE = 7.196745,,,,,,Iteration 2: SSE = 7.196745
Iteration 3: SSE = 7.037891,,,,,,Iteration 3: SSE = 7.037891,,,,,,Iteration 3: SSE = 7.037891
Iteration 4: SSE = 6.98742,,,,,,Iteration 4: SSE = 6.98742,,,,,,Iteration 4: SSE = 6.98742
Iteration 5: SSE = 6.982216,,,,,,Iteration 5: SSE = 6.982216,,,,,,Iteration 5: SSE = 6.982216
,,,,,,,,,,,,
Run 59,,,,,,Run 59,,,,,,Run 59
-----,,,,,,-----,,,,,,-----
Iteration 1: SSE = 17.85877,,,,,,Iteration 1: SSE = 17.85877,,,,,,Iteration 1: SSE = 17.85877
Iteration 2: SSE = 7.196745,,,,,,Iteration 2: SSE = 7.196745,,,,,,Iteration 2: SSE = 7.196745
Iteration 3: SSE = 7.037891,,,,,,Iteration 3: SSE = 7.037891,,,,,,Iteration 3: SSE = 7.037891
Iteration 4: SSE = 6.98742,,,,,,Iteration 4: SSE = 6.98742,,,,,,Iteration 4: SSE = 6.98742
Iteration 5: SSE = 6.982216,,,,,,Iteration 5: SSE = 6.982216,,,,,,Iteration 5: SSE = 6.982216
,,,,,,,,,,,,
Run 60,,,,,,Run 60,,,,,,Run 60
-----,,,,,,-----,,,,,,-----
Iteration 1: SSE = 17.85877,,,,,,Iteration 1: SSE = 17.85877,,,,,,Iteration 1: SSE = 17.85877
Iteration 2: SSE = 7.196745,,,,,,Iteration 2: SSE = 7.196745,,,,,,Iteration 2: SSE = 7.196745
Iteration 3: SSE = 7.037891,,,,,,Iteration 3: SSE = 7.037891,,,,,,Iteration 3: SSE = 7.037891
Iteration 4: SSE = 6.98742,,,,,,Iteration 4: SSE = 6.98742,,,,,,Iteration 4: SSE = 6.98742
Iteration 5: SSE = 6.982216,,,,,,Iteration 5: SSE = 6.982216,,,,,,Iteration 5: SSE = 6.982216
,,,,,,,,,,,,
Run 61,,,,,,Run 61,,,,,,Run 61
-----,,,,,,-----,,,,,,-----
Iteration 1: SSE = 17.85877,,,,,,Iteration 1: SSE = 17.85877,,,,,,Iteration 1: SSE = 17.85877
Iteration 2: SSE = 7.196745,,,,,,Iteration 2: SSE = 7.196745,,,,,,Iteration 2: SSE = 7.196745
Iteration 3: SSE = 7.037891,,,,,,Iteration 3: SSE = 7.037891,,,,,,Iteration 3: SSE = 7.037891
Iteration 4: SSE = 6.98742,,,,,,Iteration 4: SSE = 6.98742,,,,,,Iteration 4: SSE = 6.98742
Iteration 5: SSE = 6.982216,,,,,,Iteration 5: SSE = 6.982216,,,,,,Iteration 5: SSE = 6.982216
,,,,,,,,,,,,
Run 62,,,,,,Run 62,,,,,,Run 62
-----,,,,,,-----,,,,,,-----
Iteration 1: SSE = 17.85877,,,,,,Iteration 1: SSE = 17.85877,,,,,,Iteration 1: SSE = 17.85877
Iteration 2: SSE = 7.196745,,,,,,Iteration 2: SSE = 7.196745,,,,,,Iteration 2: SSE = 7.196745
Iteration 3: SSE = 7.037891,,,,,,Iteration 3: SSE = 7.037891,,,,,,Iteration 3: SSE = 7.037891
Iteration 4: SSE = 6.98742,,,,,,Iteration 4: SSE = 6.98742,,,,,,Iteration 4: SSE = 6.98742
Iteration 5: SSE = 6.982216,,,,,,Iteration 5: SSE = 6.982216,,,,,,Iteration 5: SSE = 6.982216
,,,,,,,,,,,,
Run 63,,,,,,Run 63,,,,,,Run 63
-----,,,,,,-----,,,,,,-----
Iteration 1: SSE = 17.85877,,,,,,Iteration 1: SSE = 17.85877,,,,,,Iteration 1: SSE = 17.85877
Iteration 2: SSE = 7.196745,,,,,,Iteration 2: SSE = 7.196745,,,,,,Iteration 2: SSE = 7.196745
Iteration 3: SSE = 7.037891,,,,,,Iteration 3: SSE = 7.037891,,,,,,Iteration 3: SSE = 7.037891
Iteration 4: SSE = 6.98742,,,,,,Iteration 4: SSE = 6.98742,,,,,,Iteration 4: SSE = 6.98742
Iteration 5: SSE = 6.982216,,,,,,Iteration 5: SSE = 6.982216,,,,,,Iteration 5: SSE = 6.982216
,,,,,,,,,,,,
Run 64,,,,,,Run 64,,,,,,Run 64
-----,,,,,,-----,,,,,,-----
Iteration 1: SSE = 17.85877,,,,,,Iteration 1: SSE = 17.85877,,,,,,Iteration 1: SSE = 17.85877
Iteration 2: SSE = 7.196745,,,,,,Iteration 2: SSE = 7.196745,,,,,,Iteration 2: SSE = 7.196745
Iteration 3: SSE = 7.037891,,,,,,Iteration 3: SSE = 7.037891,,,,,,Iteration 3: SSE = 7.037891
Iteration 4: SSE = 6.98742,,,,,,Iteration 4: SSE = 6.98742,,,,,,Iteration 4: SSE = 6.98742
Iteration 5: SSE = 6.982216,,,,,,Iteration 5: SSE = 6.982216,,,,,,Iteration 5: SSE = 6.982216
,,,,,,,,,,,,
Run 65,,,,,,Run 65,,,,,,Run 65
-----,,,,,,-----,,,,,,-----
Iteration 1: SSE = 17.85877,,,,,,Iteration 1: SSE = 17.85877,,,,,,Iteration 1: SSE = 17.85877
Iteration 2: SSE = 7.196745,,,,,,Iteration 2: SSE = 7.196745,,,,,,Iteration 2: SSE = 7.196745
Iteration 3: SSE = 7.037891,,,,,,Iteration 3: SSE = 7.037891,,,,,,Iteration 3: SSE = 7.037891
Iteration 4: SSE = 6.98742,,,,,,Iteration 4: SSE = 6.98742,,,,,,Iteration 4: SSE = 6.98742
Iteration 5: SSE = 6.982216,,,,,,Iteration 5: SSE = 6.982216,,,,,,Iteration 5: SSE = 6.982216
,,,,,,,,,,,,
Run 66,,,,,,Run 66,,,,,,Run 66
-----,,,,,,-----,,,,,,-----
Iteration 1: SSE = 17.85877,,,,,,Iteration 1: SSE = 17.85877,,,,,,Iteration 1: SSE = 17.85877
Iteration 2: SSE = 7.196745,,,,,,Iteration 2: SSE = 7.196745,,,,,,Iteration 2: SSE = 7.196745
Iteration 3: SSE = 7.037891,,,,,,Iteration 3: SSE = 7.037891,,,,,,Iteration 3: SSE = 7.037891
Iteration 4: SSE = 6.98742,,,,,,Iteration 4: SSE = 6.98742,,,,,,Iteration 4: SSE = 6.98742
Iteration 5: SSE = 6.982216,,,,,,Iteration 5: SSE = 6.982216,,,,,,Iteration 5: SSE = 6.982216
,,,,,,,,,,,,
Run 67,,,,,,Run 67,,,,,,Run 67
-----,,,,,,-----,,,,,,-----
Iteration 1: SSE = 17.85877,,,,,,Iteration 1: SSE = 17.85877,,,,,,Iteration 1: SSE = 17.85877
Iteration 2: SSE = 7.196745,,,,,,Iteration 2: SSE = 7.196745,,,,,,Iteration 2: SSE = 7.196745
Iteration 3: SSE = 7.037891,,,,,,Iteration 3: SSE = 7.037891,,,,,,Iteration 3: SSE = 7.037891
Iteration 4: SSE = 6.98742,,,,,,Iteration 4: SSE = 6.98742,,,,,,Iteration 4: SSE = 6.98742
Iteration 5: SSE = 6.982216,,,,,,Iteration 5: SSE = 6.982216,,,,,,Iteration 5: SSE = 6.982216
,,,,,,,,,,,,
Run 68,,,,,,Run 68,,,,,,Run 68
-----,,,,,,-----,,,,,,-----
Iteration 1: SSE = 17.85877,,,,,,Iteration 1: SSE = 17.85877,,,,,,Iteration 1: SSE = 17.85877
Iteration 2: SSE = 7.196745,,,,,,Iteration 2: SSE = 7.196745,,,,,,Iteration 2: SSE = 7.196745
Iteration 3: SSE = 7.037891,,,,,,Iteration 3: SSE = 7.037891,,,,,,Iteration 3: SSE = 7.037891
Iteration 4: SSE = 6.98742,,,,,,Iteration 4: SSE = 6.98742,,,,,,Iteration 4: SSE = 6.98742
Iteration 5: SSE = 6.982216,,,,,,Iteration 5: SSE = 6.982216,,,,,,Iteration 5: SSE = 6.982216
,,,,,,,,,,,,
Run 69,,,,,,Run 69,,,,,,Run 69
-----,,,,,,-----,,,,,,-----
Iteration 1: SSE = 17.85877,,,,,,Iteration 1: SSE = 17.85877,,,,,,Iteration 1: SSE = 17.85877
Iteration 2: SSE = 7.196745,,,,,,Iteration 2: SSE = 7.196745,,,,,,Iteration 2: SSE = 7.196745
Iteration 3: SSE = 7.037891,,,,,,Iteration 3: SSE = 7.037891,,,,,,Iteration 3: SSE = 7.037891
Iteration 4: SSE = 6.98742,,,,,,Iteration 4: SSE = 6.98742,,,,,,Iteration 4: SSE = 6.98742
Iteration 5: SSE = 6.982216,,,,,,Iteration 5: SSE = 6.982216,,,,,,Iteration 5: SSE = 6.982216
,,,,,,,,,,,,
Run 70,,,,,,Run 70,,,,,,Run 70
-----,,,,,,-----,,,,,,-----
Iteration 1: SSE = 17.85877,,,,,,Iteration 1: SSE = 17.85877,,,,,,Iteration 1: SSE = 17.85877
Iteration 2: SSE = 7.196745,,,,,,Iteration 2: SSE = 7.196745,,,,,,Iteration 2: SSE = 7.196745
Iteration 3: SSE = 7.037891,,,,,,Iteration 3: SSE = 7.037891,,,,,,Iteration 3: SSE = 7.037891
Iteration 4: SSE = 6.98742,,,,,,Iteration 4: SSE = 6.98742,,,,,,Iteration 4: SSE = 6.98742
Iteration 5: SSE = 6.982216,,,,,,Iteration 5: SSE = 6.982216,,,,,,Iteration 5: SSE = 6.982216
,,,,,,,,,,,,
Run 71,,,,,,Run 71,,,,,,Run 71
-----,,,,,,-----,,,,,,-----
Iteration 1: SSE = 17.85877,,,,,,Iteration 1: SSE = 17.85877,,,,,,Iteration 1: SSE = 17.85877
Iteration 2: SSE = 7.196745,,,,,,Iteration 2: SSE = 7.196745,,,,,,Iteration 2: SSE = 7.196745
Iteration 3: SSE = 7.037891,,,,,,Iteration 3: SSE = 7.037891,,,,,,Iteration 3: SSE = 7.037891
Iteration 4: SSE = 6.98742,,,,,,Iteration 4: SSE = 6.98742,,,,,,Iteration 4: SSE = 6.98742
Iteration 5: SSE = 6.982216,,,,,,Iteration 5: SSE = 6.982216,,,,,,Iteration 5: SSE = 6.982216
,,,,,,,,,,,,
Run 72,,,,,,Run 72,,,,,,Run 72
-----,,,,,,-----,,,,,,-----
Iteration 1: SSE = 17.85877,,,,,,Iteration 1: SSE = 17.85877,,,,,,Iteration 1: SSE = 17.85877
Iteration 2: SSE = 7.196745,,,,,,Iteration 2: SSE = 7.196745,,,,,,Iteration 2: SSE = 7.196745
Iteration 3: SSE = 7.037891,,,,,,Iteration 3: SSE = 7.037891,,,,,,Iteration 3: SSE = 7.037891
Iteration 4: SSE = 6.98742,,,,,,Iteration 4: SSE = 6.98742,,,,,,Iteration 4: SSE = 6.98742
Iteration 5: SSE = 6.982216,,,,,,Iteration 5: SSE = 6.982216,,,,,,Iteration 5: SSE = 6.982216
,,,,,,,,,,,,
Run 73,,,,,,Run 73,,,,,,Run 73
-----,,,,,,-----,,,,,,-----
Iteration 1: SSE = 17.85877,,,,,,Iteration 1: SSE = 17.85877,,,,,,Iteration 1: SSE = 17.85877
Iteration 2: SSE = 7.196745,,,,,,Iteration 2: SSE = 7.196745,,,,,,Iteration 2: SSE = 7.196745
Iteration 3: SSE = 7.037891,,,,,,Iteration 3: SSE = 7.037891,,,,,,Iteration 3: SSE = 7.037891
Iteration 4: SSE = 6.98742,,,,,,Iteration 4: SSE = 6.98742,,,,,,Iteration 4: SSE = 6.98742
Iteration 5: SSE = 6.982216,,,,,,Iteration 5: SSE = 6.982216,,,,,,Iteration 5: SSE = 6.982216
,,,,,,,,,,,,
Run 74,,,,,,Run 74,,,,,,Run 74
-----,,,,,,-----,,,,,,-----
Iteration 1: SSE = 17.85877,,,,,,Iteration 1: SSE = 17.85877,,,,,,Iteration 1: SSE = 17.85877
Iteration 2: SSE = 7.196745,,,,,,Iteration 2: SSE = 7.196745,,,,,,Iteration 2: SSE = 7.196745
Iteration 3: SSE = 7.037891,,,,,,Iteration 3: SSE = 7.037891,,,,,,Iteration 3: SSE = 7.037891
Iteration 4: SSE = 6.98742,,,,,,Iteration 4: SSE = 6.98742,,,,,,Iteration 4: SSE = 6.98742
Iteration 5: SSE = 6.982216,,,,,,Iteration 5: SSE = 6.982216,,,,,,Iteration 5: SSE = 6.982216
,,,,,,,,,,,,
Run 75,,,,,,Run 75,,,,,,Run 75
-----,,,,,,-----,,,,,,-----
Iteration 1: SSE = 17.85877,,,,,,Iteration 1: SSE = 17.85877,,,,,,Iteration 1: SSE = 17.85877
Iteration 2: SSE = 7.196745,,,,,,Iteration 2: SSE = 7.196745,,,,,,Iteration 2: SSE = 7.196745
Iteration 3: SSE = 7.037891,,,,,,Iteration 3: SSE = 7.037891,,,,,,Iteration 3: SSE = 7.037891
Iteration 4: SSE = 6.98742,,,,,,Iteration 4: SSE = 6.98742,,,,,,Iteration 4: SSE = 6.98742
Iteration 5: SSE = 6.982216,,,,,,Iteration 5: SSE = 6.982216,,,,,,Iteration 5: SSE = 6.982216
,,,,,,,,,,,,
Run 76,,,,,,Run 76,,,,,,Run 76
-----,,,,,,-----,,,,,,-----
Iteration 1: SSE = 17.85877,,,,,,Iteration 1: SSE = 17.85877,,,,,,Iteration 1: SSE = 17.85877
Iteration 2: SSE = 7.196745,,,,,,Iteration 2: SSE = 7.196745,,,,,,Iteration 2: SSE = 7.196745
Iteration 3: SSE = 7.037891,,,,,,Iteration 3: SSE = 7.037891,,,,,,Iteration 3: SSE = 7.037891
Iteration 4: SSE = 6.98742,,,,,,Iteration 4: SSE = 6.98742,,,,,,Iteration 4: SSE = 6.98742
Iteration 5: SSE = 6.982216,,,,,,Iteration 5: SSE = 6.982216,,,,,,Iteration 5: SSE = 6.982216
,,,,,,,,,,,,
Run 77,,,,,,Run 77,,,,,,Run 77
-----,,,,,,-----,,,,,,-----
Iteration 1: SSE = 17.85877,,,,,,Iteration 1: SSE = 17.85877,,,,,,Iteration 1: SSE = 17.85877
Iteration 2: SSE = 7.196745,,,,,,Iteration 2: SSE = 7.196745,,,,,,Iteration 2: SSE = 7.196745
Iteration 3: SSE = 7.037891,,,,,,Iteration 3: SSE = 7.037891,,,,,,Iteration 3: SSE = 7.037891
Iteration 4: SSE = 6.98742,,,,,,Iteration 4: SSE = 6.98742,,,,,,Iteration 4: SSE = 6.98742
Iteration 5: SSE = 6.982216,,,,,,Iteration 5: SSE = 6.982216,,,,,,Iteration 5: SSE = 6.982216
,,,,,,,,,,,,
Run 78,,,,,,Run 78,,,,,,Run 78
-----,,,,,,-----,,,,,,-----
Iteration 1: SSE = 17.85877,,,,,,Iteration 1: SSE = 17.85877,,,,,,Iteration 1: SSE = 17.85877
Iteration 2: SSE = 7.196745,,,,,,Iteration 2: SSE = 7.196745,,,,,,Iteration 2: SSE = 7.196745
Iteration 3: SSE = 7.037891,,,,,,Iteration 3: SSE = 7.037891,,,,,,Iteration 3: SSE = 7.037891
Iteration 4: SSE = 6.98742,,,,,,Iteration 4: SSE = 6.98742,,,,,,Iteration 4: SSE = 6.98742
Iteration 5: SSE = 6.982216,,,,,,Iteration 5: SSE = 6.982216,,,,,,Iteration 5: SSE = 6.982216
,,,,,,,,,,,,
Run 79,,,,,,Run 79,,,,,,Run 79
-----,,,,,,-----,,,,,,-----
Iteration 1: SSE = 17.85877,,,,,,Iteration 1: SSE = 17.85877,,,,,,Iteration 1: SSE = 17.85877
Iteration 2: SSE = 7.196745,,,,,,Iteration 2: SSE = 7.196745,,,,,,Iteration 2: SSE = 7.196745
Iteration 3: SSE = 7.037891,,,,,,Iteration 3: SSE = 7.037891,,,,,,Iteration 3: SSE = 7.037891
Iteration 4: SSE = 6.98742,,,,,,Iteration 4: SSE = 6.98742,,,,,,Iteration 4: SSE = 6.98742
Iteration 5: SSE = 6.982216,,,,,,Iteration 5: SSE = 6.982216,,,,,,Iteration 5: SSE = 6.982216
,,,,,,,,,,,,
Run 80,,,,,,Run 80,,,,,,Run 80
-----,,,,,,-----,,,,,,-----
Iteration 1: SSE = 17.85877,,,,,,Iteration 1: SSE = 17.85877,,,,,,Iteration 1: SSE = 17.85877
Iteration 2: SSE = 7.196745,,,,,,Iteration 2: SSE = 7.196745,,,,,,Iteration 2: SSE = 7.196745
Iteration 3: SSE = 7.037891,,,,,,Iteration 3: SSE = 7.037891,,,,,,Iteration 3: SSE = 7.037891
Iteration 4: SSE = 6.98742,,,,,,Iteration 4: SSE = 6.98742,,,,,,Iteration 4: SSE = 6.98742
Iteration 5: SSE = 6.982216,,,,,,Iteration 5: SSE = 6.982216,,,,,,Iteration 5: SSE = 6.982216
,,,,,,,,,,,,
Run 81,,,,,,Run 81,,,,,,Run 81
-----,,,,,,-----,,,,,,-----
Iteration 1: SSE = 17.85877,,,,,,Iteration 1: SSE = 17.85877,,,,,,Iteration 1: SSE = 17.85877
Iteration 2: SSE = 7.196745,,,,,,Iteration 2: SSE = 7.196745,,,,,,Iteration 2: SSE = 7.196745
Iteration 3: SSE = 7.037891,,,,,,Iteration 3: SSE = 7.037891,,,,,,Iteration 3: SSE = 7.037891
Iteration 4: SSE = 6.98742,,,,,,Iteration 4: SSE = 6.98742,,,,,,Iteration 4: SSE = 6.98742
Iteration 5: SSE = 6.982216,,,,,,Iteration 5: SSE = 6.982216,,,,,,Iteration 5: SSE = 6.982216
,,,,,,,,,,,,
Run 82,,,,,,Run 82,,,,,,Run 82
-----,,,,,,-----,,,,,,-----
Iteration 1: SSE = 17.85877,,,,,,Iteration 1: SSE = 17.85877,,,,,,Iteration 1: SSE = 17.85877
Iteration 2: SSE = 7.196745,,,,,,Iteration 2: SSE = 7.196745,,,,,,Iteration 2: SSE = 7.196745
Iteration 3: SSE = 7.037891,,,,,,Iteration 3: SSE = 7.037891,,,,,,Iteration 3: SSE = 7.037891
Iteration 4: SSE = 6.98742,,,,,,Iteration 4: SSE = 6.98742,,,,,,Iteration 4: SSE = 6.98742
Iteration 5: SSE = 6.982216,,,,,,Iteration 5: SSE = 6.982216,,,,,,Iteration 5: SSE = 6.982216
,,,,,,,,,,,,
Run 83,,,,,,Run 83,,,,,,Run 83
-----,,,,,,-----,,,,,,-----
Iteration 1: SSE = 17.85877,,,,,,Iteration 1: SSE = 17.85877,,,,,,Iteration 1: SSE = 17.85877
Iteration 2: SSE = 7.196745,,,,,,Iteration 2: SSE = 7.196745,,,,,,Iteration 2: SSE = 7.196745
Iteration 3: SSE = 7.037891,,,,,,Iteration 3: SSE = 7.037891,,,,,,Iteration 3: SSE = 7.037891
Iteration 4: SSE = 6.98742,,,,,,Iteration 4: SSE = 6.98742,,,,,,Iteration 4: SSE = 6.98742
Iteration 5: SSE = 6.982216,,,,,,Iteration 5: SSE = 6.982216,,,,,,Iteration 5: SSE = 6.982216
,,,,,,,,,,,,
Run 84,,,,,,Run 84,,,,,,Run 84
-----,,,,,,-----,,,,,,-----
Iteration 1: SSE = 17.85877,,,,,,Iteration 1: SSE = 17.85877,,,,,,Iteration 1: SSE = 17.85877
Iteration 2: SSE = 7.196745,,,,,,Iteration 2: SSE = 7.196745,,,,,,Iteration 2: SSE = 7.196745
Iteration 3: SSE = 7.037891,,,,,,Iteration 3: SSE = 7.037891,,,,,,Iteration 3: SSE = 7.037891
Iteration 4: SSE = 6.98742,,,,,,Iteration 4: SSE = 6.98742,,,,,,Iteration 4: SSE = 6.98742
Iteration 5: SSE = 6.982216,,,,,,Iteration 5: SSE = 6.982216,,,,,,Iteration 5: SSE = 6.982216
,,,,,,,,,,,,
Run 85,,,,,,Run 85,,,,,,Run 85
-----,,,,,,-----,,,,,,-----
Iteration 1: SSE = 17.85877,,,,,,Iteration 1: SSE = 17.85877,,,,,,Iteration 1: SSE = 17.85877
Iteration 2: SSE = 7.196745,,,,,,Iteration 2: SSE = 7.196745,,,,,,Iteration 2: SSE = 7.196745
Iteration 3: SSE = 7.037891,,,,,,Iteration 3: SSE = 7.037891,,,,,,Iteration 3: SSE = 7.037891
Iteration 4: SSE = 6.98742,,,,,,Iteration 4: SSE = 6.98742,,,,,,Iteration 4: SSE = 6.98742
Iteration 5: SSE = 6.982216,,,,,,Iteration 5: SSE = 6.982216,,,,,,Iteration 5: SSE = 6.982216
,,,,,,,,,,,,
Run 86,,,,,,Run 86,,,,,,Run 86
-----,,,,,,-----,,,,,,-----
Iteration 1: SSE = 17.85877,,,,,,Iteration 1: SSE = 17.85877,,,,,,Iteration 1: SSE = 17.85877
Iteration 2: SSE = 7.196745,,,,,,Iteration 2: SSE = 7.196745,,,,,,Iteration 2: SSE = 7.196745
Iteration 3: SSE = 7.037891,,,,,,Iteration 3: SSE = 7.037891,,,,,,Iteration 3: SSE = 7.037891
Iteration 4: SSE = 6.98742,,,,,,Iteration 4: SSE = 6.98742,,,,,,Iteration 4: SSE = 6.98742
Iteration 5: SSE = 6.982216,,,,,,Iteration 5: SSE = 6.982216,,,,,,Iteration 5: SSE = 6.982216
,,,,,,,,,,,,
Run 87,,,,,,Run 87,,,,,,Run 87
-----,,,,,,-----,,,,,,-----
Iteration 1: SSE = 17.85877,,,,,,Iteration 1: SSE = 17.85877,,,,,,Iteration 1: SSE = 17.85877
Iteration 2: SSE = 7.196745,,,,,,Iteration 2: SSE = 7.196745,,,,,,Iteration 2: SSE = 7.196745
Iteration 3: SSE = 7.037891,,,,,,Iteration 3: SSE = 7.037891,,,,,,Iteration 3: SSE = 7.037891
Iteration 4: SSE = 6.98742,,,,,,Iteration 4: SSE = 6.98742,,,,,,Iteration 4: SSE = 6.98742
Iteration 5: SSE = 6.982216,,,,,,Iteration 5: SSE = 6.982216,,,,,,Iteration 5: SSE = 6.982216
,,,,,,,,,,,,
Run 88,,,,,,Run 88,,,,,,Run 88
-----,,,,,,-----,,,,,,-----
Iteration 1: SSE = 17.85877,,,,,,Iteration 1: SSE = 17.85877,,,,,,Iteration 1: SSE = 17.85877
Iteration 2: SSE = 7.196745,,,,,,Iteration 2: SSE = 7.196745,,,,,,Iteration 2: SSE = 7.196745
Iteration 3: SSE = 7.037891,,,,,,Iteration 3: SSE = 7.037891,,,,,,Iteration 3: SSE = 7.037891
Iteration 4: SSE = 6.98742,,,,,,Iteration 4: SSE = 6.98742,,,,,,Iteration 4: SSE = 6.98742
Iteration 5: SSE = 6.982216,,,,,,Iteration 5: SSE = 6.982216,,,,,,Iteration 5: SSE = 6.982216
,,,,,,,,,,,,
Run 89,,,,,,Run 89,,,,,,Run 89
-----,,,,,,-----,,,,,,-----
Iteration 1: SSE = 17.85877,,,,,,Iteration 1: SSE = 17.85877,,,,,,Iteration 1: SSE = 17.85877
Iteration 2: SSE = 7.196745,,,,,,Iteration 2: SSE = 7.196745,,,,,,Iteration 2: SSE = 7.196745
Iteration 3: SSE = 7.037891,,,,,,Iteration 3: SSE = 7.037891,,,,,,Iteration 3: SSE = 7.037891
Iteration 4: SSE = 6.98742,,,,,,Iteration 4: SSE = 6.98742,,,,,,Iteration 4: SSE = 6.98742
Iteration 5: SSE = 6.982216,,,,,,Iteration 5: SSE = 6.982216,,,,,,Iteration 5: SSE = 6.982216
,,,,,,,,,,,,
Run 90,,,,,,Run 90,,,,,,Run 90
-----,,,,,,-----,,,,,,-----
Iteration 1: SSE = 17.85877,,,,,,Iteration 1: SSE = 17.85877,,,,,,Iteration 1: SSE = 17.85877
Iteration 2: SSE = 7.196745,,,,,,Iteration 2: SSE = 7.196745,,,,,,Iteration 2: SSE = 7.196745
Iteration 3: SSE = 7.037891,,,,,,Iteration 3: SSE = 7.037891,,,,,,Iteration 3: SSE = 7.037891
Iteration 4: SSE = 6.98742,,,,,,Iteration 4: SSE = 6.98742,,,,,,Iteration 4: SSE = 6.98742
Iteration 5: SSE = 6.982216,,,,,,Iteration 5: SSE = 6.982216,,,,,,Iteration 5: SSE = 6.982216
,,,,,,,,,,,,
Run 91,,,,,,Run 91,,,,,,Run 91
-----,,,,,,-----,,,,,,-----
Iteration 1: SSE = 17.85877,,,,,,Iteration 1: SSE = 17.85877,,,,,,Iteration 1: SSE = 17.85877
Iteration 2: SSE = 7.196745,,,,,,Iteration 2: SSE = 7.196745,,,,,,Iteration 2: SSE = 7.196745
Iteration 3: SSE = 7.037891,,,,,,Iteration 3: SSE = 7.037891,,,,,,Iteration 3: SSE = 7.037891
Iteration 4: SSE = 6.98742,,,,,,Iteration 4: SSE = 6.98742,,,,,,Iteration 4: SSE = 6.98742
Iteration 5: SSE = 6.982216,,,,,,Iteration 5: SSE = 6.982216,,,,,,Iteration 5: SSE = 6.982216
,,,,,,,,,,,,
Run 92,,,,,,Run 92,,,,,,Run 92
-----,,,,,,-----,,,,,,-----
Iteration 1: SSE = 17.85877,,,,,,Iteration 1: SSE = 17.85877,,,,,,Iteration 1: SSE = 17.85877
Iteration 2: SSE = 7.196745,,,,,,Iteration 2: SSE = 7.196745,,,,,,Iteration 2: SSE = 7.196745
Iteration 3: SSE = 7.037891,,,,,,Iteration 3: SSE = 7.037891,,,,,,Iteration 3: SSE = 7.037891
Iteration 4: SSE = 6.98742,,,,,,Iteration 4: SSE = 6.98742,,,,,,Iteration 4: SSE = 6.98742
Iteration 5: SSE = 6.982216,,,,,,Iteration 5: SSE = 6.982216,,,,,,Iteration 5: SSE = 6.982216
,,,,,,,,,,,,
Run 93,,,,,,Run 93,,,,,,Run 93
-----,,,,,,-----,,,,,,-----
Iteration 1: SSE = 17.85877,,,,,,Iteration 1: SSE = 17.85877,,,,,,Iteration 1: SSE = 17.85877
Iteration 2: SSE = 7.196745,,,,,,Iteration 2: SSE = 7.196745,,,,,,Iteration 2: SSE = 7.196745
Iteration 3: SSE = 7.037891,,,,,,Iteration 3: SSE = 7.037891,,,,,,Iteration 3: SSE = 7.037891
Iteration 4: SSE = 6.98742,,,,,,Iteration 4: SSE = 6.98742,,,,,,Iteration 4: SSE = 6.98742
Iteration 5: SSE = 6.982216,,,,,,Iteration 5: SSE = 6.982216,,,,,,Iteration 5: SSE = 6.982216
,,,,,,,,,,,,
Run 94,,,,,,Run 94,,,,,,Run 94
-----,,,,,,-----,,,,,,-----
Iteration 1: SSE = 17.85877,,,,,,Iteration 1: SSE = 17.85877,,,,,,Iteration 1: SSE = 17.85877
Iteration 2: SSE = 7.196745,,,,,,Iteration 2: SSE = 7.196745,,,,,,Iteration 2: SSE = 7.196745
Iteration 3: SSE = 7.037891,,,,,,Iteration 3: SSE = 7.037891,,,,,,Iteration 3: SSE = 7.037891
Iteration 4: SSE = 6.98742,,,,,,Iteration 4: SSE = 6.98742,,,,,,Iteration 4: SSE = 6.98742
Iteration 5: SSE = 6.982216,,,,,,Iteration 5: SSE = 6.982216,,,,,,Iteration 5: SSE = 6.982216
,,,,,,,,,,,,
Run 95,,,,,,Run 95,,,,,,Run 95
-----,,,,,,-----,,,,,,-----
Iteration 1: SSE = 17.85877,,,,,,Iteration 1: SSE = 17.85877,,,,,,Iteration 1: SSE = 17.85877
Iteration 2: SSE = 7.196745,,,,,,Iteration 2: SSE = 7.196745,,,,,,Iteration 2: SSE = 7.196745
Iteration 3: SSE = 7.037891,,,,,,Iteration 3: SSE = 7.037891,,,,,,Iteration 3: SSE = 7.037891
Iteration 4: SSE = 6.98742,,,,,,Iteration 4: SSE = 6.98742,,,,,,Iteration 4: SSE = 6.98742
Iteration 5: SSE = 6.982216,,,,,,Iteration 5: SSE = 6.982216,,,,,,Iteration 5: SSE = 6.982216
,,,,,,,,,,,,
Run 96,,,,,,Run 96,,,,,,Run 96
-----,,,,,,-----,,,,,,-----
Iteration 1: SSE = 17.85877,,,,,,Iteration 1: SSE = 17.85877,,,,,,Iteration 1: SSE = 17.85877
Iteration 2: SSE = 7.196745,,,,,,Iteration 2: SSE = 7.196745,,,,,,Iteration 2: SSE = 7.196745
Iteration 3: SSE = 7.037891,,,,,,Iteration 3: SSE = 7.037891,,,,,,Iteration 3: SSE = 7.037891
Iteration 4: SSE = 6.98742,,,,,,Iteration 4: SSE = 6.98742,,,,,,Iteration 4: SSE = 6.98742
Iteration 5: SSE = 6.982216,,,,,,Iteration 5: SSE = 6.982216,,,,,,Iteration 5: SSE = 6.982216
,,,,,,,,,,,,
Run 97,,,,,,Run 97,,,,,,Run 97
-----,,,,,,-----,,,,,,-----
Iteration 1: SSE = 17.85877,,,,,,Iteration 1: SSE = 17.85877,,,,,,Iteration 1: SSE = 17.85877
Iteration 2: SSE = 7.196745,,,,,,Iteration 2: SSE = 7.196745,,,,,,Iteration 2: SSE = 7.196745
Iteration 3: SSE = 7.037891,,,,,,Iteration 3: SSE = 7.037891,,,,,,Iteration 3: SSE = 7.037891
Iteration 4: SSE = 6.98742,,,,,,Iteration 4: SSE = 6.98742,,,,,,Iteration 4: SSE = 6.98742
Iteration 5: SSE = 6.982216,,,,,,Iteration 5: SSE = 6.982216,,,,,,Iteration 5: SSE = 6.982216
,,,,,,,,,,,,
Run 98,,,,,,Run 98,,,,,,Run 98
-----,,,,,,-----,,,,,,-----
Iteration 1: SSE = 17.85877,,,,,,Iteration 1: SSE = 17.85877,,,,,,Iteration 1: SSE = 17.85877
Iteration 2: SSE = 7.196745,,,,,,Iteration 2: SSE = 7.196745,,,,,,Iteration 2: SSE = 7.196745
Iteration 3: SSE = 7.037891,,,,,,Iteration 3: SSE = 7.037891,,,,,,Iteration 3: SSE = 7.037891
Iteration 4: SSE = 6.98742,,,,,,Iteration 4: SSE = 6.98742,,,,,,Iteration 4: SSE = 6.98742
Iteration 5: SSE = 6.982216,,,,,,Iteration 5: SSE = 6.982216,,,,,,Iteration 5: SSE = 6.982216
,,,,,,,,,,,,
Run 99,,,,,,Run 99,,,,,,Run 99
-----,,,,,,-----,,,,,,-----
Iteration 1: SSE = 17.85877,,,,,,Iteration 1: SSE = 17.85877,,,,,,Iteration 1: SSE = 17.85877
Iteration 2: SSE = 7.196745,,,,,,Iteration 2: SSE = 7.196745,,,,,,Iteration 2: SSE = 7.196745
Iteration 3: SSE = 7.037891,,,,,,Iteration 3: SSE = 7.037891,,,,,,Iteration 3: SSE = 7.037891
Iteration 4: SSE = 6.98742,,,,,,Iteration 4: SSE = 6.98742,,,,,,Iteration 4: SSE = 6.98742
Iteration 5: SSE = 6.982216,,,,,,Iteration 5: SSE = 6.982216,,,,,,Iteration 5: SSE = 6.982216
,,,,,,,,,,,,
Run 100,,,,,,Run 100,,,,,,Run 100
-----,,,,,,-----,,,,,,-----
Iteration 1: SSE = 17.85877,,,,,,Iteration 1: SSE = 17.85877,,,,,,Iteration 1: SSE = 17.85877
Iteration 2: SSE = 7.196745,,,,,,Iteration 2: SSE = 7.196745,,,,,,Iteration 2: SSE = 7.196745
Iteration 3: SSE = 7.037891,,,,,,Iteration 3: SSE = 7.037891,,,,,,Iteration 3: SSE = 7.037891
Iteration 4: SSE = 6.98742,,,,,,Iteration 4: SSE = 6.98742,,,,,,Iteration 4: SSE = 6.98742
Iteration 5: SSE = 6.982216,,,,,,Iteration 5: SSE = 6.982216,,,,,,Iteration 5: SSE = 6.982216
,,,,,,,,,,,,
Best Run: 1 SSE: 6.982216,,,,,,Best Run: 1 SSE: 6.982216,,,,,,Best Run: 1 SSE: 6.982216
