Performance1,,,,,,Performance2,,,,,,Performance3
Run 1,,,,,,Run 1,,,,,,Run 1
-----,,,,,,-----,,,,,,-----
Iteration 1: SSE = 455.9847,,,,,,Iteration 1: SSE = 436.2517,,,,,,Iteration 1: SSE = 587.1139
Iteration 2: SSE = 260.4734,,,,,,Iteration 2: SSE = 243.3315,,,,,,Iteration 2: SSE = 305.76
Iteration 3: SSE = 250.0837,,,,,,Iteration 3: SSE = 228.9207,,,,,,Iteration 3: SSE = 252.7949
Iteration 4: SSE = 243.4694,,,,,,Iteration 4: SSE = 225.7376,,,,,,Iteration 4: SSE = 239.8381
Iteration 5: SSE = 238.0673,,,,,,Iteration 5: SSE = 224.725,,,,,,Iteration 5: SSE = 237.582
Iteration 6: SSE = 235.6673,,,,,,Iteration 6: SSE = 224.1362,,,,,,Iteration 6: SSE = 236.4972
Iteration 7: SSE = 234.0901,,,,,,Iteration 7: SSE = 223.842,,,,,,Iteration 7: SSE = 235.6153
Iteration 8: SSE = 232.8792,,,,,,Iteration 8: SSE = 223.682,,,,,,Iteration 8: SSE = 234.6476
Iteration 9: SSE = 232.0775,,,,,,,,,,,,Iteration 9: SSE = 233.5079
Iteration 10: SSE = 231.1546,,,,,,Run 2,,,,,,Iteration 10: SSE = 232.5628
Iteration 11: SSE = 230.043,,,,,,-----,,,,,,Iteration 11: SSE = 231.1832
Iteration 12: SSE = 228.9355,,,,,,Iteration 1: SSE = 436.2517,,,,,,Iteration 12: SSE = 229.9636
Iteration 13: SSE = 228.1176,,,,,,Iteration 2: SSE = 243.3315,,,,,,Iteration 13: SSE = 228.8951
Iteration 14: SSE = 227.849,,,,,,Iteration 3: SSE = 228.9207,,,,,,Iteration 14: SSE = 228.0838
Iteration 15: SSE = 227.489,,,,,,Iteration 4: SSE = 225.7376,,,,,,Iteration 15: SSE = 227.7214
Iteration 16: SSE = 227.0964,,,,,,Iteration 5: SSE = 224.725,,,,,,Iteration 16: SSE = 227.3534
Iteration 17: SSE = 226.8805,,,,,,Iteration 6: SSE = 224.1362,,,,,,Iteration 17: SSE = 226.9914
,,,,,,Iteration 7: SSE = 223.842,,,,,,Iteration 18: SSE = 226.7789
Run 2,,,,,,Iteration 8: SSE = 223.682,,,,,,
-----,,,,,,,,,,,,Run 2
Iteration 1: SSE = 455.9847,,,,,,Run 3,,,,,,-----
Iteration 2: SSE = 260.4734,,,,,,-----,,,,,,Iteration 1: SSE = 587.1139
Iteration 3: SSE = 250.0837,,,,,,Iteration 1: SSE = 396.1996,,,,,,Iteration 2: SSE = 305.76
Iteration 4: SSE = 243.4694,,,,,,Iteration 2: SSE = 290.9855,,,,,,Iteration 3: SSE = 252.7949
Iteration 5: SSE = 238.0673,,,,,,Iteration 3: SSE = 282.4548,,,,,,Iteration 4: SSE = 239.8381
Iteration 6: SSE = 235.6673,,,,,,Iteration 4: SSE = 276.9966,,,,,,Iteration 5: SSE = 237.582
Iteration 7: SSE = 234.0901,,,,,,Iteration 5: SSE = 271.4735,,,,,,Iteration 6: SSE = 236.4972
Iteration 8: SSE = 232.8792,,,,,,Iteration 6: SSE = 266.6924,,,,,,Iteration 7: SSE = 235.6153
Iteration 9: SSE = 232.0775,,,,,,Iteration 7: SSE = 260.5601,,,,,,Iteration 8: SSE = 234.6476
Iteration 10: SSE = 231.1546,,,,,,Iteration 8: SSE = 253.3527,,,,,,Iteration 9: SSE = 233.5079
Iteration 11: SSE = 230.043,,,,,,Iteration 9: SSE = 246.571,,,,,,Iteration 10: SSE = 232.5628
Iteration 12: SSE = 228.9355,,,,,,Iteration 10: SSE = 240.5495,,,,,,Iteration 11: SSE = 231.1832
Iteration 13: SSE = 228.1176,,,,,,Iteration 11: SSE = 237.328,,,,,,Iteration 12: SSE = 229.9636
Iteration 14: SSE = 227.849,,,,,,Iteration 12: SSE = 235.0765,,,,,,Iteration 13: SSE = 228.8951
Iteration 15: SSE = 227.489,,,,,,Iteration 13: SSE = 233.6364,,,,,,Iteration 14: SSE = 228.0838
Iteration 16: SSE = 227.0964,,,,,,Iteration 14: SSE = 232.8947,,,,,,Iteration 15: SSE = 227.7214
Iteration 17: SSE = 226.8805,,,,,,Iteration 15: SSE = 232.0541,,,,,,Iteration 16: SSE = 227.3534
,,,,,,Iteration 16: SSE = 231.0639,,,,,,Iteration 17: SSE = 226.9914
Run 3,,,,,,Iteration 17: SSE = 230.0685,,,,,,Iteration 18: SSE = 226.7789
-----,,,,,,Iteration 18: SSE = 228.8165,,,,,,
Iteration 1: SSE = 455.9847,,,,,,Iteration 19: SSE = 228.0718,,,,,,Run 3
Iteration 2: SSE = 260.4734,,,,,,Iteration 20: SSE = 227.6975,,,,,,-----
Iteration 3: SSE = 250.0837,,,,,,Iteration 21: SSE = 227.3663,,,,,,Iteration 1: SSE = 587.1139
Iteration 4: SSE = 243.4694,,,,,,Iteration 22: SSE = 227.0136,,,,,,Iteration 2: SSE = 305.76
Iteration 5: SSE = 238.0673,,,,,,Iteration 23: SSE = 226.7914,,,,,,Iteration 3: SSE = 252.7949
Iteration 6: SSE = 235.6673,,,,,,,,,,,,Iteration 4: SSE = 239.8381
Iteration 7: SSE = 234.0901,,,,,,Run 4,,,,,,Iteration 5: SSE = 237.582
Iteration 8: SSE = 232.8792,,,,,,-----,,,,,,Iteration 6: SSE = 236.4972
Iteration 9: SSE = 232.0775,,,,,,Iteration 1: SSE = 396.1996,,,,,,Iteration 7: SSE = 235.6153
Iteration 10: SSE = 231.1546,,,,,,Iteration 2: SSE = 290.9855,,,,,,Iteration 8: SSE = 234.6476
Iteration 11: SSE = 230.043,,,,,,Iteration 3: SSE = 282.4548,,,,,,Iteration 9: SSE = 233.5079
Iteration 12: SSE = 228.9355,,,,,,Iteration 4: SSE = 276.9966,,,,,,Iteration 10: SSE = 232.5628
Iteration 13: SSE = 228.1176,,,,,,Iteration 5: SSE = 271.4735,,,,,,Iteration 11: SSE = 231.1832
Iteration 14: SSE = 227.849,,,,,,Iteration 6: SSE = 266.6924,,,,,,Iteration 12: SSE = 229.9636
Iteration 15: SSE = 227.489,,,,,,Iteration 7: SSE = 260.5601,,,,,,Iteration 13: SSE = 228.8951
Iteration 16: SSE = 227.0964,,,,,,Iteration 8: SSE = 253.3527,,,,,,Iteration 14: SSE = 228.0838
Iteration 17: SSE = 226.8805,,,,,,Iteration 9: SSE = 246.571,,,,,,Iteration 15: SSE = 227.7214
,,,,,,Iteration 10: SSE = 240.5495,,,,,,Iteration 16: SSE = 227.3534
Run 4,,,,,,Iteration 11: SSE = 237.328,,,,,,Iteration 17: SSE = 226.9914
-----,,,,,,Iteration 12: SSE = 235.0765,,,,,,Iteration 18: SSE = 226.7789
Iteration 1: SSE = 630.3996,,,,,,Iteration 13: SSE = 233.6364,,,,,,
Iteration 2: SSE = 332.0918,,,,,,Iteration 14: SSE = 232.8947,,,,,,Run 4
Iteration 3: SSE = 249.9176,,,,,,Iteration 15: SSE = 232.0541,,,,,,-----
Iteration 4: SSE = 231.2739,,,,,,Iteration 16: SSE = 231.0639,,,,,,Iteration 1: SSE = 587.1139
Iteration 5: SSE = 228.8084,,,,,,Iteration 17: SSE = 230.0685,,,,,,Iteration 2: SSE = 305.76
Iteration 6: SSE = 228.0293,,,,,,Iteration 18: SSE = 228.8165,,,,,,Iteration 3: SSE = 252.7949
Iteration 7: SSE = 227.1967,,,,,,Iteration 19: SSE = 228.0718,,,,,,Iteration 4: SSE = 239.8381
Iteration 8: SSE = 226.3823,,,,,,Iteration 20: SSE = 227.6975,,,,,,Iteration 5: SSE = 237.582
Iteration 9: SSE = 225.8227,,,,,,Iteration 21: SSE = 227.3663,,,,,,Iteration 6: SSE = 236.4972
Iteration 10: SSE = 225.4009,,,,,,Iteration 22: SSE = 227.0136,,,,,,Iteration 7: SSE = 235.6153
Iteration 11: SSE = 225.1942,,,,,,Iteration 23: SSE = 226.7914,,,,,,Iteration 8: SSE = 234.6476
,,,,,,,,,,,,Iteration 9: SSE = 233.5079
Run 5,,,,,,Run 5,,,,,,Iteration 10: SSE = 232.5628
-----,,,,,,-----,,,,,,Iteration 11: SSE = 231.1832
Iteration 1: SSE = 630.3996,,,,,,Iteration 1: SSE = 396.1996,,,,,,Iteration 12: SSE = 229.9636
Iteration 2: SSE = 332.0918,,,,,,Iteration 2: SSE = 290.9855,,,,,,Iteration 13: SSE = 228.8951
Iteration 3: SSE = 249.9176,,,,,,Iteration 3: SSE = 282.4548,,,,,,Iteration 14: SSE = 228.0838
Iteration 4: SSE = 231.2739,,,,,,Iteration 4: SSE = 276.9966,,,,,,Iteration 15: SSE = 227.7214
Iteration 5: SSE = 228.8084,,,,,,Iteration 5: SSE = 271.4735,,,,,,Iteration 16: SSE = 227.3534
Iteration 6: SSE = 228.0293,,,,,,Iteration 6: SSE = 266.6924,,,,,,Iteration 17: SSE = 226.9914
Iteration 7: SSE = 227.1967,,,,,,Iteration 7: SSE = 260.5601,,,,,,Iteration 18: SSE = 226.7789
Iteration 8: SSE = 226.3823,,,,,,Iteration 8: SSE = 253.3527,,,,,,
Iteration 9: SSE = 225.8227,,,,,,Iteration 9: SSE = 246.571,,,,,,Run 5
Iteration 10: SSE = 225.4009,,,,,,Iteration 10: SSE = 240.5495,,,,,,-----
Iteration 11: SSE = 225.1942,,,,,,Iteration 11: SSE = 237.328,,,,,,Iteration 1: SSE = 587.1139
,,,,,,Iteration 12: SSE = 235.0765,,,,,,Iteration 2: SSE = 305.76
Run 6,,,,,,Iteration 13: SSE = 233.6364,,,,,,Iteration 3: SSE = 252.7949
-----,,,,,,Iteration 14: SSE = 232.8947,,,,,,Iteration 4: SSE = 239.8381
Iteration 1: SSE = 630.3996,,,,,,Iteration 15: SSE = 232.0541,,,,,,Iteration 5: SSE = 237.582
Iteration 2: SSE = 332.0918,,,,,,Iteration 16: SSE = 231.0639,,,,,,Iteration 6: SSE = 236.4972
Iteration 3: SSE = 249.9176,,,,,,Iteration 17: SSE = 230.0685,,,,,,Iteration 7: SSE = 235.6153
Iteration 4: SSE = 231.2739,,,,,,Iteration 18: SSE = 228.8165,,,,,,Iteration 8: SSE = 234.6476
Iteration 5: SSE = 228.8084,,,,,,Iteration 19: SSE = 228.0718,,,,,,Iteration 9: SSE = 233.5079
Iteration 6: SSE = 228.0293,,,,,,Iteration 20: SSE = 227.6975,,,,,,Iteration 10: SSE = 232.5628
Iteration 7: SSE = 227.1967,,,,,,Iteration 21: SSE = 227.3663,,,,,,Iteration 11: SSE = 231.1832
Iteration 8: SSE = 226.3823,,,,,,Iteration 22: SSE = 227.0136,,,,,,Iteration 12: SSE = 229.9636
Iteration 9: SSE = 225.8227,,,,,,Iteration 23: SSE = 226.7914,,,,,,Iteration 13: SSE = 228.8951
Iteration 10: SSE = 225.4009,,,,,,,,,,,,Iteration 14: SSE = 228.0838
Iteration 11: SSE = 225.1942,,,,,,Run 6,,,,,,Iteration 15: SSE = 227.7214
,,,,,,-----,,,,,,Iteration 16: SSE = 227.3534
Run 7,,,,,,Iteration 1: SSE = 343.9763,,,,,,Iteration 17: SSE = 226.9914
-----,,,,,,Iteration 2: SSE = 230.2302,,,,,,Iteration 18: SSE = 226.7789
Iteration 1: SSE = 630.3996,,,,,,Iteration 3: SSE = 226.3537,,,,,,
Iteration 2: SSE = 332.0918,,,,,,Iteration 4: SSE = 225.4508,,,,,,Run 6
Iteration 3: SSE = 249.9176,,,,,,Iteration 5: SSE = 224.8457,,,,,,-----
Iteration 4: SSE = 231.2739,,,,,,Iteration 6: SSE = 224.2758,,,,,,Iteration 1: SSE = 428.6775
Iteration 5: SSE = 228.8084,,,,,,Iteration 7: SSE = 223.871,,,,,,Iteration 2: SSE = 257.2127
Iteration 6: SSE = 228.0293,,,,,,Iteration 8: SSE = 223.7237,,,,,,Iteration 3: SSE = 242.4612
Iteration 7: SSE = 227.1967,,,,,,,,,,,,Iteration 4: SSE = 239.6563
Iteration 8: SSE = 226.3823,,,,,,Run 7,,,,,,Iteration 5: SSE = 238.6645
Iteration 9: SSE = 225.8227,,,,,,-----,,,,,,Iteration 6: SSE = 238.4698
Iteration 10: SSE = 225.4009,,,,,,Iteration 1: SSE = 343.9763,,,,,,
Iteration 11: SSE = 225.1942,,,,,,Iteration 2: SSE = 230.2302,,,,,,Run 7
,,,,,,Iteration 3: SSE = 226.3537,,,,,,-----
Run 8,,,,,,Iteration 4: SSE = 225.4508,,,,,,Iteration 1: SSE = 428.6775
-----,,,,,,Iteration 5: SSE = 224.8457,,,,,,Iteration 2: SSE = 257.2127
Iteration 1: SSE = 630.3996,,,,,,Iteration 6: SSE = 224.2758,,,,,,Iteration 3: SSE = 242.4612
Iteration 2: SSE = 332.0918,,,,,,Iteration 7: SSE = 223.871,,,,,,Iteration 4: SSE = 239.6563
Iteration 3: SSE = 249.9176,,,,,,Iteration 8: SSE = 223.7237,,,,,,Iteration 5: SSE = 238.6645
Iteration 4: SSE = 231.2739,,,,,,,,,,,,Iteration 6: SSE = 238.4698
Iteration 5: SSE = 228.8084,,,,,,Run 8,,,,,,
Iteration 6: SSE = 228.0293,,,,,,-----,,,,,,Run 8
Iteration 7: SSE = 227.1967,,,,,,Iteration 1: SSE = 343.9763,,,,,,-----
Iteration 8: SSE = 226.3823,,,,,,Iteration 2: SSE = 230.2302,,,,,,Iteration 1: SSE = 428.6775
Iteration 9: SSE = 225.8227,,,,,,Iteration 3: SSE = 226.3537,,,,,,Iteration 2: SSE = 257.2127
Iteration 10: SSE = 225.4009,,,,,,Iteration 4: SSE = 225.4508,,,,,,Iteration 3: SSE = 242.4612
Iteration 11: SSE = 225.1942,,,,,,Iteration 5: SSE = 224.8457,,,,,,Iteration 4: SSE = 239.6563
,,,,,,Iteration 6: SSE = 224.2758,,,,,,Iteration 5: SSE = 238.6645
Run 9,,,,,,Iteration 7: SSE = 223.871,,,,,,Iteration 6: SSE = 238.4698
-----,,,,,,Iteration 8: SSE = 223.7237,,,,,,
Iteration 1: SSE = 630.3996,,,,,,,,,,,,Run 9
Iteration 2: SSE = 332.0918,,,,,,Run 9,,,,,,-----
Iteration 3: SSE = 249.9176,,,,,,-----,,,,,,Iteration 1: SSE = 428.6775
Iteration 4: SSE = 231.2739,,,,,,Iteration 1: SSE = 343.9763,,,,,,Iteration 2: SSE = 257.2127
Iteration 5: SSE = 228.8084,,,,,,Iteration 2: SSE = 230.2302,,,,,,Iteration 3: SSE = 242.4612
Iteration 6: SSE = 228.0293,,,,,,Iteration 3: SSE = 226.3537,,,,,,Iteration 4: SSE = 239.6563
Iteration 7: SSE = 227.1967,,,,,,Iteration 4: SSE = 225.4508,,,,,,Iteration 5: SSE = 238.6645
Iteration 8: SSE = 226.3823,,,,,,Iteration 5: SSE = 224.8457,,,,,,Iteration 6: SSE = 238.4698
Iteration 9: SSE = 225.8227,,,,,,Iteration 6: SSE = 224.2758,,,,,,
Iteration 10: SSE = 225.4009,,,,,,Iteration 7: SSE = 223.871,,,,,,Run 10
Iteration 11: SSE = 225.1942,,,,,,Iteration 8: SSE = 223.7237,,,,,,-----
,,,,,,,,,,,,Iteration 1: SSE = 428.6775
Run 10,,,,,,Run 10,,,,,,Iteration 2: SSE = 257.2127
-----,,,,,,-----,,,,,,Iteration 3: SSE = 242.4612
Iteration 1: SSE = 358.335,,,,,,Iteration 1: SSE = 343.9763,,,,,,Iteration 4: SSE = 239.6563
Iteration 2: SSE = 227.8387,,,,,,Iteration 2: SSE = 230.2302,,,,,,Iteration 5: SSE = 238.6645
Iteration 3: SSE = 225.072,,,,,,Iteration 3: SSE = 226.3537,,,,,,Iteration 6: SSE = 238.4698
Iteration 4: SSE = 224.6474,,,,,,Iteration 4: SSE = 225.4508,,,,,,
Iteration 5: SSE = 224.359,,,,,,Iteration 5: SSE = 224.8457,,,,,,Run 11
Iteration 6: SSE = 224.0351,,,,,,Iteration 6: SSE = 224.2758,,,,,,-----
Iteration 7: SSE = 223.7673,,,,,,Iteration 7: SSE = 223.871,,,,,,Iteration 1: SSE = 428.6775
Iteration 8: SSE = 223.6847,,,,,,Iteration 8: SSE = 223.7237,,,,,,Iteration 2: SSE = 257.2127
,,,,,,,,,,,,Iteration 3: SSE = 242.4612
Run 11,,,,,,Run 11,,,,,,Iteration 4: SSE = 239.6563
-----,,,,,,-----,,,,,,Iteration 5: SSE = 238.6645
Iteration 1: SSE = 358.335,,,,,,Iteration 1: SSE = 343.9763,,,,,,Iteration 6: SSE = 238.4698
Iteration 2: SSE = 227.8387,,,,,,Iteration 2: SSE = 230.2302,,,,,,
Iteration 3: SSE = 225.072,,,,,,Iteration 3: SSE = 226.3537,,,,,,Run 12
Iteration 4: SSE = 224.6474,,,,,,Iteration 4: SSE = 225.4508,,,,,,-----
Iteration 5: SSE = 224.359,,,,,,Iteration 5: SSE = 224.8457,,,,,,Iteration 1: SSE = 428.6775
Iteration 6: SSE = 224.0351,,,,,,Iteration 6: SSE = 224.2758,,,,,,Iteration 2: SSE = 257.2127
Iteration 7: SSE = 223.7673,,,,,,Iteration 7: SSE = 223.871,,,,,,Iteration 3: SSE = 242.4612
Iteration 8: SSE = 223.6847,,,,,,Iteration 8: SSE = 223.7237,,,,,,Iteration 4: SSE = 239.6563
,,,,,,,,,,,,Iteration 5: SSE = 238.6645
Run 12,,,,,,Run 12,,,,,,Iteration 6: SSE = 238.4698
-----,,,,,,-----,,,,,,
Iteration 1: SSE = 358.335,,,,,,Iteration 1: SSE = 343.9763,,,,,,Run 13
Iteration 2: SSE = 227.8387,,,,,,Iteration 2: SSE = 230.2302,,,,,,-----
Iteration 3: SSE = 225.072,,,,,,Iteration 3: SSE = 226.3537,,,,,,Iteration 1: SSE = 428.6775
Iteration 4: SSE = 224.6474,,,,,,Iteration 4: SSE = 225.4508,,,,,,Iteration 2: SSE = 257.2127
Iteration 5: SSE = 224.359,,,,,,Iteration 5: SSE = 224.8457,,,,,,Iteration 3: SSE = 242.4612
Iteration 6: SSE = 224.0351,,,,,,Iteration 6: SSE = 224.2758,,,,,,Iteration 4: SSE = 239.6563
Iteration 7: SSE = 223.7673,,,,,,Iteration 7: SSE = 223.871,,,,,,Iteration 5: SSE = 238.6645
Iteration 8: SSE = 223.6847,,,,,,Iteration 8: SSE = 223.7237,,,,,,Iteration 6: SSE = 238.4698
,,,,,,,,,,,,
Run 13,,,,,,Run 13,,,,,,Run 14
-----,,,,,,-----,,,,,,-----
Iteration 1: SSE = 358.335,,,,,,Iteration 1: SSE = 343.9763,,,,,,Iteration 1: SSE = 428.6775
Iteration 2: SSE = 227.8387,,,,,,Iteration 2: SSE = 230.2302,,,,,,Iteration 2: SSE = 257.2127
Iteration 3: SSE = 225.072,,,,,,Iteration 3: SSE = 226.3537,,,,,,Iteration 3: SSE = 242.4612
Iteration 4: SSE = 224.6474,,,,,,Iteration 4: SSE = 225.4508,,,,,,Iteration 4: SSE = 239.6563
Iteration 5: SSE = 224.359,,,,,,Iteration 5: SSE = 224.8457,,,,,,Iteration 5: SSE = 238.6645
Iteration 6: SSE = 224.0351,,,,,,Iteration 6: SSE = 224.2758,,,,,,Iteration 6: SSE = 238.4698
Iteration 7: SSE = 223.7673,,,,,,Iteration 7: SSE = 223.871,,,,,,
Iteration 8: SSE = 223.6847,,,,,,Iteration 8: SSE = 223.7237,,,,,,Run 15
,,,,,,,,,,,,-----
Run 14,,,,,,Run 14,,,,,,Iteration 1: SSE = 389.6448
-----,,,,,,-----,,,,,,Iteration 2: SSE = 241.5746
Iteration 1: SSE = 358.335,,,,,,Iteration 1: SSE = 343.9763,,,,,,Iteration 3: SSE = 230.728
Iteration 2: SSE = 227.8387,,,,,,Iteration 2: SSE = 230.2302,,,,,,Iteration 4: SSE = 226.2586
Iteration 3: SSE = 225.072,,,,,,Iteration 3: SSE = 226.3537,,,,,,Iteration 5: SSE = 224.9152
Iteration 4: SSE = 224.6474,,,,,,Iteration 4: SSE = 225.4508,,,,,,Iteration 6: SSE = 224.1834
Iteration 5: SSE = 224.359,,,,,,Iteration 5: SSE = 224.8457,,,,,,Iteration 7: SSE = 223.8018
Iteration 6: SSE = 224.0351,,,,,,Iteration 6: SSE = 224.2758,,,,,,Iteration 8: SSE = 223.6276
Iteration 7: SSE = 223.7673,,,,,,Iteration 7: SSE = 223.871,,,,,,
Iteration 8: SSE = 223.6847,,,,,,Iteration 8: SSE = 223.7237,,,,,,Run 16
,,,,,,,,,,,,-----
Run 15,,,,,,Run 15,,,,,,Iteration 1: SSE = 389.6448
-----,,,,,,-----,,,,,,Iteration 2: SSE = 241.5746
Iteration 1: SSE = 358.335,,,,,,Iteration 1: SSE = 343.9763,,,,,,Iteration 3: SSE = 230.728
Iteration 2: SSE = 227.8387,,,,,,Iteration 2: SSE = 230.2302,,,,,,Iteration 4: SSE = 226.2586
Iteration 3: SSE = 225.072,,,,,,Iteration 3: SSE = 226.3537,,,,,,Iteration 5: SSE = 224.9152
Iteration 4: SSE = 224.6474,,,,,,Iteration 4: SSE = 225.4508,,,,,,Iteration 6: SSE = 224.1834
Iteration 5: SSE = 224.359,,,,,,Iteration 5: SSE = 224.8457,,,,,,Iteration 7: SSE = 223.8018
Iteration 6: SSE = 224.0351,,,,,,Iteration 6: SSE = 224.2758,,,,,,Iteration 8: SSE = 223.6276
Iteration 7: SSE = 223.7673,,,,,,Iteration 7: SSE = 223.871,,,,,,
Iteration 8: SSE = 223.6847,,,,,,Iteration 8: SSE = 223.7237,,,,,,Run 17
,,,,,,,,,,,,-----
Run 16,,,,,,Run 16,,,,,,Iteration 1: SSE = 389.6448
-----,,,,,,-----,,,,,,Iteration 2: SSE = 241.5746
Iteration 1: SSE = 358.335,,,,,,Iteration 1: SSE = 336.2553,,,,,,Iteration 3: SSE = 230.728
Iteration 2: SSE = 227.8387,,,,,,Iteration 2: SSE = 246.9112,,,,,,Iteration 4: SSE = 226.2586
Iteration 3: SSE = 225.072,,,,,,Iteration 3: SSE = 231.1104,,,,,,Iteration 5: SSE = 224.9152
Iteration 4: SSE = 224.6474,,,,,,Iteration 4: SSE = 226.8075,,,,,,Iteration 6: SSE = 224.1834
Iteration 5: SSE = 224.359,,,,,,Iteration 5: SSE = 224.9893,,,,,,Iteration 7: SSE = 223.8018
Iteration 6: SSE = 224.0351,,,,,,Iteration 6: SSE = 224.3295,,,,,,Iteration 8: SSE = 223.6276
Iteration 7: SSE = 223.7673,,,,,,Iteration 7: SSE = 223.8398,,,,,,
Iteration 8: SSE = 223.6847,,,,,,Iteration 8: SSE = 223.6698,,,,,,Run 18
,,,,,,,,,,,,-----
Run 17,,,,,,Run 17,,,,,,Iteration 1: SSE = 389.6448
-----,,,,,,-----,,,,,,Iteration 2: SSE = 241.5746
Iteration 1: SSE = 358.335,,,,,,Iteration 1: SSE = 336.2553,,,,,,Iteration 3: SSE = 230.728
Iteration 2: SSE = 227.8387,,,,,,Iteration 2: SSE = 246.9112,,,,,,Iteration 4: SSE = 226.2586
Iteration 3: SSE = 225.072,,,,,,Iteration 3: SSE = 231.1104,,,,,,Iteration 5: SSE = 224.9152
Iteration 4: SSE = 224.6474,,,,,,Iteration 4: SSE = 226.8075,,,,,,Iteration 6: SSE = 224.1834
Iteration 5: SSE = 224.359,,,,,,Iteration 5: SSE = 224.9893,,,,,,Iteration 7: SSE = 223.8018
Iteration 6: SSE = 224.0351,,,,,,Iteration 6: SSE = 224.3295,,,,,,Iteration 8: SSE = 223.6276
Iteration 7: SSE = 223.7673,,,,,,Iteration 7: SSE = 223.8398,,,,,,
Iteration 8: SSE = 223.6847,,,,,,Iteration 8: SSE = 223.6698,,,,,,Run 19
,,,,,,,,,,,,-----
Run 18,,,,,,Run 18,,,,,,Iteration 1: SSE = 389.6448
-----,,,,,,-----,,,,,,Iteration 2: SSE = 241.5746
Iteration 1: SSE = 453.5811,,,,,,Iteration 1: SSE = 336.2553,,,,,,Iteration 3: SSE = 230.728
Iteration 2: SSE = 264.7901,,,,,,Iteration 2: SSE = 246.9112,,,,,,Iteration 4: SSE = 226.2586
Iteration 3: SSE = 254.5256,,,,,,Iteration 3: SSE = 231.1104,,,,,,Iteration 5: SSE = 224.9152
Iteration 4: SSE = 247.1131,,,,,,Iteration 4: SSE = 226.8075,,,,,,Iteration 6: SSE = 224.1834
Iteration 5: SSE = 241.2934,,,,,,Iteration 5: SSE = 224.9893,,,,,,Iteration 7: SSE = 223.8018
Iteration 6: SSE = 237.8408,,,,,,Iteration 6: SSE = 224.3295,,,,,,Iteration 8: SSE = 223.6276
Iteration 7: SSE = 236.2815,,,,,,Iteration 7: SSE = 223.8398,,,,,,
Iteration 8: SSE = 234.7316,,,,,,Iteration 8: SSE = 223.6698,,,,,,Run 20
Iteration 9: SSE = 233.3098,,,,,,,,,,,,-----
Iteration 10: SSE = 232.5664,,,,,,Run 19,,,,,,Iteration 1: SSE = 389.6448
Iteration 11: SSE = 231.5333,,,,,,-----,,,,,,Iteration 2: SSE = 241.5746
Iteration 12: SSE = 230.6413,,,,,,Iteration 1: SSE = 336.2553,,,,,,Iteration 3: SSE = 230.728
Iteration 13: SSE = 229.3137,,,,,,Iteration 2: SSE = 246.9112,,,,,,Iteration 4: SSE = 226.2586
Iteration 14: SSE = 228.3675,,,,,,Iteration 3: SSE = 231.1104,,,,,,Iteration 5: SSE = 224.9152
Iteration 15: SSE = 227.9337,,,,,,Iteration 4: SSE = 226.8075,,,,,,Iteration 6: SSE = 224.1834
Iteration 16: SSE = 227.647,,,,,,Iteration 5: SSE = 224.9893,,,,,,Iteration 7: SSE = 223.8018
Iteration 17: SSE = 227.2301,,,,,,Iteration 6: SSE = 224.3295,,,,,,Iteration 8: SSE = 223.6276
Iteration 18: SSE = 226.928,,,,,,Iteration 7: SSE = 223.8398,,,,,,
Iteration 19: SSE = 226.767,,,,,,Iteration 8: SSE = 223.6698,,,,,,Run 21
,,,,,,,,,,,,-----
Run 19,,,,,,Run 20,,,,,,Iteration 1: SSE = 389.6448
-----,,,,,,-----,,,,,,Iteration 2: SSE = 241.5746
Iteration 1: SSE = 453.5811,,,,,,Iteration 1: SSE = 336.2553,,,,,,Iteration 3: SSE = 230.728
Iteration 2: SSE = 264.7901,,,,,,Iteration 2: SSE = 246.9112,,,,,,Iteration 4: SSE = 226.2586
Iteration 3: SSE = 254.5256,,,,,,Iteration 3: SSE = 231.1104,,,,,,Iteration 5: SSE = 224.9152
Iteration 4: SSE = 247.1131,,,,,,Iteration 4: SSE = 226.8075,,,,,,Iteration 6: SSE = 224.1834
Iteration 5: SSE = 241.2934,,,,,,Iteration 5: SSE = 224.9893,,,,,,Iteration 7: SSE = 223.8018
Iteration 6: SSE = 237.8408,,,,,,Iteration 6: SSE = 224.3295,,,,,,Iteration 8: SSE = 223.6276
Iteration 7: SSE = 236.2815,,,,,,Iteration 7: SSE = 223.8398,,,,,,
Iteration 8: SSE = 234.7316,,,,,,Iteration 8: SSE = 223.6698,,,,,,Run 22
Iteration 9: SSE = 233.3098,,,,,,,,,,,,-----
Iteration 10: SSE = 232.5664,,,,,,Run 21,,,,,,Iteration 1: SSE = 389.6448
Iteration 11: SSE = 231.5333,,,,,,-----,,,,,,Iteration 2: SSE = 241.5746
Iteration 12: SSE = 230.6413,,,,,,Iteration 1: SSE = 336.2553,,,,,,Iteration 3: SSE = 230.728
Iteration 13: SSE = 229.3137,,,,,,Iteration 2: SSE = 246.9112,,,,,,Iteration 4: SSE = 226.2586
Iteration 14: SSE = 228.3675,,,,,,Iteration 3: SSE = 231.1104,,,,,,Iteration 5: SSE = 224.9152
Iteration 15: SSE = 227.9337,,,,,,Iteration 4: SSE = 226.8075,,,,,,Iteration 6: SSE = 224.1834
Iteration 16: SSE = 227.647,,,,,,Iteration 5: SSE = 224.9893,,,,,,Iteration 7: SSE = 223.8018
Iteration 17: SSE = 227.2301,,,,,,Iteration 6: SSE = 224.3295,,,,,,Iteration 8: SSE = 223.6276
Iteration 18: SSE = 226.928,,,,,,Iteration 7: SSE = 223.8398,,,,,,
Iteration 19: SSE = 226.767,,,,,,Iteration 8: SSE = 223.6698,,,,,,Run 23
,,,,,,,,,,,,-----
Run 20,,,,,,Run 22,,,,,,Iteration 1: SSE = 596.3868
-----,,,,,,-----,,,,,,Iteration 2: SSE = 356.2232
Iteration 1: SSE = 453.5811,,,,,,Iteration 1: SSE = 336.2553,,,,,,Iteration 3: SSE = 267.8064
Iteration 2: SSE = 264.7901,,,,,,Iteration 2: SSE = 246.9112,,,,,,Iteration 4: SSE = 238.1863
Iteration 3: SSE = 254.5256,,,,,,Iteration 3: SSE = 231.1104,,,,,,Iteration 5: SSE = 234.4598
Iteration 4: SSE = 247.1131,,,,,,Iteration 4: SSE = 226.8075,,,,,,Iteration 6: SSE = 233.7416
Iteration 5: SSE = 241.2934,,,,,,Iteration 5: SSE = 224.9893,,,,,,Iteration 7: SSE = 232.6976
Iteration 6: SSE = 237.8408,,,,,,Iteration 6: SSE = 224.3295,,,,,,Iteration 8: SSE = 231.1078
Iteration 7: SSE = 236.2815,,,,,,Iteration 7: SSE = 223.8398,,,,,,Iteration 9: SSE = 229.3238
Iteration 8: SSE = 234.7316,,,,,,Iteration 8: SSE = 223.6698,,,,,,Iteration 10: SSE = 227.5652
Iteration 9: SSE = 233.3098,,,,,,,,,,,,Iteration 11: SSE = 225.8274
Iteration 10: SSE = 232.5664,,,,,,Run 23,,,,,,Iteration 12: SSE = 224.7655
Iteration 11: SSE = 231.5333,,,,,,-----,,,,,,Iteration 13: SSE = 224.1237
Iteration 12: SSE = 230.6413,,,,,,Iteration 1: SSE = 336.2553,,,,,,Iteration 14: SSE = 223.7311
Iteration 13: SSE = 229.3137,,,,,,Iteration 2: SSE = 246.9112,,,,,,Iteration 15: SSE = 223.6261
Iteration 14: SSE = 228.3675,,,,,,Iteration 3: SSE = 231.1104,,,,,,
Iteration 15: SSE = 227.9337,,,,,,Iteration 4: SSE = 226.8075,,,,,,Run 24
Iteration 16: SSE = 227.647,,,,,,Iteration 5: SSE = 224.9893,,,,,,-----
Iteration 17: SSE = 227.2301,,,,,,Iteration 6: SSE = 224.3295,,,,,,Iteration 1: SSE = 596.3868
Iteration 18: SSE = 226.928,,,,,,Iteration 7: SSE = 223.8398,,,,,,Iteration 2: SSE = 356.2232
Iteration 19: SSE = 226.767,,,,,,Iteration 8: SSE = 223.6698,,,,,,Iteration 3: SSE = 267.8064
,,,,,,,,,,,,Iteration 4: SSE = 238.1863
Run 21,,,,,,Run 24,,,,,,Iteration 5: SSE = 234.4598
-----,,,,,,-----,,,,,,Iteration 6: SSE = 233.7416
Iteration 1: SSE = 453.5811,,,,,,Iteration 1: SSE = 336.2553,,,,,,Iteration 7: SSE = 232.6976
Iteration 2: SSE = 264.7901,,,,,,Iteration 2: SSE = 246.9112,,,,,,Iteration 8: SSE = 231.1078
Iteration 3: SSE = 254.5256,,,,,,Iteration 3: SSE = 231.1104,,,,,,Iteration 9: SSE = 229.3238
Iteration 4: SSE = 247.1131,,,,,,Iteration 4: SSE = 226.8075,,,,,,Iteration 10: SSE = 227.5652
Iteration 5: SSE = 241.2934,,,,,,Iteration 5: SSE = 224.9893,,,,,,Iteration 11: SSE = 225.8274
Iteration 6: SSE = 237.8408,,,,,,Iteration 6: SSE = 224.3295,,,,,,Iteration 12: SSE = 224.7655
Iteration 7: SSE = 236.2815,,,,,,Iteration 7: SSE = 223.8398,,,,,,Iteration 13: SSE = 224.1237
Iteration 8: SSE = 234.7316,,,,,,Iteration 8: SSE = 223.6698,,,,,,Iteration 14: SSE = 223.7311
Iteration 9: SSE = 233.3098,,,,,,,,,,,,Iteration 15: SSE = 223.6261
Iteration 10: SSE = 232.5664,,,,,,Run 25,,,,,,
Iteration 11: SSE = 231.5333,,,,,,-----,,,,,,Run 25
Iteration 12: SSE = 230.6413,,,,,,Iteration 1: SSE = 378.6972,,,,,,-----
Iteration 13: SSE = 229.3137,,,,,,Iteration 2: SSE = 270.1252,,,,,,Iteration 1: SSE = 596.3868
Iteration 14: SSE = 228.3675,,,,,,Iteration 3: SSE = 251.5649,,,,,,Iteration 2: SSE = 356.2232
Iteration 15: SSE = 227.9337,,,,,,Iteration 4: SSE = 239.0056,,,,,,Iteration 3: SSE = 267.8064
Iteration 16: SSE = 227.647,,,,,,Iteration 5: SSE = 234.2862,,,,,,Iteration 4: SSE = 238.1863
Iteration 17: SSE = 227.2301,,,,,,Iteration 6: SSE = 233.1142,,,,,,Iteration 5: SSE = 234.4598
Iteration 18: SSE = 226.928,,,,,,Iteration 7: SSE = 231.6703,,,,,,Iteration 6: SSE = 233.7416
Iteration 19: SSE = 226.767,,,,,,Iteration 8: SSE = 230.6226,,,,,,Iteration 7: SSE = 232.6976
,,,,,,Iteration 9: SSE = 229.5272,,,,,,Iteration 8: SSE = 231.1078
Run 22,,,,,,Iteration 10: SSE = 228.6502,,,,,,Iteration 9: SSE = 229.3238
-----,,,,,,Iteration 11: SSE = 228.1682,,,,,,Iteration 10: SSE = 227.5652
Iteration 1: SSE = 366.1808,,,,,,Iteration 12: SSE = 227.5636,,,,,,Iteration 11: SSE = 225.8274
Iteration 2: SSE = 236.518,,,,,,Iteration 13: SSE = 227.0847,,,,,,Iteration 12: SSE = 224.7655
Iteration 3: SSE = 229.24,,,,,,Iteration 14: SSE = 226.8394,,,,,,Iteration 13: SSE = 224.1237
Iteration 4: SSE = 227.2634,,,,,,Iteration 15: SSE = 226.683,,,,,,Iteration 14: SSE = 223.7311
Iteration 5: SSE = 226.0012,,,,,,,,,,,,Iteration 15: SSE = 223.6261
Iteration 6: SSE = 225.3309,,,,,,Run 26,,,,,,
Iteration 7: SSE = 225.1479,,,,,,-----,,,,,,Run 26
,,,,,,Iteration 1: SSE = 378.6972,,,,,,-----
Run 23,,,,,,Iteration 2: SSE = 270.1252,,,,,,Iteration 1: SSE = 596.3868
-----,,,,,,Iteration 3: SSE = 251.5649,,,,,,Iteration 2: SSE = 356.2232
Iteration 1: SSE = 366.1808,,,,,,Iteration 4: SSE = 239.0056,,,,,,Iteration 3: SSE = 267.8064
Iteration 2: SSE = 236.518,,,,,,Iteration 5: SSE = 234.2862,,,,,,Iteration 4: SSE = 238.1863
Iteration 3: SSE = 229.24,,,,,,Iteration 6: SSE = 233.1142,,,,,,Iteration 5: SSE = 234.4598
Iteration 4: SSE = 227.2634,,,,,,Iteration 7: SSE = 231.6703,,,,,,Iteration 6: SSE = 233.7416
Iteration 5: SSE = 226.0012,,,,,,Iteration 8: SSE = 230.6226,,,,,,Iteration 7: SSE = 232.6976
Iteration 6: SSE = 225.3309,,,,,,Iteration 9: SSE = 229.5272,,,,,,Iteration 8: SSE = 231.1078
Iteration 7: SSE = 225.1479,,,,,,Iteration 10: SSE = 228.6502,,,,,,Iteration 9: SSE = 229.3238
,,,,,,Iteration 11: SSE = 228.1682,,,,,,Iteration 10: SSE = 227.5652
Run 24,,,,,,Iteration 12: SSE = 227.5636,,,,,,Iteration 11: SSE = 225.8274
-----,,,,,,Iteration 13: SSE = 227.0847,,,,,,Iteration 12: SSE = 224.7655
Iteration 1: SSE = 366.1808,,,,,,Iteration 14: SSE = 226.8394,,,,,,Iteration 13: SSE = 224.1237
Iteration 2: SSE = 236.518,,,,,,Iteration 15: SSE = 226.683,,,,,,Iteration 14: SSE = 223.7311
Iteration 3: SSE = 229.24,,,,,,,,,,,,Iteration 15: SSE = 223.6261
Iteration 4: SSE = 227.2634,,,,,,Run 27,,,,,,
Iteration 5: SSE = 226.0012,,,,,,-----,,,,,,Run 27
Iteration 6: SSE = 225.3309,,,,,,Iteration 1: SSE = 378.6972,,,,,,-----
Iteration 7: SSE = 225.1479,,,,,,Iteration 2: SSE = 270.1252,,,,,,Iteration 1: SSE = 596.3868
,,,,,,Iteration 3: SSE = 251.5649,,,,,,Iteration 2: SSE = 356.2232
Run 25,,,,,,Iteration 4: SSE = 239.0056,,,,,,Iteration 3: SSE = 267.8064
-----,,,,,,Iteration 5: SSE = 234.2862,,,,,,Iteration 4: SSE = 238.1863
Iteration 1: SSE = 366.1808,,,,,,Iteration 6: SSE = 233.1142,,,,,,Iteration 5: SSE = 234.4598
Iteration 2: SSE = 236.518,,,,,,Iteration 7: SSE = 231.6703,,,,,,Iteration 6: SSE = 233.7416
Iteration 3: SSE = 229.24,,,,,,Iteration 8: SSE = 230.6226,,,,,,Iteration 7: SSE = 232.6976
Iteration 4: SSE = 227.2634,,,,,,Iteration 9: SSE = 229.5272,,,,,,Iteration 8: SSE = 231.1078
Iteration 5: SSE = 226.0012,,,,,,Iteration 10: SSE = 228.6502,,,,,,Iteration 9: SSE = 229.3238
Iteration 6: SSE = 225.3309,,,,,,Iteration 11: SSE = 228.1682,,,,,,Iteration 10: SSE = 227.5652
Iteration 7: SSE = 225.1479,,,,,,Iteration 12: SSE = 227.5636,,,,,,Iteration 11: SSE = 225.8274
,,,,,,Iteration 13: SSE = 227.0847,,,,,,Iteration 12: SSE = 224.7655
Run 26,,,,,,Iteration 14: SSE = 226.8394,,,,,,Iteration 13: SSE = 224.1237
-----,,,,,,Iteration 15: SSE = 226.683,,,,,,Iteration 14: SSE = 223.7311
Iteration 1: SSE = 366.1808,,,,,,,,,,,,Iteration 15: SSE = 223.6261
Iteration 2: SSE = 236.518,,,,,,Run 28,,,,,,
Iteration 3: SSE = 229.24,,,,,,-----,,,,,,Run 28
Iteration 4: SSE = 227.2634,,,,,,Iteration 1: SSE = 378.6972,,,,,,-----
Iteration 5: SSE = 226.0012,,,,,,Iteration 2: SSE = 270.1252,,,,,,Iteration 1: SSE = 422.9345
Iteration 6: SSE = 225.3309,,,,,,Iteration 3: SSE = 251.5649,,,,,,Iteration 2: SSE = 253.8783
Iteration 7: SSE = 225.1479,,,,,,Iteration 4: SSE = 239.0056,,,,,,Iteration 3: SSE = 235.3351
,,,,,,Iteration 5: SSE = 234.2862,,,,,,Iteration 4: SSE = 228.0013
Run 27,,,,,,Iteration 6: SSE = 233.1142,,,,,,Iteration 5: SSE = 226.6395
-----,,,,,,Iteration 7: SSE = 231.6703,,,,,,Iteration 6: SSE = 226.0415
Iteration 1: SSE = 366.1808,,,,,,Iteration 8: SSE = 230.6226,,,,,,Iteration 7: SSE = 225.84
Iteration 2: SSE = 236.518,,,,,,Iteration 9: SSE = 229.5272,,,,,,
Iteration 3: SSE = 229.24,,,,,,Iteration 10: SSE = 228.6502,,,,,,Run 29
Iteration 4: SSE = 227.2634,,,,,,Iteration 11: SSE = 228.1682,,,,,,-----
Iteration 5: SSE = 226.0012,,,,,,Iteration 12: SSE = 227.5636,,,,,,Iteration 1: SSE = 422.9345
Iteration 6: SSE = 225.3309,,,,,,Iteration 13: SSE = 227.0847,,,,,,Iteration 2: SSE = 253.8783
Iteration 7: SSE = 225.1479,,,,,,Iteration 14: SSE = 226.8394,,,,,,Iteration 3: SSE = 235.3351
,,,,,,Iteration 15: SSE = 226.683,,,,,,Iteration 4: SSE = 228.0013
Run 28,,,,,,,,,,,,Iteration 5: SSE = 226.6395
-----,,,,,,Run 29,,,,,,Iteration 6: SSE = 226.0415
Iteration 1: SSE = 366.1808,,,,,,-----,,,,,,Iteration 7: SSE = 225.84
Iteration 2: SSE = 236.518,,,,,,Iteration 1: SSE = 378.6972,,,,,,
Iteration 3: SSE = 229.24,,,,,,Iteration 2: SSE = 270.1252,,,,,,Run 30
Iteration 4: SSE = 227.2634,,,,,,Iteration 3: SSE = 251.5649,,,,,,-----
Iteration 5: SSE = 226.0012,,,,,,Iteration 4: SSE = 239.0056,,,,,,Iteration 1: SSE = 422.9345
Iteration 6: SSE = 225.3309,,,,,,Iteration 5: SSE = 234.2862,,,,,,Iteration 2: SSE = 253.8783
Iteration 7: SSE = 225.1479,,,,,,Iteration 6: SSE = 233.1142,,,,,,Iteration 3: SSE = 235.3351
,,,,,,Iteration 7: SSE = 231.6703,,,,,,Iteration 4: SSE = 228.0013
Run 29,,,,,,Iteration 8: SSE = 230.6226,,,,,,Iteration 5: SSE = 226.6395
-----,,,,,,Iteration 9: SSE = 229.5272,,,,,,Iteration 6: SSE = 226.0415
Iteration 1: SSE = 366.1808,,,,,,Iteration 10: SSE = 228.6502,,,,,,Iteration 7: SSE = 225.84
Iteration 2: SSE = 236.518,,,,,,Iteration 11: SSE = 228.1682,,,,,,
Iteration 3: SSE = 229.24,,,,,,Iteration 12: SSE = 227.5636,,,,,,Run 31
Iteration 4: SSE = 227.2634,,,,,,Iteration 13: SSE = 227.0847,,,,,,-----
Iteration 5: SSE = 226.0012,,,,,,Iteration 14: SSE = 226.8394,,,,,,Iteration 1: SSE = 422.9345
Iteration 6: SSE = 225.3309,,,,,,Iteration 15: SSE = 226.683,,,,,,Iteration 2: SSE = 253.8783
Iteration 7: SSE = 225.1479,,,,,,,,,,,,Iteration 3: SSE = 235.3351
,,,,,,Run 30,,,,,,Iteration 4: SSE = 228.0013
Run 30,,,,,,-----,,,,,,Iteration 5: SSE = 226.6395
-----,,,,,,Iteration 1: SSE = 374.5657,,,,,,Iteration 6: SSE = 226.0415
Iteration 1: SSE = 366.1808,,,,,,Iteration 2: SSE = 248.8052,,,,,,Iteration 7: SSE = 225.84
Iteration 2: SSE = 236.518,,,,,,Iteration 3: SSE = 242.0639,,,,,,
Iteration 3: SSE = 229.24,,,,,,Iteration 4: SSE = 240.9885,,,,,,Run 32
Iteration 4: SSE = 227.2634,,,,,,Iteration 5: SSE = 240.0679,,,,,,-----
Iteration 5: SSE = 226.0012,,,,,,Iteration 6: SSE = 239.1664,,,,,,Iteration 1: SSE = 422.9345
Iteration 6: SSE = 225.3309,,,,,,Iteration 7: SSE = 238.4234,,,,,,Iteration 2: SSE = 253.8783
Iteration 7: SSE = 225.1479,,,,,,Iteration 8: SSE = 237.338,,,,,,Iteration 3: SSE = 235.3351
,,,,,,Iteration 9: SSE = 235.9818,,,,,,Iteration 4: SSE = 228.0013
Run 31,,,,,,Iteration 10: SSE = 234.584,,,,,,Iteration 5: SSE = 226.6395
-----,,,,,,Iteration 11: SSE = 232.3869,,,,,,Iteration 6: SSE = 226.0415
Iteration 1: SSE = 405.9171,,,,,,Iteration 12: SSE = 229.3328,,,,,,Iteration 7: SSE = 225.84
Iteration 2: SSE = 245.2767,,,,,,Iteration 13: SSE = 228.0397,,,,,,
Iteration 3: SSE = 236.2177,,,,,,Iteration 14: SSE = 227.5162,,,,,,Run 33
Iteration 4: SSE = 233.6568,,,,,,Iteration 15: SSE = 227.024,,,,,,-----
Iteration 5: SSE = 231.1341,,,,,,Iteration 16: SSE = 226.8213,,,,,,Iteration 1: SSE = 422.9345
Iteration 6: SSE = 228.9512,,,,,,,,,,,,Iteration 2: SSE = 253.8783
Iteration 7: SSE = 227.9077,,,,,,Run 31,,,,,,Iteration 3: SSE = 235.3351
Iteration 8: SSE = 227.5267,,,,,,-----,,,,,,Iteration 4: SSE = 228.0013
Iteration 9: SSE = 227.1219,,,,,,Iteration 1: SSE = 374.5657,,,,,,Iteration 5: SSE = 226.6395
Iteration 10: SSE = 226.8907,,,,,,Iteration 2: SSE = 248.8052,,,,,,Iteration 6: SSE = 226.0415
Iteration 11: SSE = 226.7704,,,,,,Iteration 3: SSE = 242.0639,,,,,,Iteration 7: SSE = 225.84
,,,,,,Iteration 4: SSE = 240.9885,,,,,,
Run 32,,,,,,Iteration 5: SSE = 240.0679,,,,,,Run 34
-----,,,,,,Iteration 6: SSE = 239.1664,,,,,,-----
Iteration 1: SSE = 405.9171,,,,,,Iteration 7: SSE = 238.4234,,,,,,Iteration 1: SSE = 422.9345
Iteration 2: SSE = 245.2767,,,,,,Iteration 8: SSE = 237.338,,,,,,Iteration 2: SSE = 253.8783
Iteration 3: SSE = 236.2177,,,,,,Iteration 9: SSE = 235.9818,,,,,,Iteration 3: SSE = 235.3351
Iteration 4: SSE = 233.6568,,,,,,Iteration 10: SSE = 234.584,,,,,,Iteration 4: SSE = 228.0013
Iteration 5: SSE = 231.1341,,,,,,Iteration 11: SSE = 232.3869,,,,,,Iteration 5: SSE = 226.6395
Iteration 6: SSE = 228.9512,,,,,,Iteration 12: SSE = 229.3328,,,,,,Iteration 6: SSE = 226.0415
Iteration 7: SSE = 227.9077,,,,,,Iteration 13: SSE = 228.0397,,,,,,Iteration 7: SSE = 225.84
Iteration 8: SSE = 227.5267,,,,,,Iteration 14: SSE = 227.5162,,,,,,
Iteration 9: SSE = 227.1219,,,,,,Iteration 15: SSE = 227.024,,,,,,Run 35
Iteration 10: SSE = 226.8907,,,,,,Iteration 16: SSE = 226.8213,,,,,,-----
Iteration 11: SSE = 226.7704,,,,,,,,,,,,Iteration 1: SSE = 422.9345
,,,,,,Run 32,,,,,,Iteration 2: SSE = 253.8783
Run 33,,,,,,-----,,,,,,Iteration 3: SSE = 235.3351
-----,,,,,,Iteration 1: SSE = 374.5657,,,,,,Iteration 4: SSE = 228.0013
Iteration 1: SSE = 405.9171,,,,,,Iteration 2: SSE = 248.8052,,,,,,Iteration 5: SSE = 226.6395
Iteration 2: SSE = 245.2767,,,,,,Iteration 3: SSE = 242.0639,,,,,,Iteration 6: SSE = 226.0415
Iteration 3: SSE = 236.2177,,,,,,Iteration 4: SSE = 240.9885,,,,,,Iteration 7: SSE = 225.84
Iteration 4: SSE = 233.6568,,,,,,Iteration 5: SSE = 240.0679,,,,,,
Iteration 5: SSE = 231.1341,,,,,,Iteration 6: SSE = 239.1664,,,,,,Run 36
Iteration 6: SSE = 228.9512,,,,,,Iteration 7: SSE = 238.4234,,,,,,-----
Iteration 7: SSE = 227.9077,,,,,,Iteration 8: SSE = 237.338,,,,,,Iteration 1: SSE = 422.9345
Iteration 8: SSE = 227.5267,,,,,,Iteration 9: SSE = 235.9818,,,,,,Iteration 2: SSE = 253.8783
Iteration 9: SSE = 227.1219,,,,,,Iteration 10: SSE = 234.584,,,,,,Iteration 3: SSE = 235.3351
Iteration 10: SSE = 226.8907,,,,,,Iteration 11: SSE = 232.3869,,,,,,Iteration 4: SSE = 228.0013
Iteration 11: SSE = 226.7704,,,,,,Iteration 12: SSE = 229.3328,,,,,,Iteration 5: SSE = 226.6395
,,,,,,Iteration 13: SSE = 228.0397,,,,,,Iteration 6: SSE = 226.0415
Run 34,,,,,,Iteration 14: SSE = 227.5162,,,,,,Iteration 7: SSE = 225.84
-----,,,,,,Iteration 15: SSE = 227.024,,,,,,
Iteration 1: SSE = 405.9171,,,,,,Iteration 16: SSE = 226.8213,,,,,,Run 37
Iteration 2: SSE = 245.2767,,,,,,,,,,,,-----
Iteration 3: SSE = 236.2177,,,,,,Run 33,,,,,,Iteration 1: SSE = 383.7617
Iteration 4: SSE = 233.6568,,,,,,-----,,,,,,Iteration 2: SSE = 268.4955
Iteration 5: SSE = 231.1341,,,,,,Iteration 1: SSE = 374.5657,,,,,,Iteration 3: SSE = 241.0104
Iteration 6: SSE = 228.9512,,,,,,Iteration 2: SSE = 248.8052,,,,,,Iteration 4: SSE = 229.075
Iteration 7: SSE = 227.9077,,,,,,Iteration 3: SSE = 242.0639,,,,,,Iteration 5: SSE = 225.9658
Iteration 8: SSE = 227.5267,,,,,,Iteration 4: SSE = 240.9885,,,,,,Iteration 6: SSE = 224.7426
Iteration 9: SSE = 227.1219,,,,,,Iteration 5: SSE = 240.0679,,,,,,Iteration 7: SSE = 224.1671
Iteration 10: SSE = 226.8907,,,,,,Iteration 6: SSE = 239.1664,,,,,,Iteration 8: SSE = 223.8178
Iteration 11: SSE = 226.7704,,,,,,Iteration 7: SSE = 238.4234,,,,,,Iteration 9: SSE = 223.6942
,,,,,,Iteration 8: SSE = 237.338,,,,,,
Run 35,,,,,,Iteration 9: SSE = 235.9818,,,,,,Run 38
-----,,,,,,Iteration 10: SSE = 234.584,,,,,,-----
Iteration 1: SSE = 405.9171,,,,,,Iteration 11: SSE = 232.3869,,,,,,Iteration 1: SSE = 383.7617
Iteration 2: SSE = 245.2767,,,,,,Iteration 12: SSE = 229.3328,,,,,,Iteration 2: SSE = 268.4955
Iteration 3: SSE = 236.2177,,,,,,Iteration 13: SSE = 228.0397,,,,,,Iteration 3: SSE = 241.0104
Iteration 4: SSE = 233.6568,,,,,,Iteration 14: SSE = 227.5162,,,,,,Iteration 4: SSE = 229.075
Iteration 5: SSE = 231.1341,,,,,,Iteration 15: SSE = 227.024,,,,,,Iteration 5: SSE = 225.9658
Iteration 6: SSE = 228.9512,,,,,,Iteration 16: SSE = 226.8213,,,,,,Iteration 6: SSE = 224.7426
Iteration 7: SSE = 227.9077,,,,,,,,,,,,Iteration 7: SSE = 224.1671
Iteration 8: SSE = 227.5267,,,,,,Run 34,,,,,,Iteration 8: SSE = 223.8178
Iteration 9: SSE = 227.1219,,,,,,-----,,,,,,Iteration 9: SSE = 223.6942
Iteration 10: SSE = 226.8907,,,,,,Iteration 1: SSE = 374.5657,,,,,,
Iteration 11: SSE = 226.7704,,,,,,Iteration 2: SSE = 248.8052,,,,,,Run 39
,,,,,,Iteration 3: SSE = 242.0639,,,,,,-----
Run 36,,,,,,Iteration 4: SSE = 240.9885,,,,,,Iteration 1: SSE = 383.7617
-----,,,,,,Iteration 5: SSE = 240.0679,,,,,,Iteration 2: SSE = 268.4955
Iteration 1: SSE = 405.9171,,,,,,Iteration 6: SSE = 239.1664,,,,,,Iteration 3: SSE = 241.0104
Iteration 2: SSE = 245.2767,,,,,,Iteration 7: SSE = 238.4234,,,,,,Iteration 4: SSE = 229.075
Iteration 3: SSE = 236.2177,,,,,,Iteration 8: SSE = 237.338,,,,,,Iteration 5: SSE = 225.9658
Iteration 4: SSE = 233.6568,,,,,,Iteration 9: SSE = 235.9818,,,,,,Iteration 6: SSE = 224.7426
Iteration 5: SSE = 231.1341,,,,,,Iteration 10: SSE = 234.584,,,,,,Iteration 7: SSE = 224.1671
Iteration 6: SSE = 228.9512,,,,,,Iteration 11: SSE = 232.3869,,,,,,Iteration 8: SSE = 223.8178
Iteration 7: SSE = 227.9077,,,,,,Iteration 12: SSE = 229.3328,,,,,,Iteration 9: SSE = 223.6942
Iteration 8: SSE = 227.5267,,,,,,Iteration 13: SSE = 228.0397,,,,,,
Iteration 9: SSE = 227.1219,,,,,,Iteration 14: SSE = 227.5162,,,,,,Run 40
Iteration 10: SSE = 226.8907,,,,,,Iteration 15: SSE = 227.024,,,,,,-----
Iteration 11: SSE = 226.7704,,,,,,Iteration 16: SSE = 226.8213,,,,,,Iteration 1: SSE = 383.7617
,,,,,,,,,,,,Iteration 2: SSE = 268.4955
Run 37,,,,,,Run 35,,,,,,Iteration 3: SSE = 241.0104
-----,,,,,,-----,,,,,,Iteration 4: SSE = 229.075
Iteration 1: SSE = 405.9171,,,,,,Iteration 1: SSE = 348.0111,,,,,,Iteration 5: SSE = 225.9658
Iteration 2: SSE = 245.2767,,,,,,Iteration 2: SSE = 243.9071,,,,,,Iteration 6: SSE = 224.7426
Iteration 3: SSE = 236.2177,,,,,,Iteration 3: SSE = 238.3074,,,,,,Iteration 7: SSE = 224.1671
Iteration 4: SSE = 233.6568,,,,,,Iteration 4: SSE = 234.4353,,,,,,Iteration 8: SSE = 223.8178
Iteration 5: SSE = 231.1341,,,,,,Iteration 5: SSE = 231.047,,,,,,Iteration 9: SSE = 223.6942
Iteration 6: SSE = 228.9512,,,,,,Iteration 6: SSE = 228.3121,,,,,,
Iteration 7: SSE = 227.9077,,,,,,Iteration 7: SSE = 226.1523,,,,,,Run 41
Iteration 8: SSE = 227.5267,,,,,,Iteration 8: SSE = 225.0203,,,,,,-----
Iteration 9: SSE = 227.1219,,,,,,Iteration 9: SSE = 224.3178,,,,,,Iteration 1: SSE = 383.7617
Iteration 10: SSE = 226.8907,,,,,,Iteration 10: SSE = 223.8263,,,,,,Iteration 2: SSE = 268.4955
Iteration 11: SSE = 226.7704,,,,,,Iteration 11: SSE = 223.6502,,,,,,Iteration 3: SSE = 241.0104
,,,,,,,,,,,,Iteration 4: SSE = 229.075
Run 38,,,,,,Run 36,,,,,,Iteration 5: SSE = 225.9658
-----,,,,,,-----,,,,,,Iteration 6: SSE = 224.7426
Iteration 1: SSE = 899.054,,,,,,Iteration 1: SSE = 348.0111,,,,,,Iteration 7: SSE = 224.1671
Iteration 2: SSE = 321.5003,,,,,,Iteration 2: SSE = 243.9071,,,,,,Iteration 8: SSE = 223.8178
Iteration 3: SSE = 243.07,,,,,,Iteration 3: SSE = 238.3074,,,,,,Iteration 9: SSE = 223.6942
Iteration 4: SSE = 233.0223,,,,,,Iteration 4: SSE = 234.4353,,,,,,
Iteration 5: SSE = 230.6138,,,,,,Iteration 5: SSE = 231.047,,,,,,Run 42
Iteration 6: SSE = 228.8371,,,,,,Iteration 6: SSE = 228.3121,,,,,,-----
Iteration 7: SSE = 226.9231,,,,,,Iteration 7: SSE = 226.1523,,,,,,Iteration 1: SSE = 383.7617
Iteration 8: SSE = 225.4198,,,,,,Iteration 8: SSE = 225.0203,,,,,,Iteration 2: SSE = 268.4955
Iteration 9: SSE = 224.282,,,,,,Iteration 9: SSE = 224.3178,,,,,,Iteration 3: SSE = 241.0104
Iteration 10: SSE = 223.9052,,,,,,Iteration 10: SSE = 223.8263,,,,,,Iteration 4: SSE = 229.075
Iteration 11: SSE = 223.7147,,,,,,Iteration 11: SSE = 223.6502,,,,,,Iteration 5: SSE = 225.9658
,,,,,,,,,,,,Iteration 6: SSE = 224.7426
Run 39,,,,,,Run 37,,,,,,Iteration 7: SSE = 224.1671
-----,,,,,,-----,,,,,,Iteration 8: SSE = 223.8178
Iteration 1: SSE = 899.054,,,,,,Iteration 1: SSE = 348.0111,,,,,,Iteration 9: SSE = 223.6942
Iteration 2: SSE = 321.5003,,,,,,Iteration 2: SSE = 243.9071,,,,,,
Iteration 3: SSE = 243.07,,,,,,Iteration 3: SSE = 238.3074,,,,,,Run 43
Iteration 4: SSE = 233.0223,,,,,,Iteration 4: SSE = 234.4353,,,,,,-----
Iteration 5: SSE = 230.6138,,,,,,Iteration 5: SSE = 231.047,,,,,,Iteration 1: SSE = 383.7617
Iteration 6: SSE = 228.8371,,,,,,Iteration 6: SSE = 228.3121,,,,,,Iteration 2: SSE = 268.4955
Iteration 7: SSE = 226.9231,,,,,,Iteration 7: SSE = 226.1523,,,,,,Iteration 3: SSE = 241.0104
Iteration 8: SSE = 225.4198,,,,,,Iteration 8: SSE = 225.0203,,,,,,Iteration 4: SSE = 229.075
Iteration 9: SSE = 224.282,,,,,,Iteration 9: SSE = 224.3178,,,,,,Iteration 5: SSE = 225.9658
Iteration 10: SSE = 223.9052,,,,,,Iteration 10: SSE = 223.8263,,,,,,Iteration 6: SSE = 224.7426
Iteration 11: SSE = 223.7147,,,,,,Iteration 11: SSE = 223.6502,,,,,,Iteration 7: SSE = 224.1671
,,,,,,,,,,,,Iteration 8: SSE = 223.8178
Run 40,,,,,,Run 38,,,,,,Iteration 9: SSE = 223.6942
-----,,,,,,-----,,,,,,
Iteration 1: SSE = 899.054,,,,,,Iteration 1: SSE = 348.0111,,,,,,Run 44
Iteration 2: SSE = 321.5003,,,,,,Iteration 2: SSE = 243.9071,,,,,,-----
Iteration 3: SSE = 243.07,,,,,,Iteration 3: SSE = 238.3074,,,,,,Iteration 1: SSE = 383.7617
Iteration 4: SSE = 233.0223,,,,,,Iteration 4: SSE = 234.4353,,,,,,Iteration 2: SSE = 268.4955
Iteration 5: SSE = 230.6138,,,,,,Iteration 5: SSE = 231.047,,,,,,Iteration 3: SSE = 241.0104
Iteration 6: SSE = 228.8371,,,,,,Iteration 6: SSE = 228.3121,,,,,,Iteration 4: SSE = 229.075
Iteration 7: SSE = 226.9231,,,,,,Iteration 7: SSE = 226.1523,,,,,,Iteration 5: SSE = 225.9658
Iteration 8: SSE = 225.4198,,,,,,Iteration 8: SSE = 225.0203,,,,,,Iteration 6: SSE = 224.7426
Iteration 9: SSE = 224.282,,,,,,Iteration 9: SSE = 224.3178,,,,,,Iteration 7: SSE = 224.1671
Iteration 10: SSE = 223.9052,,,,,,Iteration 10: SSE = 223.8263,,,,,,Iteration 8: SSE = 223.8178
Iteration 11: SSE = 223.7147,,,,,,Iteration 11: SSE = 223.6502,,,,,,Iteration 9: SSE = 223.6942
,,,,,,,,,,,,
Run 41,,,,,,Run 39,,,,,,Run 45
-----,,,,,,-----,,,,,,-----
Iteration 1: SSE = 899.054,,,,,,Iteration 1: SSE = 348.0111,,,,,,Iteration 1: SSE = 383.7617
Iteration 2: SSE = 321.5003,,,,,,Iteration 2: SSE = 243.9071,,,,,,Iteration 2: SSE = 268.4955
Iteration 3: SSE = 243.07,,,,,,Iteration 3: SSE = 238.3074,,,,,,Iteration 3: SSE = 241.0104
Iteration 4: SSE = 233.0223,,,,,,Iteration 4: SSE = 234.4353,,,,,,Iteration 4: SSE = 229.075
Iteration 5: SSE = 230.6138,,,,,,Iteration 5: SSE = 231.047,,,,,,Iteration 5: SSE = 225.9658
Iteration 6: SSE = 228.8371,,,,,,Iteration 6: SSE = 228.3121,,,,,,Iteration 6: SSE = 224.7426
Iteration 7: SSE = 226.9231,,,,,,Iteration 7: SSE = 226.1523,,,,,,Iteration 7: SSE = 224.1671
Iteration 8: SSE = 225.4198,,,,,,Iteration 8: SSE = 225.0203,,,,,,Iteration 8: SSE = 223.8178
Iteration 9: SSE = 224.282,,,,,,Iteration 9: SSE = 224.3178,,,,,,Iteration 9: SSE = 223.6942
Iteration 10: SSE = 223.9052,,,,,,Iteration 10: SSE = 223.8263,,,,,,
Iteration 11: SSE = 223.7147,,,,,,Iteration 11: SSE = 223.6502,,,,,,Run 46
,,,,,,,,,,,,-----
Run 42,,,,,,Run 40,,,,,,Iteration 1: SSE = 454.0261
-----,,,,,,-----,,,,,,Iteration 2: SSE = 272.7181
Iteration 1: SSE = 899.054,,,,,,Iteration 1: SSE = 348.0111,,,,,,Iteration 3: SSE = 262.3847
Iteration 2: SSE = 321.5003,,,,,,Iteration 2: SSE = 243.9071,,,,,,Iteration 4: SSE = 249.072
Iteration 3: SSE = 243.07,,,,,,Iteration 3: SSE = 238.3074,,,,,,Iteration 5: SSE = 237.1226
Iteration 4: SSE = 233.0223,,,,,,Iteration 4: SSE = 234.4353,,,,,,Iteration 6: SSE = 233.8563
Iteration 5: SSE = 230.6138,,,,,,Iteration 5: SSE = 231.047,,,,,,Iteration 7: SSE = 231.3567
Iteration 6: SSE = 228.8371,,,,,,Iteration 6: SSE = 228.3121,,,,,,Iteration 8: SSE = 229.7344
Iteration 7: SSE = 226.9231,,,,,,Iteration 7: SSE = 226.1523,,,,,,Iteration 9: SSE = 228.9854
Iteration 8: SSE = 225.4198,,,,,,Iteration 8: SSE = 225.0203,,,,,,Iteration 10: SSE = 228.4732
Iteration 9: SSE = 224.282,,,,,,Iteration 9: SSE = 224.3178,,,,,,Iteration 11: SSE = 227.8663
Iteration 10: SSE = 223.9052,,,,,,Iteration 10: SSE = 223.8263,,,,,,Iteration 12: SSE = 227.2073
Iteration 11: SSE = 223.7147,,,,,,Iteration 11: SSE = 223.6502,,,,,,Iteration 13: SSE = 226.8471
,,,,,,,,,,,,Iteration 14: SSE = 226.677
Run 43,,,,,,Run 41,,,,,,
-----,,,,,,-----,,,,,,Run 47
Iteration 1: SSE = 899.054,,,,,,Iteration 1: SSE = 348.0111,,,,,,-----
Iteration 2: SSE = 321.5003,,,,,,Iteration 2: SSE = 243.9071,,,,,,Iteration 1: SSE = 454.0261
Iteration 3: SSE = 243.07,,,,,,Iteration 3: SSE = 238.3074,,,,,,Iteration 2: SSE = 272.7181
Iteration 4: SSE = 233.0223,,,,,,Iteration 4: SSE = 234.4353,,,,,,Iteration 3: SSE = 262.3847
Iteration 5: SSE = 230.6138,,,,,,Iteration 5: SSE = 231.047,,,,,,Iteration 4: SSE = 249.072
Iteration 6: SSE = 228.8371,,,,,,Iteration 6: SSE = 228.3121,,,,,,Iteration 5: SSE = 237.1226
Iteration 7: SSE = 226.9231,,,,,,Iteration 7: SSE = 226.1523,,,,,,Iteration 6: SSE = 233.8563
Iteration 8: SSE = 225.4198,,,,,,Iteration 8: SSE = 225.0203,,,,,,Iteration 7: SSE = 231.3567
Iteration 9: SSE = 224.282,,,,,,Iteration 9: SSE = 224.3178,,,,,,Iteration 8: SSE = 229.7344
Iteration 10: SSE = 223.9052,,,,,,Iteration 10: SSE = 223.8263,,,,,,Iteration 9: SSE = 228.9854
Iteration 11: SSE = 223.7147,,,,,,Iteration 11: SSE = 223.6502,,,,,,Iteration 10: SSE = 228.4732
,,,,,,,,,,,,Iteration 11: SSE = 227.8663
Run 44,,,,,,Run 42,,,,,,Iteration 12: SSE = 227.2073
-----,,,,,,-----,,,,,,Iteration 13: SSE = 226.8471
Iteration 1: SSE = 899.054,,,,,,Iteration 1: SSE = 375.7127,,,,,,Iteration 14: SSE = 226.677
Iteration 2: SSE = 321.5003,,,,,,Iteration 2: SSE = 240.0816,,,,,,
Iteration 3: SSE = 243.07,,,,,,Iteration 3: SSE = 233.2081,,,,,,Run 48
Iteration 4: SSE = 233.0223,,,,,,Iteration 4: SSE = 230.4228,,,,,,-----
Iteration 5: SSE = 230.6138,,,,,,Iteration 5: SSE = 229.043,,,,,,Iteration 1: SSE = 454.0261
Iteration 6: SSE = 228.8371,,,,,,Iteration 6: SSE = 228.553,,,,,,Iteration 2: SSE = 272.7181
Iteration 7: SSE = 226.9231,,,,,,Iteration 7: SSE = 228.4586,,,,,,Iteration 3: SSE = 262.3847
Iteration 8: SSE = 225.4198,,,,,,,,,,,,Iteration 4: SSE = 249.072
Iteration 9: SSE = 224.282,,,,,,Run 43,,,,,,Iteration 5: SSE = 237.1226
Iteration 10: SSE = 223.9052,,,,,,-----,,,,,,Iteration 6: SSE = 233.8563
Iteration 11: SSE = 223.7147,,,,,,Iteration 1: SSE = 375.7127,,,,,,Iteration 7: SSE = 231.3567
,,,,,,Iteration 2: SSE = 240.0816,,,,,,Iteration 8: SSE = 229.7344
Run 45,,,,,,Iteration 3: SSE = 233.2081,,,,,,Iteration 9: SSE = 228.9854
-----,,,,,,Iteration 4: SSE = 230.4228,,,,,,Iteration 10: SSE = 228.4732
Iteration 1: SSE = 390.2334,,,,,,Iteration 5: SSE = 229.043,,,,,,Iteration 11: SSE = 227.8663
Iteration 2: SSE = 277.7333,,,,,,Iteration 6: SSE = 228.553,,,,,,Iteration 12: SSE = 227.2073
Iteration 3: SSE = 269.136,,,,,,Iteration 7: SSE = 228.4586,,,,,,Iteration 13: SSE = 226.8471
Iteration 4: SSE = 258.7827,,,,,,,,,,,,Iteration 14: SSE = 226.677
Iteration 5: SSE = 249.5762,,,,,,Run 44,,,,,,
Iteration 6: SSE = 241.3061,,,,,,-----,,,,,,Run 49
Iteration 7: SSE = 236.2324,,,,,,Iteration 1: SSE = 375.7127,,,,,,-----
Iteration 8: SSE = 233.1346,,,,,,Iteration 2: SSE = 240.0816,,,,,,Iteration 1: SSE = 454.0261
Iteration 9: SSE = 230.8528,,,,,,Iteration 3: SSE = 233.2081,,,,,,Iteration 2: SSE = 272.7181
Iteration 10: SSE = 228.5553,,,,,,Iteration 4: SSE = 230.4228,,,,,,Iteration 3: SSE = 262.3847
Iteration 11: SSE = 227.8081,,,,,,Iteration 5: SSE = 229.043,,,,,,Iteration 4: SSE = 249.072
Iteration 12: SSE = 227.4417,,,,,,Iteration 6: SSE = 228.553,,,,,,Iteration 5: SSE = 237.1226
Iteration 13: SSE = 227.0006,,,,,,Iteration 7: SSE = 228.4586,,,,,,Iteration 6: SSE = 233.8563
Iteration 14: SSE = 226.837,,,,,,,,,,,,Iteration 7: SSE = 231.3567
,,,,,,Run 45,,,,,,Iteration 8: SSE = 229.7344
Run 46,,,,,,-----,,,,,,Iteration 9: SSE = 228.9854
-----,,,,,,Iteration 1: SSE = 375.7127,,,,,,Iteration 10: SSE = 228.4732
Iteration 1: SSE = 390.2334,,,,,,Iteration 2: SSE = 240.0816,,,,,,Iteration 11: SSE = 227.8663
Iteration 2: SSE = 277.7333,,,,,,Iteration 3: SSE = 233.2081,,,,,,Iteration 12: SSE = 227.2073
Iteration 3: SSE = 269.136,,,,,,Iteration 4: SSE = 230.4228,,,,,,Iteration 13: SSE = 226.8471
Iteration 4: SSE = 258.7827,,,,,,Iteration 5: SSE = 229.043,,,,,,Iteration 14: SSE = 226.677
Iteration 5: SSE = 249.5762,,,,,,Iteration 6: SSE = 228.553,,,,,,
Iteration 6: SSE = 241.3061,,,,,,Iteration 7: SSE = 228.4586,,,,,,Run 50
Iteration 7: SSE = 236.2324,,,,,,,,,,,,-----
Iteration 8: SSE = 233.1346,,,,,,Run 46,,,,,,Iteration 1: SSE = 454.0261
Iteration 9: SSE = 230.8528,,,,,,-----,,,,,,Iteration 2: SSE = 272.7181
Iteration 10: SSE = 228.5553,,,,,,Iteration 1: SSE = 375.7127,,,,,,Iteration 3: SSE = 262.3847
Iteration 11: SSE = 227.8081,,,,,,Iteration 2: SSE = 240.0816,,,,,,Iteration 4: SSE = 249.072
Iteration 12: SSE = 227.4417,,,,,,Iteration 3: SSE = 233.2081,,,,,,Iteration 5: SSE = 237.1226
Iteration 13: SSE = 227.0006,,,,,,Iteration 4: SSE = 230.4228,,,,,,Iteration 6: SSE = 233.8563
Iteration 14: SSE = 226.837,,,,,,Iteration 5: SSE = 229.043,,,,,,Iteration 7: SSE = 231.3567
,,,,,,Iteration 6: SSE = 228.553,,,,,,Iteration 8: SSE = 229.7344
Run 47,,,,,,Iteration 7: SSE = 228.4586,,,,,,Iteration 9: SSE = 228.9854
-----,,,,,,,,,,,,Iteration 10: SSE = 228.4732
Iteration 1: SSE = 390.2334,,,,,,Run 47,,,,,,Iteration 11: SSE = 227.8663
Iteration 2: SSE = 277.7333,,,,,,-----,,,,,,Iteration 12: SSE = 227.2073
Iteration 3: SSE = 269.136,,,,,,Iteration 1: SSE = 375.7127,,,,,,Iteration 13: SSE = 226.8471
Iteration 4: SSE = 258.7827,,,,,,Iteration 2: SSE = 240.0816,,,,,,Iteration 14: SSE = 226.677
Iteration 5: SSE = 249.5762,,,,,,Iteration 3: SSE = 233.2081,,,,,,
Iteration 6: SSE = 241.3061,,,,,,Iteration 4: SSE = 230.4228,,,,,,Run 51
Iteration 7: SSE = 236.2324,,,,,,Iteration 5: SSE = 229.043,,,,,,-----
Iteration 8: SSE = 233.1346,,,,,,Iteration 6: SSE = 228.553,,,,,,Iteration 1: SSE = 454.0261
Iteration 9: SSE = 230.8528,,,,,,Iteration 7: SSE = 228.4586,,,,,,Iteration 2: SSE = 272.7181
Iteration 10: SSE = 228.5553,,,,,,,,,,,,Iteration 3: SSE = 262.3847
Iteration 11: SSE = 227.8081,,,,,,Run 48,,,,,,Iteration 4: SSE = 249.072
Iteration 12: SSE = 227.4417,,,,,,-----,,,,,,Iteration 5: SSE = 237.1226
Iteration 13: SSE = 227.0006,,,,,,Iteration 1: SSE = 375.7127,,,,,,Iteration 6: SSE = 233.8563
Iteration 14: SSE = 226.837,,,,,,Iteration 2: SSE = 240.0816,,,,,,Iteration 7: SSE = 231.3567
,,,,,,Iteration 3: SSE = 233.2081,,,,,,Iteration 8: SSE = 229.7344
Run 48,,,,,,Iteration 4: SSE = 230.4228,,,,,,Iteration 9: SSE = 228.9854
-----,,,,,,Iteration 5: SSE = 229.043,,,,,,Iteration 10: SSE = 228.4732
Iteration 1: SSE = 390.2334,,,,,,Iteration 6: SSE = 228.553,,,,,,Iteration 11: SSE = 227.8663
Iteration 2: SSE = 277.7333,,,,,,Iteration 7: SSE = 228.4586,,,,,,Iteration 12: SSE = 227.2073
Iteration 3: SSE = 269.136,,,,,,,,,,,,Iteration 13: SSE = 226.8471
Iteration 4: SSE = 258.7827,,,,,,Run 49,,,,,,Iteration 14: SSE = 226.677
Iteration 5: SSE = 249.5762,,,,,,-----,,,,,,
Iteration 6: SSE = 241.3061,,,,,,Iteration 1: SSE = 375.7127,,,,,,Run 52
Iteration 7: SSE = 236.2324,,,,,,Iteration 2: SSE = 240.0816,,,,,,-----
Iteration 8: SSE = 233.1346,,,,,,Iteration 3: SSE = 233.2081,,,,,,Iteration 1: SSE = 367.9146
Iteration 9: SSE = 230.8528,,,,,,Iteration 4: SSE = 230.4228,,,,,,Iteration 2: SSE = 237.2205
Iteration 10: SSE = 228.5553,,,,,,Iteration 5: SSE = 229.043,,,,,,Iteration 3: SSE = 226.6258
Iteration 11: SSE = 227.8081,,,,,,Iteration 6: SSE = 228.553,,,,,,Iteration 4: SSE = 224.0903
Iteration 12: SSE = 227.4417,,,,,,Iteration 7: SSE = 228.4586,,,,,,Iteration 5: SSE = 223.6837
Iteration 13: SSE = 227.0006,,,,,,,,,,,,Iteration 6: SSE = 223.5468
Iteration 14: SSE = 226.837,,,,,,Run 50,,,,,,
,,,,,,-----,,,,,,Run 53
Run 49,,,,,,Iteration 1: SSE = 375.7127,,,,,,-----
-----,,,,,,Iteration 2: SSE = 240.0816,,,,,,Iteration 1: SSE = 367.9146
Iteration 1: SSE = 390.2334,,,,,,Iteration 3: SSE = 233.2081,,,,,,Iteration 2: SSE = 237.2205
Iteration 2: SSE = 277.7333,,,,,,Iteration 4: SSE = 230.4228,,,,,,Iteration 3: SSE = 226.6258
Iteration 3: SSE = 269.136,,,,,,Iteration 5: SSE = 229.043,,,,,,Iteration 4: SSE = 224.0903
Iteration 4: SSE = 258.7827,,,,,,Iteration 6: SSE = 228.553,,,,,,Iteration 5: SSE = 223.6837
Iteration 5: SSE = 249.5762,,,,,,Iteration 7: SSE = 228.4586,,,,,,Iteration 6: SSE = 223.5468
Iteration 6: SSE = 241.3061,,,,,,,,,,,,
Iteration 7: SSE = 236.2324,,,,,,Run 51,,,,,,Run 54
Iteration 8: SSE = 233.1346,,,,,,-----,,,,,,-----
Iteration 9: SSE = 230.8528,,,,,,Iteration 1: SSE = 375.7127,,,,,,Iteration 1: SSE = 367.9146
Iteration 10: SSE = 228.5553,,,,,,Iteration 2: SSE = 240.0816,,,,,,Iteration 2: SSE = 237.2205
Iteration 11: SSE = 227.8081,,,,,,Iteration 3: SSE = 233.2081,,,,,,Iteration 3: SSE = 226.6258
Iteration 12: SSE = 227.4417,,,,,,Iteration 4: SSE = 230.4228,,,,,,Iteration 4: SSE = 224.0903
Iteration 13: SSE = 227.0006,,,,,,Iteration 5: SSE = 229.043,,,,,,Iteration 5: SSE = 223.6837
Iteration 14: SSE = 226.837,,,,,,Iteration 6: SSE = 228.553,,,,,,Iteration 6: SSE = 223.5468
,,,,,,Iteration 7: SSE = 228.4586,,,,,,
Run 50,,,,,,,,,,,,Run 55
-----,,,,,,Run 52,,,,,,-----
Iteration 1: SSE = 390.2334,,,,,,-----,,,,,,Iteration 1: SSE = 367.9146
Iteration 2: SSE = 277.7333,,,,,,Iteration 1: SSE = 491.3784,,,,,,Iteration 2: SSE = 237.2205
Iteration 3: SSE = 269.136,,,,,,Iteration 2: SSE = 258.4651,,,,,,Iteration 3: SSE = 226.6258
Iteration 4: SSE = 258.7827,,,,,,Iteration 3: SSE = 232.0884,,,,,,Iteration 4: SSE = 224.0903
Iteration 5: SSE = 249.5762,,,,,,Iteration 4: SSE = 226.1873,,,,,,Iteration 5: SSE = 223.6837
Iteration 6: SSE = 241.3061,,,,,,Iteration 5: SSE = 224.7351,,,,,,Iteration 6: SSE = 223.5468
Iteration 7: SSE = 236.2324,,,,,,Iteration 6: SSE = 224.3136,,,,,,
Iteration 8: SSE = 233.1346,,,,,,Iteration 7: SSE = 223.8279,,,,,,Run 56
Iteration 9: SSE = 230.8528,,,,,,Iteration 8: SSE = 223.6658,,,,,,-----
Iteration 10: SSE = 228.5553,,,,,,,,,,,,Iteration 1: SSE = 367.9146
Iteration 11: SSE = 227.8081,,,,,,Run 53,,,,,,Iteration 2: SSE = 237.2205
Iteration 12: SSE = 227.4417,,,,,,-----,,,,,,Iteration 3: SSE = 226.6258
Iteration 13: SSE = 227.0006,,,,,,Iteration 1: SSE = 491.3784,,,,,,Iteration 4: SSE = 224.0903
Iteration 14: SSE = 226.837,,,,,,Iteration 2: SSE = 258.4651,,,,,,Iteration 5: SSE = 223.6837
,,,,,,Iteration 3: SSE = 232.0884,,,,,,Iteration 6: SSE = 223.5468
Run 51,,,,,,Iteration 4: SSE = 226.1873,,,,,,
-----,,,,,,Iteration 5: SSE = 224.7351,,,,,,Run 57
Iteration 1: SSE = 431.4091,,,,,,Iteration 6: SSE = 224.3136,,,,,,-----
Iteration 2: SSE = 241.476,,,,,,Iteration 7: SSE = 223.8279,,,,,,Iteration 1: SSE = 367.9146
Iteration 3: SSE = 231.8323,,,,,,Iteration 8: SSE = 223.6658,,,,,,Iteration 2: SSE = 237.2205
Iteration 4: SSE = 229.3926,,,,,,,,,,,,Iteration 3: SSE = 226.6258
Iteration 5: SSE = 228.8154,,,,,,Run 54,,,,,,Iteration 4: SSE = 224.0903
Iteration 6: SSE = 228.594,,,,,,-----,,,,,,Iteration 5: SSE = 223.6837
,,,,,,Iteration 1: SSE = 491.3784,,,,,,Iteration 6: SSE = 223.5468
Run 52,,,,,,Iteration 2: SSE = 258.4651,,,,,,
-----,,,,,,Iteration 3: SSE = 232.0884,,,,,,Run 58
Iteration 1: SSE = 431.4091,,,,,,Iteration 4: SSE = 226.1873,,,,,,-----
Iteration 2: SSE = 241.476,,,,,,Iteration 5: SSE = 224.7351,,,,,,Iteration 1: SSE = 367.9146
Iteration 3: SSE = 231.8323,,,,,,Iteration 6: SSE = 224.3136,,,,,,Iteration 2: SSE = 237.2205
Iteration 4: SSE = 229.3926,,,,,,Iteration 7: SSE = 223.8279,,,,,,Iteration 3: SSE = 226.6258
Iteration 5: SSE = 228.8154,,,,,,Iteration 8: SSE = 223.6658,,,,,,Iteration 4: SSE = 224.0903
Iteration 6: SSE = 228.594,,,,,,,,,,,,Iteration 5: SSE = 223.6837
,,,,,,Run 55,,,,,,Iteration 6: SSE = 223.5468
Run 53,,,,,,-----,,,,,,
-----,,,,,,Iteration 1: SSE = 491.3784,,,,,,Run 59
Iteration 1: SSE = 431.4091,,,,,,Iteration 2: SSE = 258.4651,,,,,,-----
Iteration 2: SSE = 241.476,,,,,,Iteration 3: SSE = 232.0884,,,,,,Iteration 1: SSE = 367.9146
Iteration 3: SSE = 231.8323,,,,,,Iteration 4: SSE = 226.1873,,,,,,Iteration 2: SSE = 237.2205
Iteration 4: SSE = 229.3926,,,,,,Iteration 5: SSE = 224.7351,,,,,,Iteration 3: SSE = 226.6258
Iteration 5: SSE = 228.8154,,,,,,Iteration 6: SSE = 224.3136,,,,,,Iteration 4: SSE = 224.0903
Iteration 6: SSE = 228.594,,,,,,Iteration 7: SSE = 223.8279,,,,,,Iteration 5: SSE = 223.6837
,,,,,,Iteration 8: SSE = 223.6658,,,,,,Iteration 6: SSE = 223.5468
Run 54,,,,,,,,,,,,
-----,,,,,,Run 56,,,,,,Run 60
Iteration 1: SSE = 431.4091,,,,,,-----,,,,,,-----
Iteration 2: SSE = 241.476,,,,,,Iteration 1: SSE = 491.3784,,,,,,Iteration 1: SSE = 367.9146
Iteration 3: SSE = 231.8323,,,,,,Iteration 2: SSE = 258.4651,,,,,,Iteration 2: SSE = 237.2205
Iteration 4: SSE = 229.3926,,,,,,Iteration 3: SSE = 232.0884,,,,,,Iteration 3: SSE = 226.6258
Iteration 5: SSE = 228.8154,,,,,,Iteration 4: SSE = 226.1873,,,,,,Iteration 4: SSE = 224.0903
Iteration 6: SSE = 228.594,,,,,,Iteration 5: SSE = 224.7351,,,,,,Iteration 5: SSE = 223.6837
,,,,,,Iteration 6: SSE = 224.3136,,,,,,Iteration 6: SSE = 223.5468
Run 55,,,,,,Iteration 7: SSE = 223.8279,,,,,,
-----,,,,,,Iteration 8: SSE = 223.6658,,,,,,Run 61
Iteration 1: SSE = 431.4091,,,,,,,,,,,,-----
Iteration 2: SSE = 241.476,,,,,,Run 57,,,,,,Iteration 1: SSE = 367.9146
Iteration 3: SSE = 231.8323,,,,,,-----,,,,,,Iteration 2: SSE = 237.2205
Iteration 4: SSE = 229.3926,,,,,,Iteration 1: SSE = 491.3784,,,,,,Iteration 3: SSE = 226.6258
Iteration 5: SSE = 228.8154,,,,,,Iteration 2: SSE = 258.4651,,,,,,Iteration 4: SSE = 224.0903
Iteration 6: SSE = 228.594,,,,,,Iteration 3: SSE = 232.0884,,,,,,Iteration 5: SSE = 223.6837
,,,,,,Iteration 4: SSE = 226.1873,,,,,,Iteration 6: SSE = 223.5468
Run 56,,,,,,Iteration 5: SSE = 224.7351,,,,,,
-----,,,,,,Iteration 6: SSE = 224.3136,,,,,,Run 62
Iteration 1: SSE = 431.4091,,,,,,Iteration 7: SSE = 223.8279,,,,,,-----
Iteration 2: SSE = 241.476,,,,,,Iteration 8: SSE = 223.6658,,,,,,Iteration 1: SSE = 367.9146
Iteration 3: SSE = 231.8323,,,,,,,,,,,,Iteration 2: SSE = 237.2205
Iteration 4: SSE = 229.3926,,,,,,Run 58,,,,,,Iteration 3: SSE = 226.6258
Iteration 5: SSE = 228.8154,,,,,,-----,,,,,,Iteration 4: SSE = 224.0903
Iteration 6: SSE = 228.594,,,,,,Iteration 1: SSE = 491.3784,,,,,,Iteration 5: SSE = 223.6837
,,,,,,Iteration 2: SSE = 258.4651,,,,,,Iteration 6: SSE = 223.5468
Run 57,,,,,,Iteration 3: SSE = 232.0884,,,,,,
-----,,,,,,Iteration 4: SSE = 226.1873,,,,,,Run 63
Iteration 1: SSE = 431.4091,,,,,,Iteration 5: SSE = 224.7351,,,,,,-----
Iteration 2: SSE = 241.476,,,,,,Iteration 6: SSE = 224.3136,,,,,,Iteration 1: SSE = 414.1857
Iteration 3: SSE = 231.8323,,,,,,Iteration 7: SSE = 223.8279,,,,,,Iteration 2: SSE = 242.0887
Iteration 4: SSE = 229.3926,,,,,,Iteration 8: SSE = 223.6658,,,,,,Iteration 3: SSE = 231.3001
Iteration 5: SSE = 228.8154,,,,,,,,,,,,Iteration 4: SSE = 229.0443
Iteration 6: SSE = 228.594,,,,,,Run 59,,,,,,Iteration 5: SSE = 228.6985
,,,,,,-----,,,,,,Iteration 6: SSE = 228.5156
Run 58,,,,,,Iteration 1: SSE = 491.3784,,,,,,
-----,,,,,,Iteration 2: SSE = 258.4651,,,,,,Run 64
Iteration 1: SSE = 431.4091,,,,,,Iteration 3: SSE = 232.0884,,,,,,-----
Iteration 2: SSE = 241.476,,,,,,Iteration 4: SSE = 226.1873,,,,,,Iteration 1: SSE = 414.1857
Iteration 3: SSE = 231.8323,,,,,,Iteration 5: SSE = 224.7351,,,,,,Iteration 2: SSE = 242.0887
Iteration 4: SSE = 229.3926,,,,,,Iteration 6: SSE = 224.3136,,,,,,Iteration 3: SSE = 231.3001
Iteration 5: SSE = 228.8154,,,,,,Iteration 7: SSE = 223.8279,,,,,,Iteration 4: SSE = 229.0443
Iteration 6: SSE = 228.594,,,,,,Iteration 8: SSE = 223.6658,,,,,,Iteration 5: SSE = 228.6985
,,,,,,,,,,,,Iteration 6: SSE = 228.5156
Run 59,,,,,,Run 60,,,,,,
-----,,,,,,-----,,,,,,Run 65
Iteration 1: SSE = 431.4091,,,,,,Iteration 1: SSE = 491.3784,,,,,,-----
Iteration 2: SSE = 241.476,,,,,,Iteration 2: SSE = 258.4651,,,,,,Iteration 1: SSE = 414.1857
Iteration 3: SSE = 231.8323,,,,,,Iteration 3: SSE = 232.0884,,,,,,Iteration 2: SSE = 242.0887
Iteration 4: SSE = 229.3926,,,,,,Iteration 4: SSE = 226.1873,,,,,,Iteration 3: SSE = 231.3001
Iteration 5: SSE = 228.8154,,,,,,Iteration 5: SSE = 224.7351,,,,,,Iteration 4: SSE = 229.0443
Iteration 6: SSE = 228.594,,,,,,Iteration 6: SSE = 224.3136,,,,,,Iteration 5: SSE = 228.6985
,,,,,,Iteration 7: SSE = 223.8279,,,,,,Iteration 6: SSE = 228.5156
Run 60,,,,,,Iteration 8: SSE = 223.6658,,,,,,
-----,,,,,,,,,,,,Run 66
Iteration 1: SSE = 431.4091,,,,,,Run 61,,,,,,-----
Iteration 2: SSE = 241.476,,,,,,-----,,,,,,Iteration 1: SSE = 414.1857
Iteration 3: SSE = 231.8323,,,,,,Iteration 1: SSE = 367.0606,,,,,,Iteration 2: SSE = 242.0887
Iteration 4: SSE = 229.3926,,,,,,Iteration 2: SSE = 242.8529,,,,,,Iteration 3: SSE = 231.3001
Iteration 5: SSE = 228.8154,,,,,,Iteration 3: SSE = 236.095,,,,,,Iteration 4: SSE = 229.0443
Iteration 6: SSE = 228.594,,,,,,Iteration 4: SSE = 230.6426,,,,,,Iteration 5: SSE = 228.6985
,,,,,,Iteration 5: SSE = 228.9695,,,,,,Iteration 6: SSE = 228.5156
Run 61,,,,,,Iteration 6: SSE = 228.6219,,,,,,
-----,,,,,,Iteration 7: SSE = 228.5325,,,,,,Run 67
Iteration 1: SSE = 431.4091,,,,,,,,,,,,-----
Iteration 2: SSE = 241.476,,,,,,Run 62,,,,,,Iteration 1: SSE = 414.1857
Iteration 3: SSE = 231.8323,,,,,,-----,,,,,,Iteration 2: SSE = 242.0887
Iteration 4: SSE = 229.3926,,,,,,Iteration 1: SSE = 367.0606,,,,,,Iteration 3: SSE = 231.3001
Iteration 5: SSE = 228.8154,,,,,,Iteration 2: SSE = 242.8529,,,,,,Iteration 4: SSE = 229.0443
Iteration 6: SSE = 228.594,,,,,,Iteration 3: SSE = 236.095,,,,,,Iteration 5: SSE = 228.6985
,,,,,,Iteration 4: SSE = 230.6426,,,,,,Iteration 6: SSE = 228.5156
Run 62,,,,,,Iteration 5: SSE = 228.9695,,,,,,
-----,,,,,,Iteration 6: SSE = 228.6219,,,,,,Run 68
Iteration 1: SSE = 431.4091,,,,,,Iteration 7: SSE = 228.5325,,,,,,-----
Iteration 2: SSE = 241.476,,,,,,,,,,,,Iteration 1: SSE = 414.1857
Iteration 3: SSE = 231.8323,,,,,,Run 63,,,,,,Iteration 2: SSE = 242.0887
Iteration 4: SSE = 229.3926,,,,,,-----,,,,,,Iteration 3: SSE = 231.3001
Iteration 5: SSE = 228.8154,,,,,,Iteration 1: SSE = 367.0606,,,,,,Iteration 4: SSE = 229.0443
Iteration 6: SSE = 228.594,,,,,,Iteration 2: SSE = 242.8529,,,,,,Iteration 5: SSE = 228.6985
,,,,,,Iteration 3: SSE = 236.095,,,,,,Iteration 6: SSE = 228.5156
Run 63,,,,,,Iteration 4: SSE = 230.6426,,,,,,
-----,,,,,,Iteration 5: SSE = 228.9695,,,,,,Run 69
Iteration 1: SSE = 421.6644,,,,,,Iteration 6: SSE = 228.6219,,,,,,-----
Iteration 2: SSE = 273.6987,,,,,,Iteration 7: SSE = 228.5325,,,,,,Iteration 1: SSE = 414.1857
Iteration 3: SSE = 240.6747,,,,,,,,,,,,Iteration 2: SSE = 242.0887
Iteration 4: SSE = 232.1368,,,,,,Run 64,,,,,,Iteration 3: SSE = 231.3001
Iteration 5: SSE = 229.8844,,,,,,-----,,,,,,Iteration 4: SSE = 229.0443
Iteration 6: SSE = 228.6071,,,,,,Iteration 1: SSE = 367.0606,,,,,,Iteration 5: SSE = 228.6985
Iteration 7: SSE = 227.7474,,,,,,Iteration 2: SSE = 242.8529,,,,,,Iteration 6: SSE = 228.5156
Iteration 8: SSE = 226.8196,,,,,,Iteration 3: SSE = 236.095,,,,,,
Iteration 9: SSE = 225.8658,,,,,,Iteration 4: SSE = 230.6426,,,,,,Run 70
Iteration 10: SSE = 225.0968,,,,,,Iteration 5: SSE = 228.9695,,,,,,-----
Iteration 11: SSE = 224.7153,,,,,,Iteration 6: SSE = 228.6219,,,,,,Iteration 1: SSE = 414.1857
Iteration 12: SSE = 224.4528,,,,,,Iteration 7: SSE = 228.5325,,,,,,Iteration 2: SSE = 242.0887
Iteration 13: SSE = 224.3073,,,,,,,,,,,,Iteration 3: SSE = 231.3001
,,,,,,Run 65,,,,,,Iteration 4: SSE = 229.0443
Run 64,,,,,,-----,,,,,,Iteration 5: SSE = 228.6985
-----,,,,,,Iteration 1: SSE = 367.0606,,,,,,Iteration 6: SSE = 228.5156
Iteration 1: SSE = 421.6644,,,,,,Iteration 2: SSE = 242.8529,,,,,,
Iteration 2: SSE = 273.6987,,,,,,Iteration 3: SSE = 236.095,,,,,,Run 71
Iteration 3: SSE = 240.6747,,,,,,Iteration 4: SSE = 230.6426,,,,,,-----
Iteration 4: SSE = 232.1368,,,,,,Iteration 5: SSE = 228.9695,,,,,,Iteration 1: SSE = 414.1857
Iteration 5: SSE = 229.8844,,,,,,Iteration 6: SSE = 228.6219,,,,,,Iteration 2: SSE = 242.0887
Iteration 6: SSE = 228.6071,,,,,,Iteration 7: SSE = 228.5325,,,,,,Iteration 3: SSE = 231.3001
Iteration 7: SSE = 227.7474,,,,,,,,,,,,Iteration 4: SSE = 229.0443
Iteration 8: SSE = 226.8196,,,,,,Run 66,,,,,,Iteration 5: SSE = 228.6985
Iteration 9: SSE = 225.8658,,,,,,-----,,,,,,Iteration 6: SSE = 228.5156
Iteration 10: SSE = 225.0968,,,,,,Iteration 1: SSE = 367.0606,,,,,,
Iteration 11: SSE = 224.7153,,,,,,Iteration 2: SSE = 242.8529,,,,,,Run 72
Iteration 12: SSE = 224.4528,,,,,,Iteration 3: SSE = 236.095,,,,,,-----
Iteration 13: SSE = 224.3073,,,,,,Iteration 4: SSE = 230.6426,,,,,,Iteration 1: SSE = 414.1857
,,,,,,Iteration 5: SSE = 228.9695,,,,,,Iteration 2: SSE = 242.0887
Run 65,,,,,,Iteration 6: SSE = 228.6219,,,,,,Iteration 3: SSE = 231.3001
-----,,,,,,Iteration 7: SSE = 228.5325,,,,,,Iteration 4: SSE = 229.0443
Iteration 1: SSE = 421.6644,,,,,,,,,,,,Iteration 5: SSE = 228.6985
Iteration 2: SSE = 273.6987,,,,,,Run 67,,,,,,Iteration 6: SSE = 228.5156
Iteration 3: SSE = 240.6747,,,,,,-----,,,,,,
Iteration 4: SSE = 232.1368,,,,,,Iteration 1: SSE = 367.0606,,,,,,Run 73
Iteration 5: SSE = 229.8844,,,,,,Iteration 2: SSE = 242.8529,,,,,,-----
Iteration 6: SSE = 228.6071,,,,,,Iteration 3: SSE = 236.095,,,,,,Iteration 1: SSE = 414.1857
Iteration 7: SSE = 227.7474,,,,,,Iteration 4: SSE = 230.6426,,,,,,Iteration 2: SSE = 242.0887
Iteration 8: SSE = 226.8196,,,,,,Iteration 5: SSE = 228.9695,,,,,,Iteration 3: SSE = 231.3001
Iteration 9: SSE = 225.8658,,,,,,Iteration 6: SSE = 228.6219,,,,,,Iteration 4: SSE = 229.0443
Iteration 10: SSE = 225.0968,,,,,,Iteration 7: SSE = 228.5325,,,,,,Iteration 5: SSE = 228.6985
Iteration 11: SSE = 224.7153,,,,,,,,,,,,Iteration 6: SSE = 228.5156
Iteration 12: SSE = 224.4528,,,,,,Run 68,,,,,,
Iteration 13: SSE = 224.3073,,,,,,-----,,,,,,Run 74
,,,,,,Iteration 1: SSE = 367.0606,,,,,,-----
Run 66,,,,,,Iteration 2: SSE = 242.8529,,,,,,Iteration 1: SSE = 414.1857
-----,,,,,,Iteration 3: SSE = 236.095,,,,,,Iteration 2: SSE = 242.0887
Iteration 1: SSE = 421.6644,,,,,,Iteration 4: SSE = 230.6426,,,,,,Iteration 3: SSE = 231.3001
Iteration 2: SSE = 273.6987,,,,,,Iteration 5: SSE = 228.9695,,,,,,Iteration 4: SSE = 229.0443
Iteration 3: SSE = 240.6747,,,,,,Iteration 6: SSE = 228.6219,,,,,,Iteration 5: SSE = 228.6985
Iteration 4: SSE = 232.1368,,,,,,Iteration 7: SSE = 228.5325,,,,,,Iteration 6: SSE = 228.5156
Iteration 5: SSE = 229.8844,,,,,,,,,,,,
Iteration 6: SSE = 228.6071,,,,,,Run 69,,,,,,Run 75
Iteration 7: SSE = 227.7474,,,,,,-----,,,,,,-----
Iteration 8: SSE = 226.8196,,,,,,Iteration 1: SSE = 367.0606,,,,,,Iteration 1: SSE = 640.1169
Iteration 9: SSE = 225.8658,,,,,,Iteration 2: SSE = 242.8529,,,,,,Iteration 2: SSE = 292.0563
Iteration 10: SSE = 225.0968,,,,,,Iteration 3: SSE = 236.095,,,,,,Iteration 3: SSE = 231.9274
Iteration 11: SSE = 224.7153,,,,,,Iteration 4: SSE = 230.6426,,,,,,Iteration 4: SSE = 226.0866
Iteration 12: SSE = 224.4528,,,,,,Iteration 5: SSE = 228.9695,,,,,,Iteration 5: SSE = 225.0811
Iteration 13: SSE = 224.3073,,,,,,Iteration 6: SSE = 228.6219,,,,,,Iteration 6: SSE = 224.9009
,,,,,,Iteration 7: SSE = 228.5325,,,,,,
Run 67,,,,,,,,,,,,Run 76
-----,,,,,,Run 70,,,,,,-----
Iteration 1: SSE = 421.6644,,,,,,-----,,,,,,Iteration 1: SSE = 640.1169
Iteration 2: SSE = 273.6987,,,,,,Iteration 1: SSE = 367.0606,,,,,,Iteration 2: SSE = 292.0563
Iteration 3: SSE = 240.6747,,,,,,Iteration 2: SSE = 242.8529,,,,,,Iteration 3: SSE = 231.9274
Iteration 4: SSE = 232.1368,,,,,,Iteration 3: SSE = 236.095,,,,,,Iteration 4: SSE = 226.0866
Iteration 5: SSE = 229.8844,,,,,,Iteration 4: SSE = 230.6426,,,,,,Iteration 5: SSE = 225.0811
Iteration 6: SSE = 228.6071,,,,,,Iteration 5: SSE = 228.9695,,,,,,Iteration 6: SSE = 224.9009
Iteration 7: SSE = 227.7474,,,,,,Iteration 6: SSE = 228.6219,,,,,,
Iteration 8: SSE = 226.8196,,,,,,Iteration 7: SSE = 228.5325,,,,,,Run 77
Iteration 9: SSE = 225.8658,,,,,,,,,,,,-----
Iteration 10: SSE = 225.0968,,,,,,Run 71,,,,,,Iteration 1: SSE = 640.1169
Iteration 11: SSE = 224.7153,,,,,,-----,,,,,,Iteration 2: SSE = 292.0563
Iteration 12: SSE = 224.4528,,,,,,Iteration 1: SSE = 367.0606,,,,,,Iteration 3: SSE = 231.9274
Iteration 13: SSE = 224.3073,,,,,,Iteration 2: SSE = 242.8529,,,,,,Iteration 4: SSE = 226.0866
,,,,,,Iteration 3: SSE = 236.095,,,,,,Iteration 5: SSE = 225.0811
Run 68,,,,,,Iteration 4: SSE = 230.6426,,,,,,Iteration 6: SSE = 224.9009
-----,,,,,,Iteration 5: SSE = 228.9695,,,,,,
Iteration 1: SSE = 456.7493,,,,,,Iteration 6: SSE = 228.6219,,,,,,Run 78
Iteration 2: SSE = 267.6658,,,,,,Iteration 7: SSE = 228.5325,,,,,,-----
Iteration 3: SSE = 235.2885,,,,,,,,,,,,Iteration 1: SSE = 640.1169
Iteration 4: SSE = 229.913,,,,,,Run 72,,,,,,Iteration 2: SSE = 292.0563
Iteration 5: SSE = 228.9079,,,,,,-----,,,,,,Iteration 3: SSE = 231.9274
Iteration 6: SSE = 228.6582,,,,,,Iteration 1: SSE = 317.745,,,,,,Iteration 4: SSE = 226.0866
Iteration 7: SSE = 228.5726,,,,,,Iteration 2: SSE = 238.5404,,,,,,Iteration 5: SSE = 225.0811
,,,,,,Iteration 3: SSE = 231.7226,,,,,,Iteration 6: SSE = 224.9009
Run 69,,,,,,Iteration 4: SSE = 229.1815,,,,,,
-----,,,,,,Iteration 5: SSE = 227.087,,,,,,Run 79
Iteration 1: SSE = 456.7493,,,,,,Iteration 6: SSE = 226.0688,,,,,,-----
Iteration 2: SSE = 267.6658,,,,,,Iteration 7: SSE = 225.5896,,,,,,Iteration 1: SSE = 640.1169
Iteration 3: SSE = 235.2885,,,,,,Iteration 8: SSE = 225.3209,,,,,,Iteration 2: SSE = 292.0563
Iteration 4: SSE = 229.913,,,,,,Iteration 9: SSE = 225.0949,,,,,,Iteration 3: SSE = 231.9274
Iteration 5: SSE = 228.9079,,,,,,Iteration 10: SSE = 224.9541,,,,,,Iteration 4: SSE = 226.0866
Iteration 6: SSE = 228.6582,,,,,,,,,,,,Iteration 5: SSE = 225.0811
Iteration 7: SSE = 228.5726,,,,,,Run 73,,,,,,Iteration 6: SSE = 224.9009
,,,,,,-----,,,,,,
Run 70,,,,,,Iteration 1: SSE = 317.745,,,,,,Run 80
-----,,,,,,Iteration 2: SSE = 238.5404,,,,,,-----
Iteration 1: SSE = 456.7493,,,,,,Iteration 3: SSE = 231.7226,,,,,,Iteration 1: SSE = 640.1169
Iteration 2: SSE = 267.6658,,,,,,Iteration 4: SSE = 229.1815,,,,,,Iteration 2: SSE = 292.0563
Iteration 3: SSE = 235.2885,,,,,,Iteration 5: SSE = 227.087,,,,,,Iteration 3: SSE = 231.9274
Iteration 4: SSE = 229.913,,,,,,Iteration 6: SSE = 226.0688,,,,,,Iteration 4: SSE = 226.0866
Iteration 5: SSE = 228.9079,,,,,,Iteration 7: SSE = 225.5896,,,,,,Iteration 5: SSE = 225.0811
Iteration 6: SSE = 228.6582,,,,,,Iteration 8: SSE = 225.3209,,,,,,Iteration 6: SSE = 224.9009
Iteration 7: SSE = 228.5726,,,,,,Iteration 9: SSE = 225.0949,,,,,,
,,,,,,Iteration 10: SSE = 224.9541,,,,,,Run 81
Run 71,,,,,,,,,,,,-----
-----,,,,,,Run 74,,,,,,Iteration 1: SSE = 640.1169
Iteration 1: SSE = 456.7493,,,,,,-----,,,,,,Iteration 2: SSE = 292.0563
Iteration 2: SSE = 267.6658,,,,,,Iteration 1: SSE = 317.745,,,,,,Iteration 3: SSE = 231.9274
Iteration 3: SSE = 235.2885,,,,,,Iteration 2: SSE = 238.5404,,,,,,Iteration 4: SSE = 226.0866
Iteration 4: SSE = 229.913,,,,,,Iteration 3: SSE = 231.7226,,,,,,Iteration 5: SSE = 225.0811
Iteration 5: SSE = 228.9079,,,,,,Iteration 4: SSE = 229.1815,,,,,,Iteration 6: SSE = 224.9009
Iteration 6: SSE = 228.6582,,,,,,Iteration 5: SSE = 227.087,,,,,,
Iteration 7: SSE = 228.5726,,,,,,Iteration 6: SSE = 226.0688,,,,,,Run 82
,,,,,,Iteration 7: SSE = 225.5896,,,,,,-----
Run 72,,,,,,Iteration 8: SSE = 225.3209,,,,,,Iteration 1: SSE = 640.1169
-----,,,,,,Iteration 9: SSE = 225.0949,,,,,,Iteration 2: SSE = 292.0563
Iteration 1: SSE = 456.7493,,,,,,Iteration 10: SSE = 224.9541,,,,,,Iteration 3: SSE = 231.9274
Iteration 2: SSE = 267.6658,,,,,,,,,,,,Iteration 4: SSE = 226.0866
Iteration 3: SSE = 235.2885,,,,,,Run 75,,,,,,Iteration 5: SSE = 225.0811
Iteration 4: SSE = 229.913,,,,,,-----,,,,,,Iteration 6: SSE = 224.9009
Iteration 5: SSE = 228.9079,,,,,,Iteration 1: SSE = 317.745,,,,,,
Iteration 6: SSE = 228.6582,,,,,,Iteration 2: SSE = 238.5404,,,,,,Run 83
Iteration 7: SSE = 228.5726,,,,,,Iteration 3: SSE = 231.7226,,,,,,-----
,,,,,,Iteration 4: SSE = 229.1815,,,,,,Iteration 1: SSE = 640.1169
Run 73,,,,,,Iteration 5: SSE = 227.087,,,,,,Iteration 2: SSE = 292.0563
-----,,,,,,Iteration 6: SSE = 226.0688,,,,,,Iteration 3: SSE = 231.9274
Iteration 1: SSE = 456.7493,,,,,,Iteration 7: SSE = 225.5896,,,,,,Iteration 4: SSE = 226.0866
Iteration 2: SSE = 267.6658,,,,,,Iteration 8: SSE = 225.3209,,,,,,Iteration 5: SSE = 225.0811
Iteration 3: SSE = 235.2885,,,,,,Iteration 9: SSE = 225.0949,,,,,,Iteration 6: SSE = 224.9009
Iteration 4: SSE = 229.913,,,,,,Iteration 10: SSE = 224.9541,,,,,,
Iteration 5: SSE = 228.9079,,,,,,,,,,,,Run 84
Iteration 6: SSE = 228.6582,,,,,,Run 76,,,,,,-----
Iteration 7: SSE = 228.5726,,,,,,-----,,,,,,Iteration 1: SSE = 640.1169
,,,,,,Iteration 1: SSE = 317.745,,,,,,Iteration 2: SSE = 292.0563
Run 74,,,,,,Iteration 2: SSE = 238.5404,,,,,,Iteration 3: SSE = 231.9274
-----,,,,,,Iteration 3: SSE = 231.7226,,,,,,Iteration 4: SSE = 226.0866
Iteration 1: SSE = 456.7493,,,,,,Iteration 4: SSE = 229.1815,,,,,,Iteration 5: SSE = 225.0811
Iteration 2: SSE = 267.6658,,,,,,Iteration 5: SSE = 227.087,,,,,,Iteration 6: SSE = 224.9009
Iteration 3: SSE = 235.2885,,,,,,Iteration 6: SSE = 226.0688,,,,,,
Iteration 4: SSE = 229.913,,,,,,Iteration 7: SSE = 225.5896,,,,,,Run 85
Iteration 5: SSE = 228.9079,,,,,,Iteration 8: SSE = 225.3209,,,,,,-----
Iteration 6: SSE = 228.6582,,,,,,Iteration 9: SSE = 225.0949,,,,,,Iteration 1: SSE = 640.1169
Iteration 7: SSE = 228.5726,,,,,,Iteration 10: SSE = 224.9541,,,,,,Iteration 2: SSE = 292.0563
,,,,,,,,,,,,Iteration 3: SSE = 231.9274
Run 75,,,,,,Run 77,,,,,,Iteration 4: SSE = 226.0866
-----,,,,,,-----,,,,,,Iteration 5: SSE = 225.0811
Iteration 1: SSE = 456.7493,,,,,,Iteration 1: SSE = 317.745,,,,,,Iteration 6: SSE = 224.9009
Iteration 2: SSE = 267.6658,,,,,,Iteration 2: SSE = 238.5404,,,,,,
Iteration 3: SSE = 235.2885,,,,,,Iteration 3: SSE = 231.7226,,,,,,Run 86
Iteration 4: SSE = 229.913,,,,,,Iteration 4: SSE = 229.1815,,,,,,-----
Iteration 5: SSE = 228.9079,,,,,,Iteration 5: SSE = 227.087,,,,,,Iteration 1: SSE = 640.1169
Iteration 6: SSE = 228.6582,,,,,,Iteration 6: SSE = 226.0688,,,,,,Iteration 2: SSE = 292.0563
Iteration 7: SSE = 228.5726,,,,,,Iteration 7: SSE = 225.5896,,,,,,Iteration 3: SSE = 231.9274
,,,,,,Iteration 8: SSE = 225.3209,,,,,,Iteration 4: SSE = 226.0866
Run 76,,,,,,Iteration 9: SSE = 225.0949,,,,,,Iteration 5: SSE = 225.0811
-----,,,,,,Iteration 10: SSE = 224.9541,,,,,,Iteration 6: SSE = 224.9009
Iteration 1: SSE = 456.7493,,,,,,,,,,,,
Iteration 2: SSE = 267.6658,,,,,,Run 78,,,,,,Run 87
Iteration 3: SSE = 235.2885,,,,,,-----,,,,,,-----
Iteration 4: SSE = 229.913,,,,,,Iteration 1: SSE = 317.745,,,,,,Iteration 1: SSE = 640.1169
Iteration 5: SSE = 228.9079,,,,,,Iteration 2: SSE = 238.5404,,,,,,Iteration 2: SSE = 292.0563
Iteration 6: SSE = 228.6582,,,,,,Iteration 3: SSE = 231.7226,,,,,,Iteration 3: SSE = 231.9274
Iteration 7: SSE = 228.5726,,,,,,Iteration 4: SSE = 229.1815,,,,,,Iteration 4: SSE = 226.0866
,,,,,,Iteration 5: SSE = 227.087,,,,,,Iteration 5: SSE = 225.0811
Run 77,,,,,,Iteration 6: SSE = 226.0688,,,,,,Iteration 6: SSE = 224.9009
-----,,,,,,Iteration 7: SSE = 225.5896,,,,,,
Iteration 1: SSE = 456.7493,,,,,,Iteration 8: SSE = 225.3209,,,,,,Run 88
Iteration 2: SSE = 267.6658,,,,,,Iteration 9: SSE = 225.0949,,,,,,-----
Iteration 3: SSE = 235.2885,,,,,,Iteration 10: SSE = 224.9541,,,,,,Iteration 1: SSE = 439.6128
Iteration 4: SSE = 229.913,,,,,,,,,,,,Iteration 2: SSE = 261.533
Iteration 5: SSE = 228.9079,,,,,,Run 79,,,,,,Iteration 3: SSE = 245.1222
Iteration 6: SSE = 228.6582,,,,,,-----,,,,,,Iteration 4: SSE = 240.6713
Iteration 7: SSE = 228.5726,,,,,,Iteration 1: SSE = 317.745,,,,,,Iteration 5: SSE = 239.8814
,,,,,,Iteration 2: SSE = 238.5404,,,,,,Iteration 6: SSE = 239.2411
Run 78,,,,,,Iteration 3: SSE = 231.7226,,,,,,Iteration 7: SSE = 239.0389
-----,,,,,,Iteration 4: SSE = 229.1815,,,,,,
Iteration 1: SSE = 456.7493,,,,,,Iteration 5: SSE = 227.087,,,,,,Run 89
Iteration 2: SSE = 267.6658,,,,,,Iteration 6: SSE = 226.0688,,,,,,-----
Iteration 3: SSE = 235.2885,,,,,,Iteration 7: SSE = 225.5896,,,,,,Iteration 1: SSE = 439.6128
Iteration 4: SSE = 229.913,,,,,,Iteration 8: SSE = 225.3209,,,,,,Iteration 2: SSE = 261.533
Iteration 5: SSE = 228.9079,,,,,,Iteration 9: SSE = 225.0949,,,,,,Iteration 3: SSE = 245.1222
Iteration 6: SSE = 228.6582,,,,,,Iteration 10: SSE = 224.9541,,,,,,Iteration 4: SSE = 240.6713
Iteration 7: SSE = 228.5726,,,,,,,,,,,,Iteration 5: SSE = 239.8814
,,,,,,Run 80,,,,,,Iteration 6: SSE = 239.2411
Run 79,,,,,,-----,,,,,,Iteration 7: SSE = 239.0389
-----,,,,,,Iteration 1: SSE = 487.0429,,,,,,
Iteration 1: SSE = 514.3239,,,,,,Iteration 2: SSE = 256.8023,,,,,,Run 90
Iteration 2: SSE = 242.3888,,,,,,Iteration 3: SSE = 232.1808,,,,,,-----
Iteration 3: SSE = 228.0692,,,,,,Iteration 4: SSE = 226.5435,,,,,,Iteration 1: SSE = 439.6128
Iteration 4: SSE = 224.985,,,,,,Iteration 5: SSE = 225.3944,,,,,,Iteration 2: SSE = 261.533
Iteration 5: SSE = 224.1643,,,,,,Iteration 6: SSE = 224.7776,,,,,,Iteration 3: SSE = 245.1222
Iteration 6: SSE = 223.8514,,,,,,Iteration 7: SSE = 224.4218,,,,,,Iteration 4: SSE = 240.6713
Iteration 7: SSE = 223.7691,,,,,,Iteration 8: SSE = 224.1679,,,,,,Iteration 5: SSE = 239.8814
,,,,,,Iteration 9: SSE = 223.8949,,,,,,Iteration 6: SSE = 239.2411
Run 80,,,,,,Iteration 10: SSE = 223.6981,,,,,,Iteration 7: SSE = 239.0389
-----,,,,,,,,,,,,
Iteration 1: SSE = 514.3239,,,,,,Run 81,,,,,,Run 91
Iteration 2: SSE = 242.3888,,,,,,-----,,,,,,-----
Iteration 3: SSE = 228.0692,,,,,,Iteration 1: SSE = 487.0429,,,,,,Iteration 1: SSE = 439.6128
Iteration 4: SSE = 224.985,,,,,,Iteration 2: SSE = 256.8023,,,,,,Iteration 2: SSE = 261.533
Iteration 5: SSE = 224.1643,,,,,,Iteration 3: SSE = 232.1808,,,,,,Iteration 3: SSE = 245.1222
Iteration 6: SSE = 223.8514,,,,,,Iteration 4: SSE = 226.5435,,,,,,Iteration 4: SSE = 240.6713
Iteration 7: SSE = 223.7691,,,,,,Iteration 5: SSE = 225.3944,,,,,,Iteration 5: SSE = 239.8814
,,,,,,Iteration 6: SSE = 224.7776,,,,,,Iteration 6: SSE = 239.2411
Run 81,,,,,,Iteration 7: SSE = 224.4218,,,,,,Iteration 7: SSE = 239.0389
-----,,,,,,Iteration 8: SSE = 224.1679,,,,,,
Iteration 1: SSE = 514.3239,,,,,,Iteration 9: SSE = 223.8949,,,,,,Run 92
Iteration 2: SSE = 242.3888,,,,,,Iteration 10: SSE = 223.6981,,,,,,-----
Iteration 3: SSE = 228.0692,,,,,,,,,,,,Iteration 1: SSE = 439.6128
Iteration 4: SSE = 224.985,,,,,,Run 82,,,,,,Iteration 2: SSE = 261.533
Iteration 5: SSE = 224.1643,,,,,,-----,,,,,,Iteration 3: SSE = 245.1222
Iteration 6: SSE = 223.8514,,,,,,Iteration 1: SSE = 487.0429,,,,,,Iteration 4: SSE = 240.6713
Iteration 7: SSE = 223.7691,,,,,,Iteration 2: SSE = 256.8023,,,,,,Iteration 5: SSE = 239.8814
,,,,,,Iteration 3: SSE = 232.1808,,,,,,Iteration 6: SSE = 239.2411
Run 82,,,,,,Iteration 4: SSE = 226.5435,,,,,,Iteration 7: SSE = 239.0389
-----,,,,,,Iteration 5: SSE = 225.3944,,,,,,
Iteration 1: SSE = 514.3239,,,,,,Iteration 6: SSE = 224.7776,,,,,,Run 93
Iteration 2: SSE = 242.3888,,,,,,Iteration 7: SSE = 224.4218,,,,,,-----
Iteration 3: SSE = 228.0692,,,,,,Iteration 8: SSE = 224.1679,,,,,,Iteration 1: SSE = 439.6128
Iteration 4: SSE = 224.985,,,,,,Iteration 9: SSE = 223.8949,,,,,,Iteration 2: SSE = 261.533
Iteration 5: SSE = 224.1643,,,,,,Iteration 10: SSE = 223.6981,,,,,,Iteration 3: SSE = 245.1222
Iteration 6: SSE = 223.8514,,,,,,,,,,,,Iteration 4: SSE = 240.6713
Iteration 7: SSE = 223.7691,,,,,,Run 83,,,,,,Iteration 5: SSE = 239.8814
,,,,,,-----,,,,,,Iteration 6: SSE = 239.2411
Run 83,,,,,,Iteration 1: SSE = 487.0429,,,,,,Iteration 7: SSE = 239.0389
-----,,,,,,Iteration 2: SSE = 256.8023,,,,,,
Iteration 1: SSE = 514.3239,,,,,,Iteration 3: SSE = 232.1808,,,,,,Run 94
Iteration 2: SSE = 242.3888,,,,,,Iteration 4: SSE = 226.5435,,,,,,-----
Iteration 3: SSE = 228.0692,,,,,,Iteration 5: SSE = 225.3944,,,,,,Iteration 1: SSE = 439.6128
Iteration 4: SSE = 224.985,,,,,,Iteration 6: SSE = 224.7776,,,,,,Iteration 2: SSE = 261.533
Iteration 5: SSE = 224.1643,,,,,,Iteration 7: SSE = 224.4218,,,,,,Iteration 3: SSE = 245.1222
Iteration 6: SSE = 223.8514,,,,,,Iteration 8: SSE = 224.1679,,,,,,Iteration 4: SSE = 240.6713
Iteration 7: SSE = 223.7691,,,,,,Iteration 9: SSE = 223.8949,,,,,,Iteration 5: SSE = 239.8814
,,,,,,Iteration 10: SSE = 223.6981,,,,,,Iteration 6: SSE = 239.2411
Run 84,,,,,,,,,,,,Iteration 7: SSE = 239.0389
-----,,,,,,Run 84,,,,,,
Iteration 1: SSE = 514.3239,,,,,,-----,,,,,,Run 95
Iteration 2: SSE = 242.3888,,,,,,Iteration 1: SSE = 487.0429,,,,,,-----
Iteration 3: SSE = 228.0692,,,,,,Iteration 2: SSE = 256.8023,,,,,,Iteration 1: SSE = 439.6128
Iteration 4: SSE = 224.985,,,,,,Iteration 3: SSE = 232.1808,,,,,,Iteration 2: SSE = 261.533
Iteration 5: SSE = 224.1643,,,,,,Iteration 4: SSE = 226.5435,,,,,,Iteration 3: SSE = 245.1222
Iteration 6: SSE = 223.8514,,,,,,Iteration 5: SSE = 225.3944,,,,,,Iteration 4: SSE = 240.6713
Iteration 7: SSE = 223.7691,,,,,,Iteration 6: SSE = 224.7776,,,,,,Iteration 5: SSE = 239.8814
,,,,,,Iteration 7: SSE = 224.4218,,,,,,Iteration 6: SSE = 239.2411
Run 85,,,,,,Iteration 8: SSE = 224.1679,,,,,,Iteration 7: SSE = 239.0389
-----,,,,,,Iteration 9: SSE = 223.8949,,,,,,
Iteration 1: SSE = 514.3239,,,,,,Iteration 10: SSE = 223.6981,,,,,,Run 96
Iteration 2: SSE = 242.3888,,,,,,,,,,,,-----
Iteration 3: SSE = 228.0692,,,,,,Run 85,,,,,,Iteration 1: SSE = 439.6128
Iteration 4: SSE = 224.985,,,,,,-----,,,,,,Iteration 2: SSE = 261.533
Iteration 5: SSE = 224.1643,,,,,,Iteration 1: SSE = 487.0429,,,,,,Iteration 3: SSE = 245.1222
Iteration 6: SSE = 223.8514,,,,,,Iteration 2: SSE = 256.8023,,,,,,Iteration 4: SSE = 240.6713
Iteration 7: SSE = 223.7691,,,,,,Iteration 3: SSE = 232.1808,,,,,,Iteration 5: SSE = 239.8814
,,,,,,Iteration 4: SSE = 226.5435,,,,,,Iteration 6: SSE = 239.2411
Run 86,,,,,,Iteration 5: SSE = 225.3944,,,,,,Iteration 7: SSE = 239.0389
-----,,,,,,Iteration 6: SSE = 224.7776,,,,,,
Iteration 1: SSE = 514.3239,,,,,,Iteration 7: SSE = 224.4218,,,,,,Run 97
Iteration 2: SSE = 242.3888,,,,,,Iteration 8: SSE = 224.1679,,,,,,-----
Iteration 3: SSE = 228.0692,,,,,,Iteration 9: SSE = 223.8949,,,,,,Iteration 1: SSE = 439.6128
Iteration 4: SSE = 224.985,,,,,,Iteration 10: SSE = 223.6981,,,,,,Iteration 2: SSE = 261.533
Iteration 5: SSE = 224.1643,,,,,,,,,,,,Iteration 3: SSE = 245.1222
Iteration 6: SSE = 223.8514,,,,,,Run 86,,,,,,Iteration 4: SSE = 240.6713
Iteration 7: SSE = 223.7691,,,,,,-----,,,,,,Iteration 5: SSE = 239.8814
,,,,,,Iteration 1: SSE = 487.0429,,,,,,Iteration 6: SSE = 239.2411
Run 87,,,,,,Iteration 2: SSE = 256.8023,,,,,,Iteration 7: SSE = 239.0389
-----,,,,,,Iteration 3: SSE = 232.1808,,,,,,
Iteration 1: SSE = 514.3239,,,,,,Iteration 4: SSE = 226.5435,,,,,,Run 98
Iteration 2: SSE = 242.3888,,,,,,Iteration 5: SSE = 225.3944,,,,,,-----
Iteration 3: SSE = 228.0692,,,,,,Iteration 6: SSE = 224.7776,,,,,,Iteration 1: SSE = 439.6128
Iteration 4: SSE = 224.985,,,,,,Iteration 7: SSE = 224.4218,,,,,,Iteration 2: SSE = 261.533
Iteration 5: SSE = 224.1643,,,,,,Iteration 8: SSE = 224.1679,,,,,,Iteration 3: SSE = 245.1222
Iteration 6: SSE = 223.8514,,,,,,Iteration 9: SSE = 223.8949,,,,,,Iteration 4: SSE = 240.6713
Iteration 7: SSE = 223.7691,,,,,,Iteration 10: SSE = 223.6981,,,,,,Iteration 5: SSE = 239.8814
,,,,,,,,,,,,Iteration 6: SSE = 239.2411
Run 88,,,,,,Run 87,,,,,,Iteration 7: SSE = 239.0389
-----,,,,,,-----,,,,,,
Iteration 1: SSE = 514.3239,,,,,,Iteration 1: SSE = 487.0429,,,,,,Run 99
Iteration 2: SSE = 242.3888,,,,,,Iteration 2: SSE = 256.8023,,,,,,-----
Iteration 3: SSE = 228.0692,,,,,,Iteration 3: SSE = 232.1808,,,,,,Iteration 1: SSE = 545.9135
Iteration 4: SSE = 224.985,,,,,,Iteration 4: SSE = 226.5435,,,,,,Iteration 2: SSE = 241.6734
Iteration 5: SSE = 224.1643,,,,,,Iteration 5: SSE = 225.3944,,,,,,Iteration 3: SSE = 229.7053
Iteration 6: SSE = 223.8514,,,,,,Iteration 6: SSE = 224.7776,,,,,,Iteration 4: SSE = 226.0035
Iteration 7: SSE = 223.7691,,,,,,Iteration 7: SSE = 224.4218,,,,,,Iteration 5: SSE = 224.5192
,,,,,,Iteration 8: SSE = 224.1679,,,,,,Iteration 6: SSE = 223.9949
Run 89,,,,,,Iteration 9: SSE = 223.8949,,,,,,Iteration 7: SSE = 223.7725
-----,,,,,,Iteration 10: SSE = 223.6981,,,,,,
Iteration 1: SSE = 344.3385,,,,,,,,,,,,Run 100
Iteration 2: SSE = 239.5946,,,,,,Run 88,,,,,,-----
Iteration 3: SSE = 236.4967,,,,,,-----,,,,,,Iteration 1: SSE = 545.9135
Iteration 4: SSE = 234.3281,,,,,,Iteration 1: SSE = 529.9702,,,,,,Iteration 2: SSE = 241.6734
Iteration 5: SSE = 231.7118,,,,,,Iteration 2: SSE = 243.8511,,,,,,Iteration 3: SSE = 229.7053
Iteration 6: SSE = 229.2882,,,,,,Iteration 3: SSE = 234.1866,,,,,,Iteration 4: SSE = 226.0035
Iteration 7: SSE = 228.3815,,,,,,Iteration 4: SSE = 231.1986,,,,,,Iteration 5: SSE = 224.5192
Iteration 8: SSE = 227.63,,,,,,Iteration 5: SSE = 228.6045,,,,,,Iteration 6: SSE = 223.9949
Iteration 9: SSE = 226.9894,,,,,,Iteration 6: SSE = 226.8531,,,,,,Iteration 7: SSE = 223.7725
Iteration 10: SSE = 226.8176,,,,,,Iteration 7: SSE = 225.6102,,,,,,
,,,,,,Iteration 8: SSE = 225.0918,,,,,,Best Run: 52 SSE: 223.5468
Run 90,,,,,,Iteration 9: SSE = 224.6215,,,,,,
-----,,,,,,Iteration 10: SSE = 224.115,,,,,,
Iteration 1: SSE = 344.3385,,,,,,Iteration 11: SSE = 223.877,,,,,,
Iteration 2: SSE = 239.5946,,,,,,Iteration 12: SSE = 223.74,,,,,,
Iteration 3: SSE = 236.4967,,,,,,,,,,,,
Iteration 4: SSE = 234.3281,,,,,,Run 89,,,,,,
Iteration 5: SSE = 231.7118,,,,,,-----,,,,,,
Iteration 6: SSE = 229.2882,,,,,,Iteration 1: SSE = 529.9702,,,,,,
Iteration 7: SSE = 228.3815,,,,,,Iteration 2: SSE = 243.8511,,,,,,
Iteration 8: SSE = 227.63,,,,,,Iteration 3: SSE = 234.1866,,,,,,
Iteration 9: SSE = 226.9894,,,,,,Iteration 4: SSE = 231.1986,,,,,,
Iteration 10: SSE = 226.8176,,,,,,Iteration 5: SSE = 228.6045,,,,,,
,,,,,,Iteration 6: SSE = 226.8531,,,,,,
Run 91,,,,,,Iteration 7: SSE = 225.6102,,,,,,
-----,,,,,,Iteration 8: SSE = 225.0918,,,,,,
Iteration 1: SSE = 344.3385,,,,,,Iteration 9: SSE = 224.6215,,,,,,
Iteration 2: SSE = 239.5946,,,,,,Iteration 10: SSE = 224.115,,,,,,
Iteration 3: SSE = 236.4967,,,,,,Iteration 11: SSE = 223.877,,,,,,
Iteration 4: SSE = 234.3281,,,,,,Iteration 12: SSE = 223.74,,,,,,
Iteration 5: SSE = 231.7118,,,,,,,,,,,,
Iteration 6: SSE = 229.2882,,,,,,Run 90,,,,,,
Iteration 7: SSE = 228.3815,,,,,,-----,,,,,,
Iteration 8: SSE = 227.63,,,,,,Iteration 1: SSE = 529.9702,,,,,,
Iteration 9: SSE = 226.9894,,,,,,Iteration 2: SSE = 243.8511,,,,,,
Iteration 10: SSE = 226.8176,,,,,,Iteration 3: SSE = 234.1866,,,,,,
,,,,,,Iteration 4: SSE = 231.1986,,,,,,
Run 92,,,,,,Iteration 5: SSE = 228.6045,,,,,,
-----,,,,,,Iteration 6: SSE = 226.8531,,,,,,
Iteration 1: SSE = 344.3385,,,,,,Iteration 7: SSE = 225.6102,,,,,,
Iteration 2: SSE = 239.5946,,,,,,Iteration 8: SSE = 225.0918,,,,,,
Iteration 3: SSE = 236.4967,,,,,,Iteration 9: SSE = 224.6215,,,,,,
Iteration 4: SSE = 234.3281,,,,,,Iteration 10: SSE = 224.115,,,,,,
Iteration 5: SSE = 231.7118,,,,,,Iteration 11: SSE = 223.877,,,,,,
Iteration 6: SSE = 229.2882,,,,,,Iteration 12: SSE = 223.74,,,,,,
Iteration 7: SSE = 228.3815,,,,,,,,,,,,
Iteration 8: SSE = 227.63,,,,,,Run 91,,,,,,
Iteration 9: SSE = 226.9894,,,,,,-----,,,,,,
Iteration 10: SSE = 226.8176,,,,,,Iteration 1: SSE = 529.9702,,,,,,
,,,,,,Iteration 2: SSE = 243.8511,,,,,,
Run 93,,,,,,Iteration 3: SSE = 234.1866,,,,,,
-----,,,,,,Iteration 4: SSE = 231.1986,,,,,,
Iteration 1: SSE = 344.3385,,,,,,Iteration 5: SSE = 228.6045,,,,,,
Iteration 2: SSE = 239.5946,,,,,,Iteration 6: SSE = 226.8531,,,,,,
Iteration 3: SSE = 236.4967,,,,,,Iteration 7: SSE = 225.6102,,,,,,
Iteration 4: SSE = 234.3281,,,,,,Iteration 8: SSE = 225.0918,,,,,,
Iteration 5: SSE = 231.7118,,,,,,Iteration 9: SSE = 224.6215,,,,,,
Iteration 6: SSE = 229.2882,,,,,,Iteration 10: SSE = 224.115,,,,,,
Iteration 7: SSE = 228.3815,,,,,,Iteration 11: SSE = 223.877,,,,,,
Iteration 8: SSE = 227.63,,,,,,Iteration 12: SSE = 223.74,,,,,,
Iteration 9: SSE = 226.9894,,,,,,,,,,,,
Iteration 10: SSE = 226.8176,,,,,,Run 92,,,,,,
,,,,,,-----,,,,,,
Run 94,,,,,,Iteration 1: SSE = 529.9702,,,,,,
-----,,,,,,Iteration 2: SSE = 243.8511,,,,,,
Iteration 1: SSE = 344.3385,,,,,,Iteration 3: SSE = 234.1866,,,,,,
Iteration 2: SSE = 239.5946,,,,,,Iteration 4: SSE = 231.1986,,,,,,
Iteration 3: SSE = 236.4967,,,,,,Iteration 5: SSE = 228.6045,,,,,,
Iteration 4: SSE = 234.3281,,,,,,Iteration 6: SSE = 226.8531,,,,,,
Iteration 5: SSE = 231.7118,,,,,,Iteration 7: SSE = 225.6102,,,,,,
Iteration 6: SSE = 229.2882,,,,,,Iteration 8: SSE = 225.0918,,,,,,
Iteration 7: SSE = 228.3815,,,,,,Iteration 9: SSE = 224.6215,,,,,,
Iteration 8: SSE = 227.63,,,,,,Iteration 10: SSE = 224.115,,,,,,
Iteration 9: SSE = 226.9894,,,,,,Iteration 11: SSE = 223.877,,,,,,
Iteration 10: SSE = 226.8176,,,,,,Iteration 12: SSE = 223.74,,,,,,
,,,,,,,,,,,,
Run 95,,,,,,Run 93,,,,,,
-----,,,,,,-----,,,,,,
Iteration 1: SSE = 344.3385,,,,,,Iteration 1: SSE = 529.9702,,,,,,
Iteration 2: SSE = 239.5946,,,,,,Iteration 2: SSE = 243.8511,,,,,,
Iteration 3: SSE = 236.4967,,,,,,Iteration 3: SSE = 234.1866,,,,,,
Iteration 4: SSE = 234.3281,,,,,,Iteration 4: SSE = 231.1986,,,,,,
Iteration 5: SSE = 231.7118,,,,,,Iteration 5: SSE = 228.6045,,,,,,
Iteration 6: SSE = 229.2882,,,,,,Iteration 6: SSE = 226.8531,,,,,,
Iteration 7: SSE = 228.3815,,,,,,Iteration 7: SSE = 225.6102,,,,,,
Iteration 8: SSE = 227.63,,,,,,Iteration 8: SSE = 225.0918,,,,,,
Iteration 9: SSE = 226.9894,,,,,,Iteration 9: SSE = 224.6215,,,,,,
Iteration 10: SSE = 226.8176,,,,,,Iteration 10: SSE = 224.115,,,,,,
,,,,,,Iteration 11: SSE = 223.877,,,,,,
Run 96,,,,,,Iteration 12: SSE = 223.74,,,,,,
-----,,,,,,,,,,,,
Iteration 1: SSE = 344.3385,,,,,,Run 94,,,,,,
Iteration 2: SSE = 239.5946,,,,,,-----,,,,,,
Iteration 3: SSE = 236.4967,,,,,,Iteration 1: SSE = 619.0411,,,,,,
Iteration 4: SSE = 234.3281,,,,,,Iteration 2: SSE = 306.7802,,,,,,
Iteration 5: SSE = 231.7118,,,,,,Iteration 3: SSE = 256.2467,,,,,,
Iteration 6: SSE = 229.2882,,,,,,Iteration 4: SSE = 238.7803,,,,,,
Iteration 7: SSE = 228.3815,,,,,,Iteration 5: SSE = 232.273,,,,,,
Iteration 8: SSE = 227.63,,,,,,Iteration 6: SSE = 227.8681,,,,,,
Iteration 9: SSE = 226.9894,,,,,,Iteration 7: SSE = 226.7306,,,,,,
Iteration 10: SSE = 226.8176,,,,,,Iteration 8: SSE = 226.2558,,,,,,
,,,,,,Iteration 9: SSE = 225.9621,,,,,,
Run 97,,,,,,Iteration 10: SSE = 225.8867,,,,,,
-----,,,,,,,,,,,,
Iteration 1: SSE = 509.2047,,,,,,Run 95,,,,,,
Iteration 2: SSE = 268.9306,,,,,,-----,,,,,,
Iteration 3: SSE = 257.782,,,,,,Iteration 1: SSE = 619.0411,,,,,,
Iteration 4: SSE = 250.1972,,,,,,Iteration 2: SSE = 306.7802,,,,,,
Iteration 5: SSE = 244.4562,,,,,,Iteration 3: SSE = 256.2467,,,,,,
Iteration 6: SSE = 239.9345,,,,,,Iteration 4: SSE = 238.7803,,,,,,
Iteration 7: SSE = 236.9816,,,,,,Iteration 5: SSE = 232.273,,,,,,
Iteration 8: SSE = 235.8561,,,,,,Iteration 6: SSE = 227.8681,,,,,,
Iteration 9: SSE = 234.5567,,,,,,Iteration 7: SSE = 226.7306,,,,,,
Iteration 10: SSE = 233.1183,,,,,,Iteration 8: SSE = 226.2558,,,,,,
Iteration 11: SSE = 232.1443,,,,,,Iteration 9: SSE = 225.9621,,,,,,
Iteration 12: SSE = 231.0747,,,,,,Iteration 10: SSE = 225.8867,,,,,,
Iteration 13: SSE = 229.9104,,,,,,,,,,,,
Iteration 14: SSE = 228.8957,,,,,,Run 96,,,,,,
Iteration 15: SSE = 228.0718,,,,,,-----,,,,,,
Iteration 16: SSE = 227.6975,,,,,,Iteration 1: SSE = 619.0411,,,,,,
Iteration 17: SSE = 227.3663,,,,,,Iteration 2: SSE = 306.7802,,,,,,
Iteration 18: SSE = 227.0136,,,,,,Iteration 3: SSE = 256.2467,,,,,,
Iteration 19: SSE = 226.7914,,,,,,Iteration 4: SSE = 238.7803,,,,,,
,,,,,,Iteration 5: SSE = 232.273,,,,,,
Run 98,,,,,,Iteration 6: SSE = 227.8681,,,,,,
-----,,,,,,Iteration 7: SSE = 226.7306,,,,,,
Iteration 1: SSE = 509.2047,,,,,,Iteration 8: SSE = 226.2558,,,,,,
Iteration 2: SSE = 268.9306,,,,,,Iteration 9: SSE = 225.9621,,,,,,
Iteration 3: SSE = 257.782,,,,,,Iteration 10: SSE = 225.8867,,,,,,
Iteration 4: SSE = 250.1972,,,,,,,,,,,,
Iteration 5: SSE = 244.4562,,,,,,Run 97,,,,,,
Iteration 6: SSE = 239.9345,,,,,,-----,,,,,,
Iteration 7: SSE = 236.9816,,,,,,Iteration 1: SSE = 619.0411,,,,,,
Iteration 8: SSE = 235.8561,,,,,,Iteration 2: SSE = 306.7802,,,,,,
Iteration 9: SSE = 234.5567,,,,,,Iteration 3: SSE = 256.2467,,,,,,
Iteration 10: SSE = 233.1183,,,,,,Iteration 4: SSE = 238.7803,,,,,,
Iteration 11: SSE = 232.1443,,,,,,Iteration 5: SSE = 232.273,,,,,,
Iteration 12: SSE = 231.0747,,,,,,Iteration 6: SSE = 227.8681,,,,,,
Iteration 13: SSE = 229.9104,,,,,,Iteration 7: SSE = 226.7306,,,,,,
Iteration 14: SSE = 228.8957,,,,,,Iteration 8: SSE = 226.2558,,,,,,
Iteration 15: SSE = 228.0718,,,,,,Iteration 9: SSE = 225.9621,,,,,,
Iteration 16: SSE = 227.6975,,,,,,Iteration 10: SSE = 225.8867,,,,,,
Iteration 17: SSE = 227.3663,,,,,,,,,,,,
Iteration 18: SSE = 227.0136,,,,,,Run 98,,,,,,
Iteration 19: SSE = 226.7914,,,,,,-----,,,,,,
,,,,,,Iteration 1: SSE = 619.0411,,,,,,
Run 99,,,,,,Iteration 2: SSE = 306.7802,,,,,,
-----,,,,,,Iteration 3: SSE = 256.2467,,,,,,
Iteration 1: SSE = 509.2047,,,,,,Iteration 4: SSE = 238.7803,,,,,,
Iteration 2: SSE = 268.9306,,,,,,Iteration 5: SSE = 232.273,,,,,,
Iteration 3: SSE = 257.782,,,,,,Iteration 6: SSE = 227.8681,,,,,,
Iteration 4: SSE = 250.1972,,,,,,Iteration 7: SSE = 226.7306,,,,,,
Iteration 5: SSE = 244.4562,,,,,,Iteration 8: SSE = 226.2558,,,,,,
Iteration 6: SSE = 239.9345,,,,,,Iteration 9: SSE = 225.9621,,,,,,
Iteration 7: SSE = 236.9816,,,,,,Iteration 10: SSE = 225.8867,,,,,,
Iteration 8: SSE = 235.8561,,,,,,,,,,,,
Iteration 9: SSE = 234.5567,,,,,,Run 99,,,,,,
Iteration 10: SSE = 233.1183,,,,,,-----,,,,,,
Iteration 11: SSE = 232.1443,,,,,,Iteration 1: SSE = 619.0411,,,,,,
Iteration 12: SSE = 231.0747,,,,,,Iteration 2: SSE = 306.7802,,,,,,
Iteration 13: SSE = 229.9104,,,,,,Iteration 3: SSE = 256.2467,,,,,,
Iteration 14: SSE = 228.8957,,,,,,Iteration 4: SSE = 238.7803,,,,,,
Iteration 15: SSE = 228.0718,,,,,,Iteration 5: SSE = 232.273,,,,,,
Iteration 16: SSE = 227.6975,,,,,,Iteration 6: SSE = 227.8681,,,,,,
Iteration 17: SSE = 227.3663,,,,,,Iteration 7: SSE = 226.7306,,,,,,
Iteration 18: SSE = 227.0136,,,,,,Iteration 8: SSE = 226.2558,,,,,,
Iteration 19: SSE = 226.7914,,,,,,Iteration 9: SSE = 225.9621,,,,,,
,,,,,,Iteration 10: SSE = 225.8867,,,,,,
Run 100,,,,,,,,,,,,
-----,,,,,,Run 100,,,,,,
Iteration 1: SSE = 509.2047,,,,,,-----,,,,,,
Iteration 2: SSE = 268.9306,,,,,,Iteration 1: SSE = 619.0411,,,,,,
Iteration 3: SSE = 257.782,,,,,,Iteration 2: SSE = 306.7802,,,,,,
Iteration 4: SSE = 250.1972,,,,,,Iteration 3: SSE = 256.2467,,,,,,
Iteration 5: SSE = 244.4562,,,,,,Iteration 4: SSE = 238.7803,,,,,,
Iteration 6: SSE = 239.9345,,,,,,Iteration 5: SSE = 232.273,,,,,,
Iteration 7: SSE = 236.9816,,,,,,Iteration 6: SSE = 227.8681,,,,,,
Iteration 8: SSE = 235.8561,,,,,,Iteration 7: SSE = 226.7306,,,,,,
Iteration 9: SSE = 234.5567,,,,,,Iteration 8: SSE = 226.2558,,,,,,
Iteration 10: SSE = 233.1183,,,,,,Iteration 9: SSE = 225.9621,,,,,,
Iteration 11: SSE = 232.1443,,,,,,Iteration 10: SSE = 225.8867,,,,,,
Iteration 12: SSE = 231.0747,,,,,,,,,,,,
Iteration 13: SSE = 229.9104,,,,,,Best Run: 35 SSE: 223.6502,,,,,,
Iteration 14: SSE = 228.8957,,,,,,,,,,,,
Iteration 15: SSE = 228.0718,,,,,,,,,,,,
Iteration 16: SSE = 227.6975,,,,,,,,,,,,
Iteration 17: SSE = 227.3663,,,,,,,,,,,,
Iteration 18: SSE = 227.0136,,,,,,,,,,,,
Iteration 19: SSE = 226.7914,,,,,,,,,,,,
,,,,,,,,,,,,
Best Run: 10 SSE: 223.6847,,,,,,,,,,,,
